{
  "hyperparams": {
    "batch_size": 256,
    "dropout_rate": 0.2022827924783412,
    "hidden_dim": 1024,
    "lead_time_embedding_dim": 4,
    "learning_rate": 2.0622519644155254e-05,
    "min_delta": 0.0005084696520534395,
    "num_layers": 10,
    "patience": 15,
    "weight_decay": 9.188545901129777e-05
  },
  "loss": 0.07323723286390305,
  "epochs_trained": 210,
  "architecture": "mlp",
  "mode": "per_lt_snapshot",
  "snapshot_objective_runs": 3,
  "snapshot_epochs": 210,
  "n_snapshots": null,
  "cell_info": "india"
}