{
  "hyperparams": {
    "batch_size": 256,
    "dropout_rate": 0.23403933080502817,
    "hidden_dim": 1024,
    "lead_time_embedding_dim": 4,
    "learning_rate": 5.654435091185685e-05,
    "min_delta": 0.0007970525723631649,
    "num_layers": 5,
    "patience": 15,
    "weight_decay": 0.00041079881169990177
  },
  "loss": 0.06954099982976913,
  "epochs_trained": 210,
  "architecture": "mlp",
  "mode": "per_lt_snapshot",
  "snapshot_objective_runs": 3,
  "snapshot_epochs": 210,
  "n_snapshots": null,
  "cell_info": "india"
}