{
  "hyperparams": {
    "batch_size": 256,
    "dropout_rate": 0.11771897257431765,
    "hidden_dim": 128,
    "lead_time_embedding_dim": 16,
    "learning_rate": 0.004761738027568097,
    "min_delta": 1.3875640046194178e-05,
    "num_layers": 8,
    "patience": 25,
    "weight_decay": 0.00022794340809888176
  },
  "loss": 0.07147402316331863,
  "epochs_trained": 210,
  "architecture": "mlp",
  "mode": "per_lt_snapshot",
  "snapshot_objective_runs": 3,
  "snapshot_epochs": 210,
  "n_snapshots": null,
  "cell_info": "india"
}