{
  "hyperparams": {
    "batch_size": 256,
    "dropout_rate": 0.27916383297076075,
    "hidden_dim": 256,
    "lead_time_embedding_dim": 4,
    "learning_rate": 1.2427211774834915e-05,
    "min_delta": 0.00018851023888638254,
    "num_layers": 2,
    "patience": 15,
    "weight_decay": 2.8313667491322435e-06
  },
  "loss": 0.07833284884691238,
  "epochs_trained": 210,
  "architecture": "mlp",
  "mode": "per_lt_snapshot",
  "snapshot_objective_runs": 3,
  "snapshot_epochs": 210,
  "n_snapshots": null,
  "cell_info": "india"
}