{
  "hyperparams": {
    "batch_size": 128,
    "dropout_rate": 0.11337067980721133,
    "hidden_dim": 256,
    "lead_time_embedding_dim": 16,
    "learning_rate": 0.00031057760924429464,
    "min_delta": 0.00011386894765025719,
    "num_layers": 2,
    "patience": 100,
    "weight_decay": 8.059851939397948e-06
  },
  "loss": 0.06886390596628189,
  "epochs_trained": 210,
  "architecture": "mlp",
  "mode": "per_lt_snapshot",
  "snapshot_objective_runs": 3,
  "snapshot_epochs": 210,
  "n_snapshots": null,
  "cell_info": "india"
}