{
  "hyperparams": {
    "batch_size": 128,
    "dropout_rate": 0.1359470002729189,
    "hidden_dim": 128,
    "lead_time_embedding_dim": 4,
    "learning_rate": 0.00025917432061155633,
    "min_delta": 0.0005371765582791817,
    "num_layers": 2,
    "patience": 100,
    "weight_decay": 1.0019809163732026e-06
  },
  "loss": 0.0685887485742569,
  "epochs_trained": 210,
  "architecture": "mlp",
  "mode": "per_lt_snapshot",
  "snapshot_objective_runs": 3,
  "snapshot_epochs": 210,
  "n_snapshots": null,
  "cell_info": "india"
}