{
  "hyperparams": {
    "batch_size": 64,
    "dropout_rate": 0.17921020871156843,
    "hidden_dim": 512,
    "lead_time_embedding_dim": 8,
    "learning_rate": 4.9600169312177505e-05,
    "min_delta": 0.000981406326599845,
    "num_layers": 3,
    "patience": 20,
    "weight_decay": 0.0005692845459381732
  },
  "loss": 0.0686565563082695,
  "epochs_trained": 210,
  "architecture": "mlp",
  "mode": "per_lt_snapshot",
  "snapshot_objective_runs": 3,
  "snapshot_epochs": 210,
  "n_snapshots": null,
  "cell_info": "india"
}