{
  "hyperparams": {
    "batch_size": 256,
    "dropout_rate": 0.2684746196021905,
    "hidden_dim": 1024,
    "lead_time_embedding_dim": 4,
    "learning_rate": 1.6792445422974737e-06,
    "min_delta": 0.0008748485651745579,
    "num_layers": 8,
    "patience": 100,
    "weight_decay": 0.00016721268336649186
  },
  "loss": 0.08059811592102051,
  "epochs_trained": 210,
  "architecture": "mlp",
  "mode": "per_lt_snapshot",
  "snapshot_objective_runs": 3,
  "snapshot_epochs": 210,
  "n_snapshots": null,
  "cell_info": "india"
}