{
  "hyperparams": {
    "batch_size": 128,
    "dropout_rate": 0.26290992340002384,
    "hidden_dim": 1024,
    "lead_time_embedding_dim": 16,
    "learning_rate": 0.001988576012668719,
    "min_delta": 0.0002821288701213576,
    "num_layers": 2,
    "patience": 50,
    "weight_decay": 3.989228407098722e-06
  },
  "loss": 0.06897615641355515,
  "epochs_trained": 210,
  "architecture": "mlp",
  "mode": "per_lt_snapshot",
  "snapshot_objective_runs": 3,
  "snapshot_epochs": 210,
  "n_snapshots": null,
  "cell_info": "india"
}