{
  "hyperparams": {
    "batch_size": 256,
    "dropout_rate": 0.2561597376711171,
    "hidden_dim": 128,
    "lead_time_embedding_dim": 16,
    "learning_rate": 0.0001690600967168285,
    "min_delta": 0.00015747375757838603,
    "num_layers": 6,
    "patience": 50,
    "weight_decay": 0.00010871426476235369
  },
  "loss": 0.07077829539775848,
  "epochs_trained": 210,
  "architecture": "mlp",
  "mode": "per_lt_snapshot",
  "snapshot_objective_runs": 3,
  "snapshot_epochs": 210,
  "n_snapshots": null,
  "cell_info": "india"
}