{
  "hyperparams": {
    "batch_size": 128,
    "dropout_rate": 0.2993633841392514,
    "hidden_dim": 256,
    "lead_time_embedding_dim": 4,
    "learning_rate": 0.002481558471347316,
    "min_delta": 0.0003936270185238675,
    "num_layers": 2,
    "patience": 50,
    "weight_decay": 0.00013782107683470092
  },
  "loss": 0.06861627101898193,
  "epochs_trained": 210,
  "architecture": "mlp",
  "mode": "per_lt_snapshot",
  "snapshot_objective_runs": 3,
  "snapshot_epochs": 210,
  "n_snapshots": null,
  "cell_info": "india"
}