{
  "hyperparams": {
    "batch_size": 128,
    "dropout_rate": 0.21090551265772695,
    "hidden_dim": 1024,
    "lead_time_embedding_dim": 16,
    "learning_rate": 0.005887024266412027,
    "min_delta": 6.0676972889655624e-05,
    "num_layers": 3,
    "patience": 25,
    "weight_decay": 0.000285560481570132
  },
  "loss": 0.0728442519903183,
  "epochs_trained": 210,
  "architecture": "mlp",
  "mode": "per_lt_snapshot",
  "snapshot_objective_runs": 3,
  "snapshot_epochs": 210,
  "n_snapshots": null,
  "cell_info": "india"
}