{
  "hyperparams": {
    "batch_size": 256,
    "dropout_rate": 0.22507256787466273,
    "hidden_dim": 1024,
    "lead_time_embedding_dim": 4,
    "learning_rate": 8.853189300336797e-05,
    "min_delta": 0.0009582790379121422,
    "num_layers": 4,
    "patience": 15,
    "weight_decay": 0.000829120198302685
  },
  "loss": 0.06883593648672104,
  "epochs_trained": 210,
  "architecture": "mlp",
  "mode": "per_lt_snapshot",
  "snapshot_objective_runs": 3,
  "snapshot_epochs": 210,
  "n_snapshots": null,
  "cell_info": "india"
}