{
  "hyperparams": {
    "batch_size": 256,
    "dropout_rate": 0.20973479712681273,
    "hidden_dim": 1024,
    "lead_time_embedding_dim": 4,
    "learning_rate": 3.7297809337502194e-05,
    "min_delta": 0.0008171862595704739,
    "num_layers": 2,
    "patience": 15,
    "weight_decay": 0.00011184496715285941
  },
  "loss": 0.06779348850250244,
  "epochs_trained": 210,
  "architecture": "mlp",
  "mode": "per_lt_snapshot",
  "snapshot_objective_runs": 3,
  "snapshot_epochs": 210,
  "n_snapshots": null,
  "cell_info": "india"
}