{
  "hyperparams": {
    "batch_size": 128,
    "dropout_rate": 0.2756805512133874,
    "hidden_dim": 256,
    "lead_time_embedding_dim": 4,
    "learning_rate": 0.00020890009637859958,
    "min_delta": 0.00024774755802887467,
    "num_layers": 2,
    "patience": 50,
    "weight_decay": 4.801873592794903e-06
  },
  "loss": 0.0683126375079155,
  "epochs_trained": 210,
  "architecture": "mlp",
  "mode": "per_lt_snapshot",
  "snapshot_objective_runs": 3,
  "snapshot_epochs": 210,
  "n_snapshots": null,
  "cell_info": "india"
}