{
  "hyperparams": {
    "batch_size": 256,
    "dropout_rate": 0.16963044967339327,
    "hidden_dim": 1024,
    "lead_time_embedding_dim": 16,
    "learning_rate": 0.00517630447508773,
    "min_delta": 0.00045767369279334826,
    "num_layers": 6,
    "patience": 100,
    "weight_decay": 3.4760670247860714e-06
  },
  "loss": 0.0710534080862999,
  "epochs_trained": 210,
  "architecture": "mlp",
  "mode": "per_lt_snapshot",
  "snapshot_objective_runs": 3,
  "snapshot_epochs": 210,
  "n_snapshots": null,
  "cell_info": "india"
}