{
  "hyperparams": {
    "batch_size": 64,
    "dropout_rate": 0.18939368487402725,
    "hidden_dim": 512,
    "lead_time_embedding_dim": 8,
    "learning_rate": 4.9753787980667874e-05,
    "min_delta": 0.0009969114128554738,
    "num_layers": 3,
    "patience": 20,
    "weight_decay": 0.000991873538321386
  },
  "loss": 0.06863199174404144,
  "epochs_trained": 210,
  "architecture": "mlp",
  "mode": "per_lt_snapshot",
  "snapshot_objective_runs": 3,
  "snapshot_epochs": 210,
  "n_snapshots": null,
  "cell_info": "india"
}