{
  "hyperparams": {
    "batch_size": 64,
    "dropout_rate": 0.22695826444387485,
    "hidden_dim": 512,
    "lead_time_embedding_dim": 8,
    "learning_rate": 0.00012268344597506087,
    "min_delta": 0.000124300442814746,
    "num_layers": 8,
    "patience": 20,
    "weight_decay": 3.565504706849781e-05
  },
  "loss": 0.07219585031270981,
  "epochs_trained": 210,
  "architecture": "mlp",
  "mode": "per_lt_snapshot",
  "snapshot_objective_runs": 3,
  "snapshot_epochs": 210,
  "n_snapshots": null,
  "cell_info": "india"
}