{
  "hyperparams": {
    "batch_size": 128,
    "dropout_rate": 0.10119050443347416,
    "hidden_dim": 256,
    "lead_time_embedding_dim": 16,
    "learning_rate": 0.00013090606421150295,
    "min_delta": 0.00018434012811489772,
    "num_layers": 2,
    "patience": 100,
    "weight_decay": 1.1322283505433506e-05
  },
  "loss": 0.06824830919504166,
  "epochs_trained": 210,
  "architecture": "mlp",
  "mode": "per_lt_snapshot",
  "snapshot_objective_runs": 3,
  "snapshot_epochs": 210,
  "n_snapshots": null,
  "cell_info": "india"
}