{
  "hyperparams": {
    "batch_size": 128,
    "dropout_rate": 0.12098052360470954,
    "hidden_dim": 1024,
    "lead_time_embedding_dim": 16,
    "learning_rate": 1.0389794753371582e-06,
    "min_delta": 0.000625808040337032,
    "num_layers": 2,
    "patience": 50,
    "weight_decay": 1.7792041350782585e-05
  },
  "loss": 0.07530301064252853,
  "epochs_trained": 210,
  "architecture": "mlp",
  "mode": "per_lt_snapshot",
  "snapshot_objective_runs": 3,
  "snapshot_epochs": 210,
  "n_snapshots": null,
  "cell_info": "india"
}