{
  "hyperparams": {
    "batch_size": 128,
    "dropout_rate": 0.10066794036918278,
    "hidden_dim": 128,
    "lead_time_embedding_dim": 16,
    "learning_rate": 0.0004104841392868508,
    "min_delta": 0.000297627969450733,
    "num_layers": 5,
    "patience": 100,
    "weight_decay": 1.114779879496898e-05
  },
  "loss": 0.07125528901815414,
  "epochs_trained": 210,
  "architecture": "mlp",
  "mode": "per_lt_snapshot",
  "snapshot_objective_runs": 3,
  "snapshot_epochs": 210,
  "n_snapshots": null,
  "cell_info": "india"
}