{
  "hyperparams": {
    "batch_size": 256,
    "dropout_rate": 0.20707313671565705,
    "hidden_dim": 1024,
    "lead_time_embedding_dim": 4,
    "learning_rate": 3.194211453574729e-05,
    "min_delta": 0.0009210668211095183,
    "num_layers": 8,
    "patience": 15,
    "weight_decay": 0.00023194695528909435
  },
  "loss": 0.07066144049167633,
  "epochs_trained": 210,
  "architecture": "mlp",
  "mode": "per_lt_snapshot",
  "snapshot_objective_runs": 3,
  "snapshot_epochs": 210,
  "n_snapshots": null,
  "cell_info": "india"
}