{
  "hyperparams": {
    "batch_size": 128,
    "dropout_rate": 0.14690381456003265,
    "hidden_dim": 64,
    "lead_time_embedding_dim": 4,
    "learning_rate": 0.0007421717664537858,
    "min_delta": 8.059318017134858e-05,
    "num_layers": 2,
    "patience": 100,
    "weight_decay": 8.731799262798158e-06
  },
  "loss": 0.06896790862083435,
  "epochs_trained": 210,
  "architecture": "mlp",
  "mode": "per_lt_snapshot",
  "snapshot_objective_runs": 3,
  "snapshot_epochs": 210,
  "n_snapshots": null,
  "cell_info": "india"
}