{
  "hyperparams": {
    "batch_size": 256,
    "dropout_rate": 0.22358774140911214,
    "hidden_dim": 1024,
    "lead_time_embedding_dim": 4,
    "learning_rate": 4.3569351516903465e-05,
    "min_delta": 0.0008624151355886027,
    "num_layers": 3,
    "patience": 15,
    "weight_decay": 0.0005028399755182502
  },
  "loss": 0.06815385818481445,
  "epochs_trained": 210,
  "architecture": "mlp",
  "mode": "per_lt_snapshot",
  "snapshot_objective_runs": 3,
  "snapshot_epochs": 210,
  "n_snapshots": null,
  "cell_info": "india"
}