{
  "hyperparams": {
    "batch_size": 256,
    "dropout_rate": 0.1869919570009549,
    "hidden_dim": 128,
    "lead_time_embedding_dim": 16,
    "learning_rate": 1.6914941740390722e-05,
    "min_delta": 2.6237856823687728e-05,
    "num_layers": 2,
    "patience": 100,
    "weight_decay": 1.344390790705732e-05
  },
  "loss": 0.08154464513063431,
  "epochs_trained": 210,
  "architecture": "mlp",
  "mode": "per_lt_snapshot",
  "snapshot_objective_runs": 3,
  "snapshot_epochs": 210,
  "n_snapshots": null,
  "cell_info": "india"
}