{
  "hyperparams": {
    "batch_size": 256,
    "dropout_rate": 0.12065678372327791,
    "hidden_dim": 64,
    "lead_time_embedding_dim": 4,
    "learning_rate": 3.2832911335306165e-06,
    "min_delta": 0.0005950878062660539,
    "num_layers": 2,
    "patience": 50,
    "weight_decay": 2.5030249672366047e-06
  },
  "loss": 0.09596241265535355,
  "epochs_trained": 210,
  "architecture": "mlp",
  "mode": "per_lt_snapshot",
  "snapshot_objective_runs": 3,
  "snapshot_epochs": 210,
  "n_snapshots": null,
  "cell_info": "india"
}