{
  "hyperparams": {
    "batch_size": 256,
    "dropout_rate": 0.23144360447312937,
    "hidden_dim": 1024,
    "lead_time_embedding_dim": 4,
    "learning_rate": 0.0001153161527299458,
    "min_delta": 0.0007103077769565443,
    "num_layers": 6,
    "patience": 15,
    "weight_decay": 0.00014296100936864116
  },
  "loss": 0.07095993310213089,
  "epochs_trained": 210,
  "architecture": "mlp",
  "mode": "per_lt_snapshot",
  "snapshot_objective_runs": 3,
  "snapshot_epochs": 210,
  "n_snapshots": null,
  "cell_info": "india"
}