{
  "hyperparams": {
    "batch_size": 128,
    "dropout_rate": 0.12938043834592555,
    "hidden_dim": 512,
    "lead_time_embedding_dim": 8,
    "learning_rate": 1.7276647586278283e-06,
    "min_delta": 0.00017750222848169828,
    "num_layers": 3,
    "patience": 30,
    "weight_decay": 8.229321791290372e-05
  },
  "loss": 0.0789729505777359,
  "epochs_trained": 210,
  "architecture": "mlp",
  "mode": "per_lt_snapshot",
  "snapshot_objective_runs": 3,
  "snapshot_epochs": 210,
  "n_snapshots": null,
  "cell_info": "india"
}