{
  "hyperparams": {
    "batch_size": 128,
    "dropout_rate": 0.12436010841044824,
    "hidden_dim": 256,
    "lead_time_embedding_dim": 16,
    "learning_rate": 2.0031321527305887e-05,
    "min_delta": 0.00020989624122672883,
    "num_layers": 2,
    "patience": 100,
    "weight_decay": 2.0956021629679487e-05
  },
  "loss": 0.0702187642455101,
  "epochs_trained": 210,
  "architecture": "mlp",
  "mode": "per_lt_snapshot",
  "snapshot_objective_runs": 3,
  "snapshot_epochs": 210,
  "n_snapshots": null,
  "cell_info": "india"
}