{
  "hyperparams": {
    "batch_size": 128,
    "dropout_rate": 0.10081803452837115,
    "hidden_dim": 256,
    "lead_time_embedding_dim": 16,
    "learning_rate": 0.00011632128273173028,
    "min_delta": 0.00016529489658000495,
    "num_layers": 2,
    "patience": 100,
    "weight_decay": 9.78490957952228e-06
  },
  "loss": 0.06825500726699829,
  "epochs_trained": 210,
  "architecture": "mlp",
  "mode": "per_lt_snapshot",
  "snapshot_objective_runs": 3,
  "snapshot_epochs": 210,
  "n_snapshots": null,
  "cell_info": "india"
}