{
  "hyperparams": {
    "batch_size": 64,
    "dropout_rate": 0.2032431055650914,
    "hidden_dim": 64,
    "lead_time_embedding_dim": 8,
    "learning_rate": 0.00039307239701260433,
    "min_delta": 0.00013735996468609258,
    "num_layers": 6,
    "patience": 100,
    "weight_decay": 1.267091871695451e-06
  },
  "loss": 0.07095807790756226,
  "epochs_trained": 210,
  "architecture": "mlp",
  "mode": "per_lt_snapshot",
  "snapshot_objective_runs": 3,
  "snapshot_epochs": 210,
  "n_snapshots": null,
  "cell_info": "india"
}