{
  "hyperparams": {
    "batch_size": 256,
    "dropout_rate": 0.21813831627500957,
    "hidden_dim": 1024,
    "lead_time_embedding_dim": 4,
    "learning_rate": 0.00018785169071323856,
    "min_delta": 0.000682236456283779,
    "num_layers": 2,
    "patience": 15,
    "weight_decay": 6.217302630232912e-05
  },
  "loss": 0.06823081523180008,
  "epochs_trained": 210,
  "architecture": "mlp",
  "mode": "per_lt_snapshot",
  "snapshot_objective_runs": 3,
  "snapshot_epochs": 210,
  "n_snapshots": null,
  "cell_info": "india"
}