{
  "hyperparams": {
    "batch_size": 256,
    "dropout_rate": 0.21926880581826536,
    "hidden_dim": 64,
    "lead_time_embedding_dim": 4,
    "learning_rate": 0.00022074389549355558,
    "min_delta": 0.0003700551162383437,
    "num_layers": 4,
    "patience": 15,
    "weight_decay": 0.00026470265689453325
  },
  "loss": 0.07055512815713882,
  "epochs_trained": 210,
  "architecture": "mlp",
  "mode": "per_lt_snapshot",
  "snapshot_objective_runs": 3,
  "snapshot_epochs": 210,
  "n_snapshots": null,
  "cell_info": "india"
}