{
  "hyperparams": {
    "batch_size": 256,
    "dropout_rate": 0.21353541312544408,
    "hidden_dim": 1024,
    "lead_time_embedding_dim": 4,
    "learning_rate": 1.3531610548043302e-06,
    "min_delta": 0.0008004318966754208,
    "num_layers": 2,
    "patience": 15,
    "weight_decay": 0.000690908048298624
  },
  "loss": 0.07998795807361603,
  "epochs_trained": 210,
  "architecture": "mlp",
  "mode": "per_lt_snapshot",
  "snapshot_objective_runs": 3,
  "snapshot_epochs": 210,
  "n_snapshots": null,
  "cell_info": "india"
}