{
  "hyperparams": {
    "batch_size": 128,
    "dropout_rate": 0.25843935542531343,
    "hidden_dim": 1024,
    "lead_time_embedding_dim": 8,
    "learning_rate": 9.384117826958744e-06,
    "min_delta": 0.000287495796217639,
    "num_layers": 10,
    "patience": 50,
    "weight_decay": 0.0009683820235174023
  },
  "loss": 0.07303685694932938,
  "epochs_trained": 210,
  "architecture": "mlp",
  "mode": "per_lt_snapshot",
  "snapshot_objective_runs": 3,
  "snapshot_epochs": 210,
  "n_snapshots": null,
  "cell_info": "india"
}