{
  "hyperparams": {
    "batch_size": 128,
    "dropout_rate": 0.1377845008844838,
    "hidden_dim": 1024,
    "lead_time_embedding_dim": 16,
    "learning_rate": 7.329313236636189e-06,
    "min_delta": 0.00047723012997170867,
    "num_layers": 4,
    "patience": 15,
    "weight_decay": 0.0005549254336457348
  },
  "loss": 0.06954412907361984,
  "epochs_trained": 210,
  "architecture": "mlp",
  "mode": "per_lt_snapshot",
  "snapshot_objective_runs": 3,
  "snapshot_epochs": 210,
  "n_snapshots": null,
  "cell_info": "india"
}