{
  "hyperparams": {
    "batch_size": 128,
    "dropout_rate": 0.15394790580881318,
    "hidden_dim": 256,
    "lead_time_embedding_dim": 16,
    "learning_rate": 5.289164337599198e-05,
    "min_delta": 0.00044193762574264774,
    "num_layers": 2,
    "patience": 100,
    "weight_decay": 5.651073865020998e-06
  },
  "loss": 0.06850621104240417,
  "epochs_trained": 210,
  "architecture": "mlp",
  "mode": "per_lt_snapshot",
  "snapshot_objective_runs": 3,
  "snapshot_epochs": 210,
  "n_snapshots": null,
  "cell_info": "india"
}