{
  "hyperparams": {
    "batch_size": 256,
    "dropout_rate": 0.18178258731724287,
    "hidden_dim": 1024,
    "lead_time_embedding_dim": 16,
    "learning_rate": 0.0005668805715523957,
    "min_delta": 2.010866953735226e-05,
    "num_layers": 2,
    "patience": 30,
    "weight_decay": 7.713117074122934e-06
  },
  "loss": 0.05203179938175136,
  "epochs_trained": 300,
  "architecture": "mlp"
}