{
  "hyperparams": {
    "batch_size": 256,
    "dropout_rate": 0.14351415712123705,
    "hidden_dim": 1024,
    "lead_time_embedding_dim": 16,
    "learning_rate": 0.00016760710857574335,
    "min_delta": 1.782408297229258e-05,
    "num_layers": 2,
    "patience": 30,
    "weight_decay": 2.8491152610767824e-06
  },
  "loss": 0.05160025211594647,
  "epochs_trained": 300,
  "architecture": "mlp"
}