{
  "hyperparams": {
    "batch_size": 128,
    "dropout_rate": 0.14252863854665943,
    "hidden_dim": 1024,
    "lead_time_embedding_dim": 16,
    "learning_rate": 0.0001105696648515316,
    "min_delta": 2.2435695776601828e-05,
    "num_layers": 3,
    "patience": 30,
    "weight_decay": 1.7593284159837804e-06
  },
  "loss": 0.053700239342801714,
  "epochs_trained": 208,
  "architecture": "mlp"
}