{
  "hyperparams": {
    "batch_size": 256,
    "dropout_rate": 0.11616675327475282,
    "hidden_dim": 1024,
    "lead_time_embedding_dim": 16,
    "learning_rate": 0.0002124162449777376,
    "min_delta": 1.0368746521560797e-05,
    "num_layers": 2,
    "patience": 30,
    "weight_decay": 1.8743937035797313e-06
  },
  "loss": 0.05239764011047153,
  "epochs_trained": 230,
  "architecture": "mlp"
}