{
  "hyperparams": {
    "batch_size": 64,
    "dropout_rate": 0.150194826189039,
    "hidden_dim": 1024,
    "lead_time_embedding_dim": 32,
    "learning_rate": 0.0010278768679603425,
    "min_delta": 2.448372943131521e-05,
    "num_layers": 3,
    "patience": 20,
    "weight_decay": 2.5611248735893423e-05
  },
  "loss": 0.057892760869884714,
  "epochs_trained": 223,
  "architecture": "mlp"
}