{
  "hyperparams": {
    "batch_size": 256,
    "dropout_rate": 0.19319097565044738,
    "hidden_dim": 1024,
    "lead_time_embedding_dim": 16,
    "learning_rate": 0.0001522392448153019,
    "min_delta": 2.811717582377184e-05,
    "num_layers": 2,
    "patience": 30,
    "weight_decay": 8.726255464950056e-06
  },
  "loss": 0.05171966504180995,
  "epochs_trained": 290,
  "architecture": "mlp"
}