{
  "hyperparams": {
    "batch_size": 256,
    "dropout_rate": 0.21403491933902857,
    "hidden_dim": 128,
    "lead_time_embedding_dim": 16,
    "learning_rate": 0.005183532028766594,
    "min_delta": 0.00028955748218469757,
    "num_layers": 4,
    "patience": 30,
    "weight_decay": 4.41377667042117e-05
  },
  "loss": 0.07144123457604214,
  "epochs_trained": 124,
  "architecture": "mlp"
}