{
  "hyperparams": {
    "batch_size": 256,
    "dropout_rate": 0.2195069373749352,
    "hidden_dim": 512,
    "lead_time_embedding_dim": 8,
    "learning_rate": 0.00018919196501765003,
    "min_delta": 0.0004658978875231465,
    "num_layers": 5,
    "patience": 20,
    "weight_decay": 2.4486588040269213e-06
  },
  "loss": 0.05960352836131637,
  "epochs_trained": 145,
  "architecture": "mlp"
}