{
  "hyperparams": {
    "batch_size": 256,
    "dropout_rate": 0.11253212727721253,
    "hidden_dim": 512,
    "lead_time_embedding_dim": 8,
    "learning_rate": 0.0009803989995115702,
    "min_delta": 0.0002171002897388157,
    "num_layers": 2,
    "patience": 15,
    "weight_decay": 8.845051620117533e-05
  },
  "loss": 0.05847214072117756,
  "epochs_trained": 120,
  "architecture": "mlp"
}