{
  "hyperparams": {
    "batch_size": 256,
    "dropout_rate": 0.17311011190030123,
    "hidden_dim": 1024,
    "lead_time_embedding_dim": 16,
    "learning_rate": 0.00024227268442510595,
    "min_delta": 2.3364850204084444e-05,
    "num_layers": 2,
    "patience": 30,
    "weight_decay": 5.3270563521025954e-06
  },
  "loss": 0.05291646835850734,
  "epochs_trained": 243,
  "architecture": "mlp"
}