{
  "hyperparams": {
    "batch_size": 256,
    "dropout_rate": 0.16296097055588174,
    "hidden_dim": 1024,
    "lead_time_embedding_dim": 16,
    "learning_rate": 0.000165072891266274,
    "min_delta": 1.199154593411864e-05,
    "num_layers": 2,
    "patience": 30,
    "weight_decay": 4.826316688639121e-06
  },
  "loss": 0.05201569414400037,
  "epochs_trained": 292,
  "architecture": "mlp"
}