{
  "hyperparams": {
    "batch_size": 256,
    "dropout_rate": 0.24935405775730204,
    "hidden_dim": 512,
    "lead_time_embedding_dim": 16,
    "learning_rate": 0.000700811551630355,
    "min_delta": 4.289728557491545e-05,
    "num_layers": 4,
    "patience": 30,
    "weight_decay": 0.0002450930099956351
  },
  "loss": 0.06398366543764061,
  "epochs_trained": 300,
  "architecture": "mlp"
}