{
  "hyperparams": {
    "batch_size": 128,
    "dropout_rate": 0.24384949308542395,
    "hidden_dim": 512,
    "lead_time_embedding_dim": 8,
    "learning_rate": 0.0011611739472820787,
    "min_delta": 3.0365603821763204e-05,
    "num_layers": 2,
    "patience": 30,
    "weight_decay": 1.4333130179132976e-05
  },
  "loss": 0.05633630842022005,
  "epochs_trained": 300,
  "architecture": "mlp"
}