{
  "hyperparams": {
    "batch_size": 64,
    "dropout_rate": 0.25343576748197494,
    "hidden_dim": 64,
    "lead_time_embedding_dim": 8,
    "learning_rate": 0.0031390146834424306,
    "min_delta": 0.00019948454585553773,
    "num_layers": 6,
    "patience": 25,
    "weight_decay": 0.0007311923143277619
  },
  "loss": 0.08267234460017811,
  "epochs_trained": 226,
  "architecture": "mlp"
}