{
  "hyperparams": {
    "batch_size": 256,
    "dropout_rate": 0.15451821434356006,
    "hidden_dim": 1024,
    "lead_time_embedding_dim": 16,
    "learning_rate": 0.00013985490532665457,
    "min_delta": 1.3000378486589234e-05,
    "num_layers": 6,
    "patience": 30,
    "weight_decay": 3.868033200205556e-06
  },
  "loss": 0.05705881386462518,
  "epochs_trained": 193,
  "architecture": "mlp"
}