{
  "hyperparams": {
    "batch_size": 64,
    "dropout_rate": 0.21294104768811492,
    "hidden_dim": 128,
    "lead_time_embedding_dim": 8,
    "learning_rate": 0.00010418413030855986,
    "min_delta": 3.98362171499279e-05,
    "num_layers": 2,
    "patience": 30,
    "weight_decay": 5.512028159289984e-05
  },
  "loss": 0.058916413750512375,
  "epochs_trained": 249,
  "architecture": "mlp"
}