{
  "hyperparams": {
    "batch_size": 128,
    "dropout_rate": 0.18578537769959713,
    "hidden_dim": 256,
    "lead_time_embedding_dim": 16,
    "learning_rate": 0.0002652506008001485,
    "min_delta": 1.9310697064201892e-05,
    "num_layers": 4,
    "patience": 30,
    "weight_decay": 4.112705547635007e-06
  },
  "loss": 0.05806769477901712,
  "epochs_trained": 239,
  "architecture": "mlp"
}