{
  "hyperparams": {
    "batch_size": 64,
    "dropout_rate": 0.15818040720940846,
    "hidden_dim": 256,
    "lead_time_embedding_dim": 8,
    "learning_rate": 0.0017227216604521227,
    "min_delta": 0.0001601701666844622,
    "num_layers": 5,
    "patience": 25,
    "weight_decay": 1.7946736620415673e-05
  },
  "loss": 0.06048164441923782,
  "epochs_trained": 300,
  "architecture": "mlp"
}