{
  "hyperparams": {
    "batch_size": 256,
    "dropout_rate": 0.18279941601393632,
    "hidden_dim": 512,
    "lead_time_embedding_dim": 32,
    "learning_rate": 0.0001763490179325492,
    "min_delta": 1.1951233206047126e-05,
    "num_layers": 4,
    "patience": 20,
    "weight_decay": 2.4580788001840242e-06
  },
  "loss": 0.05825474730670246,
  "epochs_trained": 158,
  "architecture": "mlp"
}