{
  "hyperparams": {
    "batch_size": 256,
    "dropout_rate": 0.28689346249306,
    "hidden_dim": 512,
    "lead_time_embedding_dim": 8,
    "learning_rate": 0.0077975858769587575,
    "min_delta": 0.00013002285238746105,
    "num_layers": 6,
    "patience": 30,
    "weight_decay": 1.6622005883304834e-05
  },
  "loss": 0.08234977798650284,
  "epochs_trained": 118,
  "architecture": "mlp"
}