{
  "hyperparams": {
    "batch_size": 256,
    "dropout_rate": 0.10116620108203031,
    "hidden_dim": 1024,
    "lead_time_embedding_dim": 16,
    "learning_rate": 0.0003389396918064066,
    "min_delta": 1.5708866845138238e-05,
    "num_layers": 2,
    "patience": 30,
    "weight_decay": 2.675195814609388e-06
  },
  "loss": 0.05282007660093742,
  "epochs_trained": 219,
  "architecture": "mlp"
}