{
  "hyperparams": {
    "batch_size": 64,
    "dropout_rate": 0.1798102783747076,
    "hidden_dim": 1024,
    "lead_time_embedding_dim": 32,
    "learning_rate": 0.0018059669303316086,
    "min_delta": 1.1832610415847346e-05,
    "num_layers": 4,
    "patience": 25,
    "weight_decay": 1.0066912874981844e-06
  },
  "loss": 0.06005345654889786,
  "epochs_trained": 224,
  "architecture": "mlp"
}