{
  "hyperparams": {
    "batch_size": 256,
    "dropout_rate": 0.24672361157233916,
    "hidden_dim": 512,
    "lead_time_embedding_dim": 8,
    "learning_rate": 0.0005410113539466629,
    "min_delta": 0.0001765322589484492,
    "num_layers": 6,
    "patience": 30,
    "weight_decay": 6.359792355357052e-06
  },
  "loss": 0.05837107978271366,
  "epochs_trained": 215,
  "architecture": "mlp"
}