{
  "architecture": "mlp",
  "best_hyperparams": {
    "batch_size": 256,
    "dropout_rate": 0.18569255248876684,
    "hidden_dim": 1024,
    "lead_time_embedding_dim": 16,
    "learning_rate": 0.00028015918088934906,
    "min_delta": 1.0281543865930058e-05,
    "num_layers": 2,
    "patience": 30,
    "weight_decay": 4.023496441900089e-06
  },
  "best_loss": 0.05150339550058322,
  "best_epochs_trained": 300,
  "n_evaluations": 100,
  "region": "india",
  "variables": [
    "2m_temperature"
  ],
  "lead_times": [
    24,
    120,
    216
  ]
}