{
  "hyperparams": {
    "batch_size": 256,
    "dropout_rate": 0.25611421393181016,
    "hidden_dim": 512,
    "lead_time_embedding_dim": 8,
    "learning_rate": 0.0002962630461422831,
    "min_delta": 0.0004908133516871113,
    "num_layers": 5,
    "patience": 30,
    "weight_decay": 0.0006953799389348064
  },
  "loss": 0.07409170181452884,
  "epochs_trained": 104,
  "architecture": "mlp"
}