{
  "hyperparams": {
    "batch_size": 256,
    "dropout_rate": 0.25284455190200583,
    "hidden_dim": 1024,
    "lead_time_embedding_dim": 8,
    "learning_rate": 0.00017733686212053915,
    "min_delta": 1.57742781426216e-05,
    "num_layers": 4,
    "patience": 25,
    "weight_decay": 6.421633754207853e-05
  },
  "loss": 0.06070493204645907,
  "epochs_trained": 243,
  "architecture": "mlp"
}