{
  "hyperparams": {
    "batch_size": 128,
    "dropout_rate": 0.237789106752823,
    "hidden_dim": 1024,
    "lead_time_embedding_dim": 16,
    "learning_rate": 0.0002602209410655131,
    "min_delta": 0.0003431671199704589,
    "num_layers": 2,
    "patience": 25,
    "weight_decay": 4.613925034227146e-06
  },
  "loss": 0.05751056480624272,
  "epochs_trained": 185,
  "architecture": "mlp"
}