{
  "hyperparams": {
    "batch_size": 256,
    "dropout_rate": 0.11419665996187381,
    "hidden_dim": 512,
    "lead_time_embedding_dim": 16,
    "learning_rate": 0.0005567949687761453,
    "min_delta": 0.00010373134330562778,
    "num_layers": 6,
    "patience": 20,
    "weight_decay": 0.0009512444624803669
  },
  "loss": 0.08045078121392098,
  "epochs_trained": 83,
  "architecture": "mlp"
}