{
  "hyperparams": {
    "batch_size": 256,
    "dropout_rate": 0.25670011572372897,
    "hidden_dim": 1024,
    "lead_time_embedding_dim": 8,
    "learning_rate": 0.0002711274071712209,
    "min_delta": 1.921339287334711e-05,
    "num_layers": 2,
    "patience": 20,
    "weight_decay": 1.2051984038609698e-06
  },
  "loss": 0.056979697446887745,
  "epochs_trained": 210,
  "architecture": "mlp"
}