{
  "hyperparams": {
    "batch_size": 64,
    "dropout_rate": 0.179572179684207,
    "hidden_dim": 512,
    "lead_time_embedding_dim": 8,
    "learning_rate": 0.003923223936807187,
    "min_delta": 6.625908023978101e-05,
    "num_layers": 2,
    "patience": 25,
    "weight_decay": 8.288150151307777e-06
  },
  "loss": 0.0815867111344651,
  "epochs_trained": 42,
  "architecture": "mlp"
}