{
  "hyperparams": {
    "batch_size": 64,
    "dropout_rate": 0.2505527515676357,
    "hidden_dim": 1024,
    "lead_time_embedding_dim": 16,
    "learning_rate": 0.0005137275973364692,
    "min_delta": 9.677127689808949e-05,
    "num_layers": 2,
    "patience": 30,
    "weight_decay": 9.066947536392216e-06
  },
  "loss": 0.05841272555489303,
  "epochs_trained": 300,
  "architecture": "mlp"
}