{
  "hyperparams": {
    "batch_size": 128,
    "dropout_rate": 0.15160206431666254,
    "hidden_dim": 1024,
    "lead_time_embedding_dim": 16,
    "learning_rate": 0.001007293212866758,
    "min_delta": 0.00016506500532882358,
    "num_layers": 2,
    "patience": 15,
    "weight_decay": 0.00012322067817036186
  },
  "loss": 0.06419469801990493,
  "epochs_trained": 141,
  "architecture": "mlp"
}