{
  "hyperparams": {
    "batch_size": 64,
    "dropout_rate": 0.10787509532877222,
    "hidden_dim": 128,
    "lead_time_embedding_dim": 8,
    "learning_rate": 0.006391873652029903,
    "min_delta": 0.0009611516322623621,
    "num_layers": 3,
    "patience": 30,
    "weight_decay": 0.00041490582757248507
  },
  "loss": 0.07488772313453197,
  "epochs_trained": 116,
  "architecture": "mlp"
}