{
  "hyperparams": {
    "batch_size": 256,
    "dropout_rate": 0.2867105599280542,
    "hidden_dim": 1024,
    "lead_time_embedding_dim": 8,
    "learning_rate": 0.009650838605105294,
    "min_delta": 8.656598420403135e-05,
    "num_layers": 2,
    "patience": 25,
    "weight_decay": 6.788944896319773e-06
  },
  "loss": 0.0893017747015139,
  "epochs_trained": 118,
  "architecture": "mlp"
}