{
  "hyperparams": {
    "batch_size": 128,
    "dropout_rate": 0.26557558087359084,
    "hidden_dim": 1024,
    "lead_time_embedding_dim": 8,
    "learning_rate": 0.00019025860069033233,
    "min_delta": 0.00014688126119554435,
    "num_layers": 6,
    "patience": 25,
    "weight_decay": 1.8759640212032256e-06
  },
  "loss": 0.061705875767968515,
  "epochs_trained": 224,
  "architecture": "mlp"
}