{
  "hyperparams": {
    "batch_size": 64,
    "dropout_rate": 0.19075419131756743,
    "hidden_dim": 1024,
    "lead_time_embedding_dim": 8,
    "learning_rate": 0.0002535664257547338,
    "min_delta": 2.453717695268577e-05,
    "num_layers": 6,
    "patience": 20,
    "weight_decay": 1.3095140028323737e-06
  },
  "loss": 0.06197000231331745,
  "epochs_trained": 110,
  "architecture": "mlp"
}