{
  "hyperparams": {
    "batch_size": 256,
    "dropout_rate": 0.2595594847985007,
    "hidden_dim": 1024,
    "lead_time_embedding_dim": 8,
    "learning_rate": 0.009858983002998518,
    "min_delta": 0.00010141475213707193,
    "num_layers": 4,
    "patience": 25,
    "weight_decay": 0.00028923405613451026
  },
  "loss": 0.08980121417991568,
  "epochs_trained": 58,
  "architecture": "mlp"
}