{
  "hyperparams": {
    "batch_size": 256,
    "dropout_rate": 0.24982100096308088,
    "hidden_dim": 1024,
    "lead_time_embedding_dim": 8,
    "learning_rate": 0.00020105428365288673,
    "min_delta": 0.00012209349441486702,
    "num_layers": 5,
    "patience": 30,
    "weight_decay": 1.4520496478292629e-05
  },
  "loss": 0.05818238513245577,
  "epochs_trained": 265,
  "architecture": "mlp"
}