{
  "architecture": "mlp",
  "best_hyperparams": {
    "batch_size": 256,
    "dropout_rate": 0.2443318284460679,
    "hidden_dim": 1024,
    "lead_time_embedding_dim": 8,
    "learning_rate": 0.00033049633451749834,
    "min_delta": 5.917022172596213e-05,
    "num_layers": 2,
    "patience": 20,
    "weight_decay": 2.2070827571154726e-06
  },
  "best_loss": 0.05576397650880522,
  "best_epochs_trained": 247,
  "n_evaluations": 100,
  "region": "india",
  "variables": [
    "2m_temperature"
  ],
  "lead_times": [
    24,
    120,
    216
  ]
}