{
  "hyperparams": {
    "batch_size": 128,
    "dropout_rate": 0.17087441177917628,
    "hidden_dim": 128,
    "learning_rate": 0.00014628177790685428,
    "num_layers": 5,
    "snapshot_T0": 10,
    "snapshot_T_mult": 1,
    "weight_decay": 1.0492188661928214e-06
  },
  "loss": 0.11333225357035796,
  "epochs_trained": 210,
  "architecture": "mlp",
  "mode": "block_ltho",
  "snapshot_objective_runs": null,
  "snapshot_epochs": 210,
  "n_snapshots": null,
  "cell_info": "africa patch 46; africa patch 47; africa patch 51",
  "cell_losses": [
    0.06792660430073738,
    0.1215869840234518,
    0.1504831723868847
  ],
  "cell_infos": [
    "africa patch 46",
    "africa patch 47",
    "africa patch 51"
  ]
}