{
  "hyperparams": {
    "batch_size": 256,
    "dropout_rate": 0.14841346070447406,
    "hidden_dim": 512,
    "learning_rate": 0.000632689665983868,
    "num_layers": 2,
    "snapshot_T0": 15,
    "snapshot_T_mult": 2,
    "weight_decay": 8.660142939542831e-07
  },
  "loss": 0.06380594739069541,
  "epochs_trained": 210,
  "architecture": "mlp",
  "mode": "block_ltho",
  "snapshot_objective_runs": null,
  "snapshot_epochs": 210,
  "n_snapshots": null,
  "cell_info": "asia patch 22; asia patch 29; asia patch 37",
  "cell_losses": [
    0.04957378841936588,
    0.08432633243501186,
    0.05751772131770849
  ],
  "cell_infos": [
    "asia patch 22",
    "asia patch 29",
    "asia patch 37"
  ]
}