{
  "hyperparams": {
    "batch_size": 64,
    "dropout_rate": 0.2103833718771249,
    "hidden_dim": 256,
    "learning_rate": 0.0007196916583278437,
    "num_layers": 6,
    "snapshot_T0": 5,
    "snapshot_T_mult": 2,
    "weight_decay": 8.787690928556707e-06
  },
  "loss": 0.07193542675425608,
  "epochs_trained": 210,
  "architecture": "mlp",
  "mode": "block_ltho",
  "snapshot_objective_runs": null,
  "snapshot_epochs": 210,
  "n_snapshots": null,
  "cell_info": "asia patch 90; asia patch 91; asia patch 103",
  "cell_losses": [
    0.06151578947901726,
    0.05863093677908182,
    0.09565955400466919
  ],
  "cell_infos": [
    "asia patch 90",
    "asia patch 91",
    "asia patch 103"
  ]
}