{
  "hyperparams": {
    "batch_size": 256,
    "dropout_rate": 0.23933985575137706,
    "hidden_dim": 1024,
    "learning_rate": 0.00020589764012198634,
    "num_layers": 3,
    "snapshot_T0": 21,
    "snapshot_T_mult": 1,
    "weight_decay": 0.0008389488962129916
  },
  "loss": 0.06835648976266384,
  "epochs_trained": 210,
  "architecture": "mlp",
  "mode": "block_ltho",
  "snapshot_objective_runs": null,
  "snapshot_epochs": 210,
  "n_snapshots": null
}