{
  "hyperparams": {
    "batch_size": 128,
    "dropout_rate": 0.348569315186291,
    "hidden_dim": 256,
    "learning_rate": 0.004873949961873069,
    "num_layers": 2,
    "snapshot_T0": 15,
    "snapshot_T_mult": 1,
    "weight_decay": 2.24223875189888e-07
  },
  "loss": 0.10338553848365943,
  "epochs_trained": 210,
  "architecture": "mlp",
  "mode": "block_ltho",
  "snapshot_objective_runs": null,
  "snapshot_epochs": 210,
  "n_snapshots": null,
  "cell_info": "europe patch 7; europe patch 19; europe patch 26",
  "cell_losses": [
    0.09075291454792023,
    0.1006950419396162,
    0.11870865896344185
  ],
  "cell_infos": [
    "europe patch 7",
    "europe patch 19",
    "europe patch 26"
  ]
}