{
  "hyperparams": {
    "batch_size": 64,
    "dropout_rate": 0.17027886546136112,
    "hidden_dim": 256,
    "learning_rate": 0.0008054944940976897,
    "num_layers": 2,
    "snapshot_T0": 7,
    "snapshot_T_mult": 1,
    "weight_decay": 0.00036718599646249543
  },
  "loss": 0.04081855978195866,
  "epochs_trained": 210,
  "architecture": "mlp",
  "mode": "block_ltho",
  "snapshot_objective_runs": null,
  "snapshot_epochs": 210,
  "n_snapshots": null,
  "cell_info": "asia patch 37; asia patch 40; asia patch 54",
  "cell_losses": [
    0.057984174229204655,
    0.03457375895231962,
    0.029897746164351702
  ],
  "cell_infos": [
    "asia patch 37",
    "asia patch 40",
    "asia patch 54"
  ]
}