{
  "hyperparams": {
    "batch_size": 64,
    "dropout_rate": 0.3267449798772401,
    "hidden_dim": 1024,
    "learning_rate": 0.0012827537051717075,
    "num_layers": 4,
    "snapshot_T0": 21,
    "snapshot_T_mult": 2,
    "weight_decay": 1.6594769671875937e-07
  },
  "loss": 0.3870740495622158,
  "epochs_trained": 210,
  "architecture": "mlp",
  "mode": "block_ltho",
  "snapshot_objective_runs": null,
  "snapshot_epochs": 210,
  "n_snapshots": null,
  "cell_info": "south_america patch 36; oceania patch 4; oceania patch 18",
  "cell_losses": [
    0.8895301967859268,
    0.13110951706767082,
    0.14058243483304977
  ],
  "cell_infos": [
    "south_america patch 36",
    "oceania patch 4",
    "oceania patch 18"
  ]
}