{
  "hyperparams": {
    "batch_size": 256,
    "dropout_rate": 0.2610567101134087,
    "hidden_dim": 256,
    "learning_rate": 0.00045155393597477787,
    "num_layers": 6,
    "snapshot_T0": 21,
    "snapshot_T_mult": 2,
    "weight_decay": 0.0008599319644373856
  },
  "loss": 0.08008996769785881,
  "epochs_trained": 210,
  "architecture": "mlp",
  "mode": "block_ltho",
  "snapshot_objective_runs": null,
  "snapshot_epochs": 210,
  "n_snapshots": null,
  "cell_info": "africa patch 52; africa patch 59; africa patch 78",
  "cell_losses": [
    0.13060452230274677,
    0.05993992183357477,
    0.04972545895725489
  ],
  "cell_infos": [
    "africa patch 52",
    "africa patch 59",
    "africa patch 78"
  ]
}