{
  "hyperparams": {
    "batch_size": 128,
    "dropout_rate": 0.15322544902762433,
    "hidden_dim": 1024,
    "learning_rate": 0.001045545016600589,
    "num_layers": 2,
    "snapshot_T0": 15,
    "snapshot_T_mult": 1,
    "weight_decay": 2.8728682517187865e-07
  },
  "loss": 0.1408496784667174,
  "epochs_trained": 210,
  "architecture": "mlp",
  "mode": "block_ltho",
  "snapshot_objective_runs": null,
  "snapshot_epochs": 210,
  "n_snapshots": null,
  "cell_info": "africa patch 1; africa patch 3; africa patch 9",
  "cell_losses": [
    0.1697169579565525,
    0.11290928721427917,
    0.13992279022932053
  ],
  "cell_infos": [
    "africa patch 1",
    "africa patch 3",
    "africa patch 9"
  ]
}