{
  "hyperparams": {
    "batch_size": 64,
    "dropout_rate": 0.26974110421381886,
    "hidden_dim": 256,
    "learning_rate": 0.0007569084986928404,
    "num_layers": 2,
    "snapshot_T0": 7,
    "snapshot_T_mult": 2,
    "weight_decay": 4.3076205534375005e-06
  },
  "loss": 0.05328346292177836,
  "epochs_trained": 210,
  "architecture": "mlp",
  "mode": "block_ltho",
  "snapshot_objective_runs": null,
  "snapshot_epochs": 210,
  "n_snapshots": null,
  "cell_info": "africa patch 59; africa patch 78; asia patch 22",
  "cell_losses": [
    0.05933977663516998,
    0.04909046646207571,
    0.05142014566808939
  ],
  "cell_infos": [
    "africa patch 59",
    "africa patch 78",
    "asia patch 22"
  ]
}