{
  "hyperparams": {
    "batch_size": 128,
    "dropout_rate": 0.25506115755193487,
    "hidden_dim": 256,
    "learning_rate": 0.0023729473575432774,
    "num_layers": 2,
    "snapshot_T0": 15,
    "snapshot_T_mult": 1,
    "weight_decay": 1.3629410969742491e-06
  },
  "loss": 0.06068588622535268,
  "epochs_trained": 210,
  "architecture": "mlp",
  "mode": "block_ltho",
  "snapshot_objective_runs": null,
  "snapshot_epochs": 210,
  "n_snapshots": null,
  "cell_info": "asia patch 54; asia patch 56; asia patch 60",
  "cell_losses": [
    0.03171655023470521,
    0.0784678440541029,
    0.07187326438724995
  ],
  "cell_infos": [
    "asia patch 54",
    "asia patch 56",
    "asia patch 60"
  ]
}