{
  "hyperparams": {
    "batch_size": 128,
    "dropout_rate": 0.26533237583236474,
    "hidden_dim": 1024,
    "learning_rate": 0.0028199783372618733,
    "num_layers": 5,
    "snapshot_T0": 5,
    "snapshot_T_mult": 1,
    "weight_decay": 3.3468673902596556e-06
  },
  "loss": 0.1535765863955021,
  "epochs_trained": 210,
  "architecture": "mlp",
  "mode": "block_ltho",
  "snapshot_objective_runs": null,
  "snapshot_epochs": 210,
  "n_snapshots": null,
  "cell_info": "oceania patch 18; africa patch 1; africa patch 3",
  "cell_losses": [
    0.14660347625613213,
    0.18570254743099213,
    0.12842373549938202
  ],
  "cell_infos": [
    "oceania patch 18",
    "africa patch 1",
    "africa patch 3"
  ]
}