{
  "hyperparams": {
    "batch_size": 256,
    "dropout_rate": 0.11799914693613428,
    "hidden_dim": 1024,
    "learning_rate": 0.00014632794355675651,
    "num_layers": 4,
    "snapshot_T0": 5,
    "snapshot_T_mult": 1,
    "weight_decay": 0.0002607098132955584
  },
  "loss": 0.06824984773993492,
  "epochs_trained": 210,
  "architecture": "mlp",
  "mode": "block_ltho",
  "snapshot_objective_runs": null,
  "snapshot_epochs": 210,
  "n_snapshots": null
}