{
  "hyperparams": {
    "batch_size": 64,
    "dropout_rate": 0.22335623641840252,
    "hidden_dim": 128,
    "learning_rate": 0.00014900607897983467,
    "num_layers": 3,
    "snapshot_T0": 7,
    "snapshot_T_mult": 2,
    "weight_decay": 0.0006085450592244067
  },
  "loss": 0.06801033765077591,
  "epochs_trained": 210,
  "architecture": "mlp",
  "mode": "block_ltho",
  "snapshot_objective_runs": null,
  "snapshot_epochs": 210,
  "n_snapshots": null,
  "cell_info": "asia patch 78; asia patch 86; asia patch 90",
  "cell_losses": [
    0.052906882017850876,
    0.08944722451269627,
    0.061676906421780586
  ],
  "cell_infos": [
    "asia patch 78",
    "asia patch 86",
    "asia patch 90"
  ]
}