{
  "hyperparams": {
    "batch_size": 128,
    "dropout_rate": 0.12853924997764404,
    "hidden_dim": 256,
    "learning_rate": 0.0010220747284416245,
    "num_layers": 2,
    "snapshot_T0": 21,
    "snapshot_T_mult": 1,
    "weight_decay": 1.2761729466929863e-07
  },
  "loss": 0.0998103537907203,
  "epochs_trained": 210,
  "architecture": "mlp",
  "mode": "block_ltho",
  "snapshot_objective_runs": null,
  "snapshot_epochs": 210,
  "n_snapshots": null,
  "cell_info": "europe patch 19; europe patch 26; europe patch 33",
  "cell_losses": [
    0.08990618400275707,
    0.1027001142501831,
    0.10682476311922073
  ],
  "cell_infos": [
    "europe patch 19",
    "europe patch 26",
    "europe patch 33"
  ]
}