{
  "hyperparams": {
    "batch_size": 256,
    "dropout_rate": 0.1481728024227617,
    "hidden_dim": 1024,
    "learning_rate": 0.00014373979581418323,
    "num_layers": 2,
    "snapshot_T0": 5,
    "snapshot_T_mult": 1,
    "weight_decay": 0.00028258034809478883
  },
  "loss": 0.06733917072415352,
  "epochs_trained": 210,
  "architecture": "mlp",
  "mode": "block_ltho",
  "snapshot_objective_runs": null,
  "snapshot_epochs": 210,
  "n_snapshots": null
}