{
  "hyperparams": {
    "batch_size": 64,
    "dropout_rate": 0.1409507707198878,
    "hidden_dim": 512,
    "learning_rate": 0.000900132475582962,
    "num_layers": 6,
    "snapshot_T0": 15,
    "snapshot_T_mult": 2,
    "weight_decay": 0.0009789042222877397
  },
  "loss": 0.11328733153641224,
  "epochs_trained": 210,
  "architecture": "mlp",
  "mode": "block_ltho",
  "snapshot_objective_runs": null,
  "snapshot_epochs": 210,
  "n_snapshots": null,
  "cell_info": "africa patch 51; africa patch 52; africa patch 59",
  "cell_losses": [
    0.15058237314224243,
    0.13014201261103153,
    0.05913760885596275
  ],
  "cell_infos": [
    "africa patch 51",
    "africa patch 52",
    "africa patch 59"
  ]
}