{
  "hyperparams": {
    "batch_size": 128,
    "dropout_rate": 0.24886238705738373,
    "hidden_dim": 256,
    "learning_rate": 5.142894640386017e-05,
    "num_layers": 2,
    "snapshot_T0": 15,
    "snapshot_T_mult": 1,
    "weight_decay": 6.065123386275464e-05
  },
  "loss": 0.11881572380661964,
  "epochs_trained": 210,
  "architecture": "mlp",
  "mode": "block_ltho",
  "snapshot_objective_runs": null,
  "snapshot_epochs": 210,
  "n_snapshots": null,
  "cell_info": "europe patch 33; europe patch 38; north_america patch 7",
  "cell_losses": [
    0.11319299601018429,
    0.1318859811872244,
    0.11136819422245026
  ],
  "cell_infos": [
    "europe patch 33",
    "europe patch 38",
    "north_america patch 7"
  ]
}