{
  "hyperparams": {
    "batch_size": 256,
    "dropout_rate": 0.30160587965892516,
    "hidden_dim": 128,
    "learning_rate": 0.0026852358926794722,
    "num_layers": 6,
    "snapshot_T0": 21,
    "snapshot_T_mult": 1,
    "weight_decay": 0.0002713738355685477
  },
  "loss": 0.06201832741498947,
  "epochs_trained": 210,
  "architecture": "mlp",
  "mode": "block_ltho",
  "snapshot_objective_runs": null,
  "snapshot_epochs": 210,
  "n_snapshots": null,
  "cell_info": "asia patch 56; asia patch 60; asia patch 69",
  "cell_losses": [
    0.07642482779920101,
    0.07103711552917957,
    0.03859303891658783
  ],
  "cell_infos": [
    "asia patch 56",
    "asia patch 60",
    "asia patch 69"
  ]
}