{
  "hyperparams": {
    "batch_size": 64,
    "dropout_rate": 0.3636751918137179,
    "hidden_dim": 512,
    "learning_rate": 0.0017030612272871096,
    "num_layers": 5,
    "snapshot_T0": 15,
    "snapshot_T_mult": 2,
    "weight_decay": 9.552715083052603e-05
  },
  "loss": 0.0810829574863116,
  "epochs_trained": 210,
  "architecture": "mlp",
  "mode": "block_ltho",
  "snapshot_objective_runs": null,
  "snapshot_epochs": 210,
  "n_snapshots": null,
  "cell_info": "north_america patch 13; north_america patch 23; north_america patch 32",
  "cell_losses": [
    0.06562687642872334,
    0.091790109872818,
    0.08583188615739346
  ],
  "cell_infos": [
    "north_america patch 13",
    "north_america patch 23",
    "north_america patch 32"
  ]
}