{
  "hyperparams": {
    "batch_size": 256,
    "dropout_rate": 0.21621276584438268,
    "hidden_dim": 512,
    "learning_rate": 0.0008335874585139881,
    "num_layers": 6,
    "snapshot_T0": 15,
    "snapshot_T_mult": 1,
    "weight_decay": 1.8275730804723456e-07
  },
  "loss": 0.3904845683525006,
  "epochs_trained": 210,
  "architecture": "mlp",
  "mode": "block_ltho",
  "snapshot_objective_runs": null,
  "snapshot_epochs": 210,
  "n_snapshots": null,
  "cell_info": "south_america patch 36; oceania patch 4; oceania patch 18",
  "cell_losses": [
    0.9024225324392319,
    0.12805491499602795,
    0.14097625762224197
  ],
  "cell_infos": [
    "south_america patch 36",
    "oceania patch 4",
    "oceania patch 18"
  ]
}