{
  "hyperparams": {
    "batch_size": 128,
    "dropout_rate": 0.3224767430199278,
    "hidden_dim": 256,
    "learning_rate": 0.0005839606752617466,
    "num_layers": 2,
    "snapshot_T0": 15,
    "snapshot_T_mult": 1,
    "weight_decay": 0.0006301822235646807
  },
  "loss": 0.07599898645033439,
  "epochs_trained": 210,
  "architecture": "mlp",
  "mode": "block_ltho",
  "snapshot_objective_runs": null,
  "snapshot_epochs": 210,
  "n_snapshots": null,
  "cell_info": "asia patch 103; asia patch 123; asia patch 125",
  "cell_losses": [
    0.09267855808138847,
    0.07192596048116684,
    0.06339244078844786
  ],
  "cell_infos": [
    "asia patch 103",
    "asia patch 123",
    "asia patch 125"
  ]
}