{
  "hyperparams": {
    "batch_size": 128,
    "dropout_rate": 0.13962194340146303,
    "hidden_dim": 512,
    "learning_rate": 0.00010780733307722646,
    "num_layers": 3,
    "snapshot_T0": 15,
    "snapshot_T_mult": 1,
    "weight_decay": 1.1629757656633753e-07
  },
  "loss": 0.06482425952951114,
  "epochs_trained": 210,
  "architecture": "mlp",
  "mode": "block_ltho",
  "snapshot_objective_runs": null,
  "snapshot_epochs": 210,
  "n_snapshots": null,
  "cell_info": "asia patch 86; asia patch 90; asia patch 91",
  "cell_losses": [
    0.08256760239601135,
    0.05714832618832588,
    0.05475685000419617
  ],
  "cell_infos": [
    "asia patch 86",
    "asia patch 90",
    "asia patch 91"
  ]
}