{
  "hyperparams": {
    "batch_size": 64,
    "dropout_rate": 0.17536752589120796,
    "hidden_dim": 128,
    "learning_rate": 0.00016637802645531332,
    "num_layers": 3,
    "snapshot_T0": 7,
    "snapshot_T_mult": 2,
    "weight_decay": 0.00016453068348748785
  },
  "loss": 0.08762927632778883,
  "epochs_trained": 210,
  "architecture": "mlp",
  "mode": "block_ltho",
  "snapshot_objective_runs": null,
  "snapshot_epochs": 210,
  "n_snapshots": null,
  "cell_info": "north_america patch 7; north_america patch 13; north_america patch 23",
  "cell_losses": [
    0.11236942186951637,
    0.06278885435312986,
    0.08772955276072025
  ],
  "cell_infos": [
    "north_america patch 7",
    "north_america patch 13",
    "north_america patch 23"
  ]
}