{
  "hyperparams": {
    "batch_size": 256,
    "dropout_rate": 0.22732268963314972,
    "hidden_dim": 1024,
    "learning_rate": 0.00023252726134827682,
    "num_layers": 2,
    "snapshot_T0": 5,
    "snapshot_T_mult": 1,
    "weight_decay": 0.0003909033386508462
  },
  "loss": 0.06747508235275745,
  "epochs_trained": 210,
  "architecture": "mlp",
  "mode": "block_ltho",
  "snapshot_objective_runs": null,
  "snapshot_epochs": 210,
  "n_snapshots": null
}