{
  "hyperparams": {
    "batch_size": 128,
    "dropout_rate": 0.3730351328963529,
    "hidden_dim": 256,
    "learning_rate": 0.0026398007978665106,
    "num_layers": 2,
    "snapshot_T0": 15,
    "snapshot_T_mult": 1,
    "weight_decay": 1.492019248833462e-07
  },
  "loss": 0.05734230081240336,
  "epochs_trained": 210,
  "architecture": "mlp",
  "mode": "block_ltho",
  "snapshot_objective_runs": null,
  "snapshot_epochs": 210,
  "n_snapshots": null,
  "cell_info": "asia patch 60; asia patch 69; asia patch 78",
  "cell_losses": [
    0.07482071779668331,
    0.040991428308188915,
    0.056214756332337856
  ],
  "cell_infos": [
    "asia patch 60",
    "asia patch 69",
    "asia patch 78"
  ]
}