{
  "hyperparams": {
    "batch_size": 128,
    "dropout_rate": 0.20281475500003499,
    "hidden_dim": 128,
    "learning_rate": 0.0006939318170077178,
    "num_layers": 5,
    "snapshot_T0": 15,
    "snapshot_T_mult": 2,
    "weight_decay": 7.717106117598601e-06
  },
  "loss": 0.046447805439432464,
  "epochs_trained": 210,
  "architecture": "mlp",
  "mode": "block_ltho",
  "snapshot_objective_runs": null,
  "snapshot_epochs": 210,
  "n_snapshots": null,
  "cell_info": "asia patch 40; asia patch 54; asia patch 56",
  "cell_losses": [
    0.035347359254956245,
    0.03018207848072052,
    0.07381397858262062
  ],
  "cell_infos": [
    "asia patch 40",
    "asia patch 54",
    "asia patch 56"
  ]
}