{
  "hyperparams": {
    "batch_size": 64,
    "dropout_rate": 0.18880295243199136,
    "hidden_dim": 256,
    "learning_rate": 0.00014602642760885628,
    "num_layers": 3,
    "snapshot_T0": 7,
    "snapshot_T_mult": 2,
    "weight_decay": 8.461616069940477e-05
  },
  "loss": 0.14841807695726553,
  "epochs_trained": 210,
  "architecture": "mlp",
  "mode": "block_ltho",
  "snapshot_objective_runs": null,
  "snapshot_epochs": 210,
  "n_snapshots": null,
  "cell_info": "oceania patch 4; oceania patch 18; africa patch 1",
  "cell_losses": [
    0.12720338068902493,
    0.14294006302952766,
    0.17511078715324402
  ],
  "cell_infos": [
    "oceania patch 4",
    "oceania patch 18",
    "africa patch 1"
  ]
}