{
  "hyperparams": {
    "batch_size": 256,
    "dropout_rate": 0.39930235172279993,
    "hidden_dim": 256,
    "learning_rate": 0.0001858613717089679,
    "num_layers": 2,
    "snapshot_T0": 7,
    "snapshot_T_mult": 1,
    "weight_decay": 1.1001179392695676e-06
  },
  "loss": 0.11020665802061558,
  "epochs_trained": 210,
  "architecture": "mlp",
  "mode": "block_ltho",
  "snapshot_objective_runs": null,
  "snapshot_epochs": 210,
  "n_snapshots": null,
  "cell_info": "africa patch 9; africa patch 46; africa patch 47",
  "cell_losses": [
    0.14301887899637222,
    0.0672841053456068,
    0.1203169897198677
  ],
  "cell_infos": [
    "africa patch 9",
    "africa patch 46",
    "africa patch 47"
  ]
}