{
  "hyperparams": {
    "batch_size": 64,
    "dropout_rate": 0.36499646940988467,
    "hidden_dim": 64,
    "learning_rate": 0.0004587009092333466,
    "num_layers": 2,
    "snapshot_T0": 7,
    "snapshot_T_mult": 1,
    "weight_decay": 9.010454358404883e-07
  },
  "loss": 0.13078777926663557,
  "epochs_trained": 210,
  "architecture": "mlp",
  "mode": "block_ltho",
  "snapshot_objective_runs": null,
  "snapshot_epochs": 210,
  "n_snapshots": null,
  "cell_info": "north_america patch 23; north_america patch 32; south_america patch 22",
  "cell_losses": [
    0.08718466013669968,
    0.08274946548044682,
    0.22242921218276024
  ],
  "cell_infos": [
    "north_america patch 23",
    "north_america patch 32",
    "south_america patch 22"
  ]
}