{
  "hyperparams": {
    "batch_size": 128,
    "dropout_rate": 0.3978893944554044,
    "hidden_dim": 256,
    "learning_rate": 0.0002951093594582673,
    "num_layers": 5,
    "snapshot_T0": 15,
    "snapshot_T_mult": 1,
    "weight_decay": 1.444421506736649e-07
  },
  "loss": 0.42829196775952977,
  "epochs_trained": 210,
  "architecture": "mlp",
  "mode": "block_ltho",
  "snapshot_objective_runs": null,
  "snapshot_epochs": 210,
  "n_snapshots": null,
  "cell_info": "south_america patch 22; south_america patch 36; oceania patch 4",
  "cell_losses": [
    0.22558442130684853,
    0.9302839487791061,
    0.12900753319263458
  ],
  "cell_infos": [
    "south_america patch 22",
    "south_america patch 36",
    "oceania patch 4"
  ]
}