{
  "hyperparams": {
    "batch_size": 64,
    "dropout_rate": 0.19306192405911196,
    "hidden_dim": 128,
    "learning_rate": 0.00011658591803137688,
    "num_layers": 3,
    "snapshot_T0": 7,
    "snapshot_T_mult": 2,
    "weight_decay": 0.0004590333674948338
  },
  "loss": 0.153845502063632,
  "epochs_trained": 210,
  "architecture": "mlp",
  "mode": "block_ltho",
  "snapshot_objective_runs": null,
  "snapshot_epochs": 210,
  "n_snapshots": null,
  "cell_info": "oceania patch 4; oceania patch 18; africa patch 1",
  "cell_losses": [
    0.13027378357946873,
    0.1484161876142025,
    0.1828465349972248
  ],
  "cell_infos": [
    "oceania patch 4",
    "oceania patch 18",
    "africa patch 1"
  ]
}