{
  "hyperparams": {
    "batch_size": 64,
    "dropout_rate": 0.2337796094790887,
    "hidden_dim": 128,
    "learning_rate": 0.00020716985368324835,
    "num_layers": 2,
    "snapshot_T0": 21,
    "snapshot_T_mult": 1,
    "weight_decay": 0.0005088854850481134
  },
  "loss": 0.07422384961197774,
  "epochs_trained": 210,
  "architecture": "mlp",
  "mode": "block_ltho",
  "snapshot_objective_runs": null,
  "snapshot_epochs": 210,
  "n_snapshots": null,
  "cell_info": "asia patch 103; asia patch 123; asia patch 125",
  "cell_losses": [
    0.09133968316018581,
    0.07023777067661285,
    0.06109409499913454
  ],
  "cell_infos": [
    "asia patch 103",
    "asia patch 123",
    "asia patch 125"
  ]
}