{
  "hyperparams": {
    "batch_size": 64,
    "dropout_rate": 0.20731754183587076,
    "hidden_dim": 128,
    "learning_rate": 0.0005190874093847882,
    "num_layers": 6,
    "snapshot_T0": 7,
    "snapshot_T_mult": 2,
    "weight_decay": 4.4328625255898495e-05
  },
  "loss": 0.4090394296993812,
  "epochs_trained": 210,
  "architecture": "mlp",
  "mode": "block_ltho",
  "snapshot_objective_runs": null,
  "snapshot_epochs": 210,
  "n_snapshots": null,
  "cell_info": "north_america patch 32; south_america patch 22; south_america patch 36",
  "cell_losses": [
    0.08374936319887638,
    0.22856634482741356,
    0.9148025810718536
  ],
  "cell_infos": [
    "north_america patch 32",
    "south_america patch 22",
    "south_america patch 36"
  ]
}