{
  "hyperparams": {
    "batch_size": 256,
    "dropout_rate": 0.3536235581301923,
    "hidden_dim": 256,
    "learning_rate": 0.0005056366684906199,
    "num_layers": 2,
    "snapshot_T0": 10,
    "snapshot_T_mult": 2,
    "weight_decay": 2.411153499138346e-06
  },
  "loss": 0.07972551913311084,
  "epochs_trained": 210,
  "architecture": "mlp",
  "mode": "block_ltho",
  "snapshot_objective_runs": null,
  "snapshot_epochs": 210,
  "n_snapshots": null,
  "cell_info": "asia patch 125; europe patch 7; europe patch 19",
  "cell_losses": [
    0.06464598048478365,
    0.08167326264083385,
    0.09285731427371502
  ],
  "cell_infos": [
    "asia patch 125",
    "europe patch 7",
    "europe patch 19"
  ]
}