{
  "hyperparams": {
    "T_0": 30,
    "T_mult": 2,
    "batch_size": 16,
    "dropout_rate": 0.3319403778270108,
    "eta_min": 5.1938227308472467e-08,
    "lead_time_embedding_dim": 16,
    "learning_rate": 6.814704258444066e-05,
    "mlp_hidden_dim": 256,
    "mlp_layers": 3,
    "num_epochs": 750,
    "weight_decay": 0.00011326471763722645
  },
  "loss": 0.05980760492209537,
  "region_losses": {
    "india_6x6_24_120_216h_mlp": 0.05980760492209537
  },
  "architecture": "mlp"
}