{
  "hyperparams": {
    "T_0": 20,
    "T_mult": 1,
    "batch_size": 16,
    "dropout_rate": 0.3143517895978909,
    "eta_min": 6.92945454748055e-07,
    "lead_time_embedding_dim": 4,
    "learning_rate": 0.006549973462016697,
    "mlp_hidden_dim": 128,
    "mlp_layers": 5,
    "num_epochs": 100,
    "weight_decay": 0.0014658317293250575
  },
  "loss": 0.0865542782654225,
  "region_losses": {
    "india_6x6_24_120_216h_mlp": 0.0865542782654225
  },
  "architecture": "mlp"
}