{
  "hyperparams": {
    "T_0": 5,
    "T_mult": 2,
    "batch_size": 128,
    "dropout_rate": 0.35180074276530804,
    "eta_min": 2.2239145477391632e-06,
    "lead_time_embedding_dim": 8,
    "learning_rate": 0.004683616763865882,
    "mlp_hidden_dim": 256,
    "mlp_layers": 2,
    "num_epochs": 100,
    "weight_decay": 4.760130954193242e-05
  },
  "loss": 0.06782224868804636,
  "region_losses": {
    "india_6x6_24_120_216h_mlp": 0.06782224868804636
  },
  "architecture": "mlp"
}