{
  "hyperparams": {
    "T_0": 30,
    "T_mult": 2,
    "batch_size": 32,
    "dropout_rate": 0.2209403850671692,
    "eta_min": 1.4203918451326252e-07,
    "lead_time_embedding_dim": 16,
    "learning_rate": 0.0008062242350626214,
    "mlp_hidden_dim": 512,
    "mlp_layers": 6,
    "num_epochs": 750,
    "weight_decay": 5.7476497436115e-06
  },
  "loss": 0.059859081805451936,
  "region_losses": {
    "india_6x6_24_120_216h_mlp": 0.059859081805451936
  },
  "architecture": "mlp"
}