{
  "hyperparams": {
    "T_0": 30,
    "T_mult": 2,
    "batch_size": 32,
    "dropout_rate": 0.08591364226532844,
    "eta_min": 1.6670457102721967e-06,
    "lead_time_embedding_dim": 32,
    "learning_rate": 4.888802795854236e-05,
    "mlp_hidden_dim": 512,
    "mlp_layers": 4,
    "num_epochs": 500,
    "weight_decay": 1.2221301420243693e-06
  },
  "loss": 0.05701357799586556,
  "region_losses": {
    "india_6x6_24_120_216h_mlp": 0.05701357799586556
  },
  "architecture": "mlp"
}