{
  "hyperparams": {
    "T_0": 30,
    "T_mult": 3,
    "batch_size": 64,
    "dropout_rate": 0.26410009013068053,
    "eta_min": 2.061436725488219e-07,
    "lead_time_embedding_dim": 32,
    "learning_rate": 0.0003649197688240658,
    "mlp_hidden_dim": 512,
    "mlp_layers": 5,
    "num_epochs": 250,
    "weight_decay": 0.008254574608277393
  },
  "loss": 0.10323488512929056,
  "region_losses": {
    "india_6x6_24_120_216h_mlp": 0.10323488512929056
  },
  "architecture": "mlp"
}