{
  "hyperparams": {
    "T_0": 5,
    "T_mult": 1,
    "batch_size": 32,
    "dropout_rate": 0.11792449807635264,
    "eta_min": 8.454900792744553e-06,
    "lead_time_embedding_dim": 8,
    "learning_rate": 0.0014971295038841946,
    "mlp_hidden_dim": 256,
    "mlp_layers": 6,
    "num_epochs": 100,
    "weight_decay": 2.5646819655281925e-05
  },
  "loss": 0.06483485944953883,
  "region_losses": {
    "india_6x6_24_120_216h_mlp": 0.06483485944953883
  },
  "architecture": "mlp"
}