{
  "hyperparams": {
    "T_0": 5,
    "T_mult": 2,
    "batch_size": 16,
    "dropout_rate": 0.3095174329347075,
    "eta_min": 1.2779338098340663e-08,
    "lead_time_embedding_dim": 4,
    "learning_rate": 0.006048138482898939,
    "mlp_hidden_dim": 64,
    "mlp_layers": 4,
    "num_epochs": 50,
    "weight_decay": 0.008289412543086832
  },
  "loss": 0.10211614305984246,
  "region_losses": {
    "india_6x6_24_120_216h_mlp": 0.10211614305984246
  },
  "architecture": "mlp"
}