{
  "hyperparams": {
    "T_0": 5,
    "T_mult": 1,
    "batch_size": 64,
    "dropout_rate": 0.21525554971454208,
    "eta_min": 5.6189759865799156e-08,
    "lead_time_embedding_dim": 8,
    "learning_rate": 9.958081672124586e-05,
    "mlp_hidden_dim": 64,
    "mlp_layers": 5,
    "num_epochs": 100,
    "weight_decay": 0.003076373780264899
  },
  "loss": 0.07900135418478872,
  "region_losses": {
    "india_6x6_24_120_216h_mlp": 0.07900135418478872
  },
  "architecture": "mlp"
}