{
  "hyperparams": {
    "T_0": 15,
    "T_mult": 2,
    "batch_size": 32,
    "dropout_rate": 0.26643391186135057,
    "eta_min": 1.968031008655134e-08,
    "lead_time_embedding_dim": 32,
    "learning_rate": 0.008853814992300646,
    "mlp_hidden_dim": 512,
    "mlp_layers": 2,
    "num_epochs": 100,
    "weight_decay": 2.642433833193076e-05
  },
  "loss": 0.07528032386946566,
  "region_losses": {
    "india_6x6_24_120_216h_mlp": 0.07528032386946566
  },
  "architecture": "mlp"
}