{
  "hyperparams": {
    "T_0": 10,
    "T_mult": 1,
    "batch_size": 128,
    "dropout_rate": 0.40486432479641654,
    "eta_min": 2.658185557704618e-08,
    "lead_time_embedding_dim": 4,
    "learning_rate": 0.0004049453144792799,
    "mlp_hidden_dim": 256,
    "mlp_layers": 5,
    "num_epochs": 100,
    "weight_decay": 1.4316720581642935e-05
  },
  "loss": 0.0663977098506941,
  "region_losses": {
    "india_6x6_24_120_216h_mlp": 0.0663977098506941
  },
  "architecture": "mlp"
}