{
  "hyperparams": {
    "T_0": 15,
    "T_mult": 3,
    "batch_size": 128,
    "dropout_rate": 0.1159898498676682,
    "eta_min": 8.507469868926783e-07,
    "lead_time_embedding_dim": 32,
    "learning_rate": 1.439041555740041e-05,
    "mlp_hidden_dim": 64,
    "mlp_layers": 6,
    "num_epochs": 50,
    "weight_decay": 0.0038441806443716637
  },
  "loss": 0.11283786923672671,
  "region_losses": {
    "india_6x6_24_120_216h_mlp": 0.11283786923672671
  },
  "architecture": "mlp"
}