{
  "hyperparams": {
    "T_0": 15,
    "T_mult": 2,
    "batch_size": 32,
    "dropout_rate": 0.30459662169516805,
    "eta_min": 1.28681607219713e-07,
    "lead_time_embedding_dim": 16,
    "learning_rate": 1.1708253928724538e-06,
    "mlp_hidden_dim": 128,
    "mlp_layers": 4,
    "num_epochs": 250,
    "weight_decay": 4.207555665507522e-06
  },
  "loss": 0.07831985290061699,
  "region_losses": {
    "india_6x6_24_120_216h_mlp": 0.07831985290061699
  },
  "architecture": "mlp"
}