{
  "hyperparams": {
    "T_0": 30,
    "T_mult": 1,
    "batch_size": 16,
    "dropout_rate": 0.43440331624794265,
    "eta_min": 2.97721814131337e-06,
    "lead_time_embedding_dim": 32,
    "learning_rate": 7.453970527723136e-05,
    "mlp_hidden_dim": 256,
    "mlp_layers": 6,
    "num_epochs": 500,
    "weight_decay": 2.7833377592644275e-05
  },
  "loss": 0.06328665702975413,
  "region_losses": {
    "india_6x6_24_120_216h_mlp": 0.06328665702975413
  },
  "architecture": "mlp"
}