{
  "hyperparams": {
    "T_0": 5,
    "T_mult": 2,
    "batch_size": 64,
    "dropout_rate": 0.12285126729551105,
    "eta_min": 7.319624063373707e-08,
    "lead_time_embedding_dim": 8,
    "learning_rate": 1.3882512799173855e-06,
    "mlp_hidden_dim": 64,
    "mlp_layers": 7,
    "num_epochs": 100,
    "weight_decay": 0.0024419026278677198
  },
  "loss": 0.11424981708257971,
  "region_losses": {
    "india_6x6_24_120_216h_mlp": 0.11424981708257971
  },
  "architecture": "mlp"
}