{
  "hyperparams": {
    "T_0": 20,
    "T_mult": 2,
    "batch_size": 32,
    "dropout_rate": 0.3777258391655437,
    "eta_min": 7.997899649997106e-06,
    "lead_time_embedding_dim": 32,
    "learning_rate": 0.001267279171152895,
    "mlp_hidden_dim": 512,
    "mlp_layers": 2,
    "num_epochs": 100,
    "weight_decay": 0.001530609583390687
  },
  "loss": 0.07473879052159932,
  "region_losses": {
    "india_6x6_24_120_216h_mlp": 0.07473879052159932
  },
  "architecture": "mlp"
}