{
  "hyperparams": {
    "T_0": 30,
    "T_mult": 2,
    "batch_size": 64,
    "dropout_rate": 0.17261818117066255,
    "eta_min": 3.245322228478705e-08,
    "lead_time_embedding_dim": 16,
    "learning_rate": 4.406003996973161e-06,
    "mlp_hidden_dim": 256,
    "mlp_layers": 6,
    "num_epochs": 750,
    "weight_decay": 6.0479259052966586e-05
  },
  "loss": 0.06857696595326276,
  "region_losses": {
    "india_6x6_24_120_216h_mlp": 0.06857696595326276
  },
  "architecture": "mlp"
}