{
  "hyperparams": {
    "T_0": 20,
    "T_mult": 2,
    "batch_size": 16,
    "dropout_rate": 0.17968771460610128,
    "eta_min": 2.789725096704006e-07,
    "lead_time_embedding_dim": 16,
    "learning_rate": 0.0003216201631425529,
    "mlp_hidden_dim": 512,
    "mlp_layers": 6,
    "num_epochs": 50,
    "weight_decay": 0.0010994630229679996
  },
  "loss": 0.08266029160627177,
  "region_losses": {
    "india_6x6_24_120_216h_mlp": 0.08266029160627177
  },
  "architecture": "mlp"
}