{
  "hyperparams": {
    "T_0": 20,
    "T_mult": 2,
    "batch_size": 16,
    "dropout_rate": 0.3565489113605155,
    "eta_min": 1.096376271996466e-07,
    "lead_time_embedding_dim": 16,
    "learning_rate": 0.00017836117249205347,
    "mlp_hidden_dim": 512,
    "mlp_layers": 2,
    "num_epochs": 250,
    "weight_decay": 1.3293635481903801e-05
  },
  "loss": 0.05487838742528723,
  "region_losses": {
    "india_6x6_24_120_216h_mlp": 0.05487838742528723
  },
  "architecture": "mlp"
}