{
  "hyperparams": {
    "T_0": 30,
    "T_mult": 2,
    "batch_size": 128,
    "dropout_rate": 0.15668548884268702,
    "eta_min": 4.442131166243434e-08,
    "lead_time_embedding_dim": 16,
    "learning_rate": 2.6435139269728572e-06,
    "mlp_hidden_dim": 128,
    "mlp_layers": 3,
    "num_epochs": 750,
    "weight_decay": 4.7345884109226084e-05
  },
  "loss": 0.07203611364247094,
  "region_losses": {
    "india_6x6_24_120_216h_mlp": 0.07203611364247094
  },
  "architecture": "mlp"
}