{
  "hyperparams": {
    "T_0": 30,
    "T_mult": 2,
    "batch_size": 16,
    "dropout_rate": 0.16542544023303468,
    "eta_min": 2.74030103697113e-07,
    "lead_time_embedding_dim": 16,
    "learning_rate": 0.00018679795331893976,
    "mlp_hidden_dim": 512,
    "mlp_layers": 2,
    "num_epochs": 750,
    "weight_decay": 3.996714384392403e-06
  },
  "loss": 0.054119700102459097,
  "region_losses": {
    "india_6x6_24_120_216h_mlp": 0.054119700102459097
  },
  "architecture": "mlp"
}