{
  "hyperparams": {
    "T_0": 30,
    "T_mult": 3,
    "batch_size": 16,
    "dropout_rate": 0.06364599596872583,
    "eta_min": 4.858490580054355e-07,
    "lead_time_embedding_dim": 16,
    "learning_rate": 4.0936603804065565e-06,
    "mlp_hidden_dim": 512,
    "mlp_layers": 2,
    "num_epochs": 750,
    "weight_decay": 6.3654336436415015e-06
  },
  "loss": 0.05611343895185721,
  "region_losses": {
    "india_6x6_24_120_216h_mlp": 0.05611343895185721
  },
  "architecture": "mlp"
}