{
  "hyperparams": {
    "T_0": 5,
    "T_mult": 3,
    "batch_size": 128,
    "dropout_rate": 0.24778933816809146,
    "eta_min": 1.4365296743890787e-07,
    "lead_time_embedding_dim": 4,
    "learning_rate": 8.669714431623457e-06,
    "mlp_hidden_dim": 1024,
    "mlp_layers": 4,
    "num_epochs": 750,
    "weight_decay": 5.210913466175803e-06
  },
  "loss": 0.0590300365163127,
  "region_losses": {
    "india_6x6_24_120_216h_mlp": 0.0590300365163127
  },
  "architecture": "mlp"
}