{
  "hyperparams": {
    "T_0": 30,
    "T_mult": 2,
    "batch_size": 16,
    "dropout_rate": 0.0009905949550669917,
    "eta_min": 5.806550866233219e-07,
    "lead_time_embedding_dim": 16,
    "learning_rate": 1.2304757814742349e-05,
    "mlp_hidden_dim": 1024,
    "mlp_layers": 2,
    "num_epochs": 750,
    "weight_decay": 7.808702904029446e-05
  },
  "loss": 0.05607888034321892,
  "region_losses": {
    "india_6x6_24_120_216h_mlp": 0.05607888034321892
  },
  "architecture": "mlp"
}