{
  "hyperparams": {
    "T_0": 30,
    "T_mult": 2,
    "batch_size": 16,
    "dropout_rate": 0.01748601670297202,
    "eta_min": 5.166535935137916e-07,
    "lead_time_embedding_dim": 16,
    "learning_rate": 2.7075661350771362e-05,
    "mlp_hidden_dim": 512,
    "mlp_layers": 2,
    "num_epochs": 750,
    "weight_decay": 7.968126640058545e-05
  },
  "loss": 0.05318256854101526,
  "region_losses": {
    "india_6x6_24_120_216h_mlp": 0.05318256854101526
  },
  "architecture": "mlp"
}