{
  "hyperparams": {
    "T_0": 30,
    "T_mult": 2,
    "batch_size": 16,
    "dropout_rate": 0.2061527620895523,
    "eta_min": 2.639446258345007e-07,
    "lead_time_embedding_dim": 8,
    "learning_rate": 0.0005046744993419786,
    "mlp_hidden_dim": 128,
    "mlp_layers": 5,
    "num_epochs": 50,
    "weight_decay": 2.0307763096075523e-05
  },
  "loss": 0.06256892394816652,
  "region_losses": {
    "india_6x6_24_120_216h_mlp": 0.06256892394816652
  },
  "architecture": "mlp"
}