{
  "hyperparams": {
    "T_0": 30,
    "T_mult": 2,
    "batch_size": 64,
    "dropout_rate": 0.24061598871618511,
    "eta_min": 1.8283930326794447e-08,
    "lead_time_embedding_dim": 16,
    "learning_rate": 2.0988170611852907e-06,
    "mlp_hidden_dim": 128,
    "mlp_layers": 4,
    "num_epochs": 250,
    "weight_decay": 1.0195884810774575e-05
  },
  "loss": 0.07744870579718424,
  "region_losses": {
    "india_6x6_24_120_216h_mlp": 0.07744870579718424
  },
  "architecture": "mlp"
}