{
  "hyperparams": {
    "T_0": 30,
    "T_mult": 3,
    "batch_size": 64,
    "dropout_rate": 0.4051803275087045,
    "eta_min": 7.315516704587396e-08,
    "lead_time_embedding_dim": 8,
    "learning_rate": 0.00456879793893771,
    "mlp_hidden_dim": 64,
    "mlp_layers": 3,
    "num_epochs": 250,
    "weight_decay": 0.0009725748232497825
  },
  "loss": 0.07729211659498618,
  "region_losses": {
    "india_6x6_24_120_216h_mlp": 0.07729211659498618
  },
  "architecture": "mlp"
}