{
  "hyperparams": {
    "T_0": 10,
    "T_mult": 1,
    "batch_size": 32,
    "dropout_rate": 0.2306230630273532,
    "eta_min": 1.0179189855531337e-06,
    "lead_time_embedding_dim": 8,
    "learning_rate": 0.009655039489459404,
    "mlp_hidden_dim": 256,
    "mlp_layers": 4,
    "num_epochs": 500,
    "weight_decay": 0.00016605854449996813
  },
  "loss": 0.07564907814835159,
  "region_losses": {
    "india_6x6_24_120_216h_mlp": 0.07564907814835159
  },
  "architecture": "mlp"
}