{
  "hyperparams": {
    "T_0": 30,
    "T_mult": 1,
    "batch_size": 16,
    "dropout_rate": 0.49627343876749336,
    "eta_min": 3.666450404167225e-07,
    "lead_time_embedding_dim": 16,
    "learning_rate": 2.281735509869754e-05,
    "mlp_hidden_dim": 512,
    "mlp_layers": 2,
    "num_epochs": 750,
    "weight_decay": 0.0005979727362288243
  },
  "loss": 0.062095230908740855,
  "region_losses": {
    "india_6x6_24_120_216h_mlp": 0.062095230908740855
  },
  "architecture": "mlp"
}