{
  "hyperparams": {
    "T_0": 20,
    "T_mult": 2,
    "batch_size": 16,
    "dropout_rate": 0.1899469871925395,
    "eta_min": 2.0283002296286774e-07,
    "lead_time_embedding_dim": 8,
    "learning_rate": 9.900008724221911e-05,
    "mlp_hidden_dim": 512,
    "mlp_layers": 7,
    "num_epochs": 500,
    "weight_decay": 4.029547879485624e-05
  },
  "loss": 0.054456670379414804,
  "region_losses": {
    "india_6x6_24_120_216h_mlp": 0.054456670379414804
  },
  "architecture": "mlp"
}