{
  "hyperparams": {
    "T_0": 10,
    "T_mult": 3,
    "batch_size": 16,
    "dropout_rate": 0.35800984633737165,
    "eta_min": 9.113116477137484e-07,
    "lead_time_embedding_dim": 16,
    "learning_rate": 6.477418651862607e-05,
    "mlp_hidden_dim": 64,
    "mlp_layers": 4,
    "num_epochs": 50,
    "weight_decay": 2.087183594299229e-06
  },
  "loss": 0.07027690014648885,
  "region_losses": {
    "india_6x6_24_120_216h_mlp": 0.07027690014648885
  },
  "architecture": "mlp"
}