{
  "hyperparams": {
    "T_0": 20,
    "T_mult": 2,
    "batch_size": 16,
    "dropout_rate": 0.09596089821915069,
    "eta_min": 1.2401676769641319e-08,
    "lead_time_embedding_dim": 32,
    "learning_rate": 0.00015944844668656428,
    "mlp_hidden_dim": 512,
    "mlp_layers": 2,
    "num_epochs": 750,
    "weight_decay": 8.735192756391832e-06
  },
  "loss": 0.055270393409639455,
  "region_losses": {
    "india_6x6_24_120_216h_mlp": 0.055270393409639455
  },
  "architecture": "mlp"
}