{
  "hyperparams": {
    "T_0": 30,
    "T_mult": 2,
    "batch_size": 16,
    "dropout_rate": 0.10024703764049366,
    "eta_min": 1.9240781685883664e-06,
    "lead_time_embedding_dim": 4,
    "learning_rate": 0.00020504828418477334,
    "mlp_hidden_dim": 1024,
    "mlp_layers": 2,
    "num_epochs": 750,
    "weight_decay": 0.00014261629116805603
  },
  "loss": 0.05798936727076349,
  "region_losses": {
    "india_6x6_24_120_216h_mlp": 0.05798936727076349
  },
  "architecture": "mlp"
}