{
  "hyperparams": {
    "T_0": 5,
    "T_mult": 2,
    "batch_size": 32,
    "dropout_rate": 0.28563610287648505,
    "eta_min": 1.2797776919632798e-06,
    "lead_time_embedding_dim": 8,
    "learning_rate": 0.0002882575815461856,
    "mlp_hidden_dim": 512,
    "mlp_layers": 5,
    "num_epochs": 750,
    "weight_decay": 0.00023876778528457519
  },
  "loss": 0.06454039212893432,
  "region_losses": {
    "india_6x6_24_120_216h_mlp": 0.06454039212893432
  },
  "architecture": "mlp"
}