{
  "hyperparams": {
    "T_0": 15,
    "T_mult": 2,
    "batch_size": 16,
    "dropout_rate": 0.08152732656406175,
    "eta_min": 7.401068376273784e-08,
    "lead_time_embedding_dim": 8,
    "learning_rate": 1.2261987527228555e-06,
    "mlp_hidden_dim": 512,
    "mlp_layers": 2,
    "num_epochs": 100,
    "weight_decay": 1.7833906094531923e-06
  },
  "loss": 0.07095650151511873,
  "region_losses": {
    "india_6x6_24_120_216h_mlp": 0.07095650151511873
  },
  "architecture": "mlp"
}