{
  "hyperparams": {
    "T_0": 10,
    "T_mult": 1,
    "batch_size": 16,
    "dropout_rate": 0.45208521793959544,
    "eta_min": 1.345924420366129e-06,
    "lead_time_embedding_dim": 4,
    "learning_rate": 3.160063046968138e-05,
    "mlp_hidden_dim": 64,
    "mlp_layers": 7,
    "num_epochs": 250,
    "weight_decay": 9.213186054916465e-06
  },
  "loss": 0.07382786912327641,
  "region_losses": {
    "india_6x6_24_120_216h_mlp": 0.07382786912327641
  },
  "architecture": "mlp"
}