{
  "hyperparams": {
    "T_0": 30,
    "T_mult": 1,
    "batch_size": 16,
    "dropout_rate": 0.13336472423996912,
    "eta_min": 2.7835301602614116e-06,
    "lead_time_embedding_dim": 16,
    "learning_rate": 0.0030312387550654758,
    "mlp_hidden_dim": 512,
    "mlp_layers": 2,
    "num_epochs": 500,
    "weight_decay": 3.4876473628027953e-06
  },
  "loss": 0.06489016479449652,
  "region_losses": {
    "india_6x6_24_120_216h_mlp": 0.06489016479449652
  },
  "architecture": "mlp"
}