{
  "hyperparams": {
    "T_0": 30,
    "T_mult": 1,
    "batch_size": 16,
    "dropout_rate": 0.029949128674199983,
    "eta_min": 6.435336777069909e-07,
    "lead_time_embedding_dim": 16,
    "learning_rate": 2.3714129309516406e-05,
    "mlp_hidden_dim": 512,
    "mlp_layers": 2,
    "num_epochs": 750,
    "weight_decay": 8.649017846444558e-05
  },
  "loss": 0.0542339505409131,
  "region_losses": {
    "india_6x6_24_120_216h_mlp": 0.0542339505409131
  },
  "architecture": "mlp"
}