{
  "hyperparams": {
    "batch_size": 256,
    "dropout_rate": 0.25417258441962787,
    "hidden_dim": 1024,
    "lead_time_embedding_dim": 8,
    "learning_rate": 0.0003079975448788366,
    "min_delta": 0.0001267033923674716,
    "num_layers": 2,
    "patience": 20,
    "weight_decay": 4.202052656729261e-05
  },
  "loss": 0.05715392752536578,
  "epochs_trained": 211,
  "architecture": "mlp"
}