{
  "hyperparams": {
    "batch_size": 128,
    "dropout_rate": 0.21244235685642662,
    "hidden_dim": 256,
    "lead_time_embedding_dim": 4,
    "learning_rate": 1.4165684340412708e-05,
    "min_delta": 6.991340529158316e-05,
    "num_layers": 3,
    "patience": 30,
    "weight_decay": 0.00038102294806482056
  },
  "loss": 0.06753971249793228,
  "epochs_trained": 300,
  "architecture": "mlp",
  "mode": "early-stopping",
  "snapshot_objective_runs": null,
  "snapshot_epochs": 210,
  "n_snapshots": null,
  "cell_info": "india"
}