{
  "hyperparams": {
    "batch_size": 256,
    "dropout_rate": 0.25379358820260817,
    "hidden_dim": 1024,
    "lead_time_embedding_dim": 8,
    "learning_rate": 0.0003022894870399422,
    "min_delta": 0.00012385414276785102,
    "num_layers": 2,
    "patience": 25,
    "weight_decay": 2.037603162158022e-06
  },
  "loss": 0.055997766661774605,
  "epochs_trained": 288,
  "architecture": "mlp"
}