{
  "hyperparams": {
    "batch_size": 256,
    "dropout_rate": 0.29945705679180173,
    "hidden_dim": 256,
    "lead_time_embedding_dim": 8,
    "learning_rate": 0.000322166176876149,
    "min_delta": 0.00016497475506208729,
    "num_layers": 4,
    "patience": 25,
    "weight_decay": 9.228205535881069e-06
  },
  "loss": 0.06412327388406762,
  "epochs_trained": 165,
  "architecture": "mlp"
}