{
  "hyperparams": {
    "batch_size": 64,
    "dropout_rate": 0.24141393507870795,
    "hidden_dim": 512,
    "lead_time_embedding_dim": 16,
    "learning_rate": 0.0004682827871162068,
    "min_delta": 0.00010974979596326062,
    "num_layers": 5,
    "patience": 50,
    "weight_decay": 4.3409525602332244e-05
  },
  "loss": 0.06234285531022007,
  "epochs_trained": 300,
  "architecture": "mlp",
  "mode": "early-stopping",
  "snapshot_objective_runs": null,
  "snapshot_epochs": 210,
  "n_snapshots": null,
  "cell_info": "india"
}