{
  "hyperparams": {
    "batch_size": 256,
    "dropout_rate": 0.23753881589772363,
    "hidden_dim": 512,
    "lead_time_embedding_dim": 16,
    "learning_rate": 0.00018040287222482294,
    "min_delta": 0.00013526453911136898,
    "num_layers": 5,
    "patience": 50,
    "weight_decay": 0.000957777613456543
  },
  "loss": 0.06956965890052409,
  "epochs_trained": 156,
  "architecture": "mlp",
  "mode": "early-stopping",
  "snapshot_objective_runs": null,
  "snapshot_epochs": 210,
  "n_snapshots": null,
  "cell_info": "india"
}