{
  "hyperparams": {
    "batch_size": 256,
    "dropout_rate": 0.20962891477004258,
    "hidden_dim": 1024,
    "lead_time_embedding_dim": 32,
    "learning_rate": 0.0003789341205179408,
    "min_delta": 3.2196970977246694e-05,
    "num_layers": 2,
    "patience": 20,
    "weight_decay": 6.921115985256088e-06
  },
  "loss": 0.056761123106794514,
  "epochs_trained": 245,
  "architecture": "mlp"
}