{
  "hyperparams": {
    "batch_size": 64,
    "dropout_rate": 0.24596297291944036,
    "hidden_dim": 512,
    "lead_time_embedding_dim": 16,
    "learning_rate": 0.00016553190827217146,
    "min_delta": 0.0003221188431833602,
    "num_layers": 2,
    "patience": 50,
    "weight_decay": 2.333642791099366e-06
  },
  "loss": 0.05988674884986438,
  "epochs_trained": 214,
  "architecture": "mlp",
  "mode": "early-stopping",
  "snapshot_objective_runs": null,
  "snapshot_epochs": 210,
  "n_snapshots": null,
  "cell_info": "india"
}