{
  "hyperparams": {
    "batch_size": 256,
    "dropout_rate": 0.21321397912645698,
    "hidden_dim": 1024,
    "lead_time_embedding_dim": 32,
    "learning_rate": 0.0004106694180422517,
    "min_delta": 0.00016033782026627256,
    "num_layers": 2,
    "patience": 15,
    "weight_decay": 1.0812296459741918e-06
  },
  "loss": 0.0573200391478742,
  "epochs_trained": 155,
  "architecture": "mlp"
}