{
  "hyperparams": {
    "batch_size": 64,
    "dropout_rate": 0.16391980596064856,
    "hidden_dim": 512,
    "lead_time_embedding_dim": 16,
    "learning_rate": 0.0005768019273004799,
    "min_delta": 0.0008617640984446629,
    "num_layers": 2,
    "patience": 50,
    "weight_decay": 4.678684403963319e-06
  },
  "loss": 0.0620139481708184,
  "epochs_trained": 124,
  "architecture": "mlp",
  "mode": "early-stopping",
  "snapshot_objective_runs": null,
  "snapshot_epochs": 210,
  "n_snapshots": null,
  "cell_info": "india"
}