{
  "hyperparams": {
    "batch_size": 256,
    "dropout_rate": 0.2176056192350923,
    "hidden_dim": 1024,
    "lead_time_embedding_dim": 8,
    "learning_rate": 0.00011256477006911975,
    "min_delta": 2.9189869775583016e-05,
    "num_layers": 6,
    "patience": 30,
    "weight_decay": 1.4688862722364696e-06
  },
  "loss": 0.06066229358538899,
  "epochs_trained": 211,
  "architecture": "mlp"
}