{
  "hyperparams": {
    "batch_size": 256,
    "dropout_rate": 0.22142395823636052,
    "hidden_dim": 1024,
    "lead_time_embedding_dim": 8,
    "learning_rate": 0.0011099749555014012,
    "min_delta": 0.00011443839159538667,
    "num_layers": 2,
    "patience": 25,
    "weight_decay": 2.570509442083692e-06
  },
  "loss": 0.057609653360325294,
  "epochs_trained": 300,
  "architecture": "mlp"
}