{
  "hyperparams": {
    "batch_size": 64,
    "dropout_rate": 0.19405316518719687,
    "hidden_dim": 512,
    "lead_time_embedding_dim": 16,
    "learning_rate": 0.0009566541050415301,
    "min_delta": 2.336482651752356e-05,
    "num_layers": 10,
    "patience": 50,
    "weight_decay": 3.0494755780626067e-05
  },
  "loss": 0.06576237355755275,
  "epochs_trained": 300,
  "architecture": "mlp",
  "mode": "early-stopping",
  "snapshot_objective_runs": null,
  "snapshot_epochs": 210,
  "n_snapshots": null,
  "cell_info": "india"
}