{
  "hyperparams": {
    "batch_size": 256,
    "dropout_rate": 0.2619097411785189,
    "hidden_dim": 64,
    "lead_time_embedding_dim": 8,
    "learning_rate": 0.001306337718324137,
    "min_delta": 2.8202151163330614e-05,
    "num_layers": 2,
    "patience": 25,
    "weight_decay": 3.1059260165605126e-05
  },
  "loss": 0.06552706647668605,
  "epochs_trained": 187,
  "architecture": "mlp"
}