{
  "hyperparams": {
    "batch_size": 256,
    "dropout_rate": 0.2641003996297821,
    "hidden_dim": 128,
    "lead_time_embedding_dim": 8,
    "learning_rate": 0.0007509167289797996,
    "min_delta": 0.0005743063274315924,
    "num_layers": 4,
    "patience": 25,
    "weight_decay": 1.57138996451559e-05
  },
  "loss": 0.06513302999246767,
  "epochs_trained": 146,
  "architecture": "mlp"
}