{
  "hyperparams": {
    "batch_size": 128,
    "dropout_rate": 0.16120638152050448,
    "hidden_dim": 256,
    "lead_time_embedding_dim": 4,
    "learning_rate": 1.0580520612956844e-05,
    "min_delta": 1.925103835872131e-05,
    "num_layers": 2,
    "patience": 100,
    "weight_decay": 0.00026174395674004796
  },
  "loss": 0.06651708944308579,
  "epochs_trained": 300,
  "architecture": "mlp",
  "mode": "early-stopping",
  "snapshot_objective_runs": null,
  "snapshot_epochs": 210,
  "n_snapshots": null,
  "cell_info": "india"
}