{
  "hyperparams": {
    "batch_size": 256,
    "dropout_rate": 0.2243737399642558,
    "hidden_dim": 512,
    "lead_time_embedding_dim": 32,
    "learning_rate": 0.001582783645003866,
    "min_delta": 0.0007057822364442163,
    "num_layers": 2,
    "patience": 15,
    "weight_decay": 2.621785555949902e-06
  },
  "loss": 0.06776327877858655,
  "epochs_trained": 50,
  "architecture": "mlp"
}