{
  "hyperparams": {
    "batch_size": 64,
    "dropout_rate": 0.17504664815581567,
    "hidden_dim": 256,
    "lead_time_embedding_dim": 32,
    "learning_rate": 0.0001268591751678607,
    "min_delta": 0.00040628233029325097,
    "num_layers": 4,
    "patience": 20,
    "weight_decay": 0.0001518054073144125
  },
  "loss": 0.06702500879077075,
  "epochs_trained": 93,
  "architecture": "mlp"
}