{
  "hyperparams": {
    "batch_size": 128,
    "dropout_rate": 0.169962938757682,
    "hidden_dim": 1024,
    "lead_time_embedding_dim": 32,
    "learning_rate": 0.00011930291157281634,
    "min_delta": 0.00043925446801568814,
    "num_layers": 3,
    "patience": 15,
    "weight_decay": 6.260377227043324e-06
  },
  "loss": 0.0610738318271703,
  "epochs_trained": 83,
  "architecture": "mlp"
}