{
  "hyperparams": {
    "batch_size": 256,
    "dropout_rate": 0.24036866869319992,
    "hidden_dim": 256,
    "lead_time_embedding_dim": 32,
    "learning_rate": 0.0002504691555492174,
    "min_delta": 5.5187030316683915e-05,
    "num_layers": 6,
    "patience": 20,
    "weight_decay": 5.579725497723303e-06
  },
  "loss": 0.06444870801309538,
  "epochs_trained": 249,
  "architecture": "mlp"
}