{
  "hyperparams": {
    "batch_size": 64,
    "dropout_rate": 0.18192355624536657,
    "hidden_dim": 512,
    "lead_time_embedding_dim": 16,
    "learning_rate": 0.003178162524964575,
    "min_delta": 3.353927029075493e-05,
    "num_layers": 2,
    "patience": 15,
    "weight_decay": 0.00012573617041547548
  },
  "loss": 0.06499926170125828,
  "epochs_trained": 150,
  "architecture": "mlp",
  "mode": "early-stopping",
  "snapshot_objective_runs": null,
  "snapshot_epochs": 210,
  "n_snapshots": null,
  "cell_info": "india"
}