{
  "hyperparams": {
    "batch_size": 256,
    "dropout_rate": 0.27310420925091955,
    "hidden_dim": 1024,
    "lead_time_embedding_dim": 8,
    "learning_rate": 0.0004669552547514973,
    "min_delta": 0.00022144649300764613,
    "num_layers": 2,
    "patience": 15,
    "weight_decay": 4.373085892916188e-06
  },
  "loss": 0.05822487324562177,
  "epochs_trained": 159,
  "architecture": "mlp"
}