{
  "hyperparams": {
    "batch_size": 256,
    "dropout_rate": 0.22549161488069844,
    "hidden_dim": 128,
    "lead_time_embedding_dim": 8,
    "learning_rate": 0.00024344742881716232,
    "min_delta": 0.00025932153508380373,
    "num_layers": 2,
    "patience": 25,
    "weight_decay": 5.975793888047401e-06
  },
  "loss": 0.06221035280132789,
  "epochs_trained": 255,
  "architecture": "mlp"
}