{
  "hyperparams": {
    "batch_size": 256,
    "dropout_rate": 0.27724805226059424,
    "hidden_dim": 512,
    "lead_time_embedding_dim": 8,
    "learning_rate": 0.000741788949111238,
    "min_delta": 5.6273138100171925e-05,
    "num_layers": 2,
    "patience": 20,
    "weight_decay": 0.00011806367398635248
  },
  "loss": 0.06221829760806783,
  "epochs_trained": 212,
  "architecture": "mlp"
}