{
  "hyperparams": {
    "batch_size": 128,
    "dropout_rate": 0.2259891333539019,
    "hidden_dim": 64,
    "lead_time_embedding_dim": 8,
    "learning_rate": 0.00266431849780232,
    "min_delta": 0.00010280247560420769,
    "num_layers": 2,
    "patience": 20,
    "weight_decay": 1.2414315580247774e-06
  },
  "loss": 0.06730211572130797,
  "epochs_trained": 188,
  "architecture": "mlp"
}