{
  "hyperparams": {
    "batch_size": 256,
    "dropout_rate": 0.21911173801174585,
    "hidden_dim": 1024,
    "lead_time_embedding_dim": 8,
    "learning_rate": 0.00010100578039355182,
    "min_delta": 6.160979688846473e-05,
    "num_layers": 2,
    "patience": 20,
    "weight_decay": 4.0406602319598564e-06
  },
  "loss": 0.05722659794052992,
  "epochs_trained": 201,
  "architecture": "mlp"
}