{
  "hyperparams": {
    "batch_size": 64,
    "dropout_rate": 0.2327578614009578,
    "hidden_dim": 128,
    "lead_time_embedding_dim": 4,
    "learning_rate": 0.0006746361075228671,
    "min_delta": 1.5978557806443463e-05,
    "num_layers": 6,
    "patience": 50,
    "weight_decay": 0.00039328486807559316
  },
  "loss": 0.07121349823034896,
  "epochs_trained": 267,
  "architecture": "mlp",
  "mode": "early-stopping",
  "snapshot_objective_runs": null,
  "snapshot_epochs": 210,
  "n_snapshots": null,
  "cell_info": "india"
}