{
  "hyperparams": {
    "batch_size": 256,
    "dropout_rate": 0.27507496901266104,
    "hidden_dim": 1024,
    "lead_time_embedding_dim": 8,
    "learning_rate": 0.00042514936827732475,
    "min_delta": 0.00022067915022464568,
    "num_layers": 2,
    "patience": 20,
    "weight_decay": 5.918004144170686e-06
  },
  "loss": 0.05765832604833953,
  "epochs_trained": 172,
  "architecture": "mlp"
}