{
  "hyperparams": {
    "batch_size": 64,
    "dropout_rate": 0.2802701740876123,
    "hidden_dim": 64,
    "lead_time_embedding_dim": 8,
    "learning_rate": 0.00010379906475557268,
    "min_delta": 3.8700139151134794e-05,
    "num_layers": 2,
    "patience": 25,
    "weight_decay": 3.361698716124093e-06
  },
  "loss": 0.06573459185496608,
  "epochs_trained": 210,
  "architecture": "mlp"
}