{
  "hyperparams": {
    "batch_size": 128,
    "dropout_rate": 0.25275479399768286,
    "hidden_dim": 1024,
    "lead_time_embedding_dim": 8,
    "learning_rate": 0.0007450548022914418,
    "min_delta": 3.105249723393277e-05,
    "num_layers": 2,
    "patience": 50,
    "weight_decay": 0.0002838697008588935
  },
  "loss": 0.06461523714740658,
  "epochs_trained": 300,
  "architecture": "mlp",
  "mode": "early-stopping",
  "snapshot_objective_runs": null,
  "snapshot_epochs": 210,
  "n_snapshots": null,
  "cell_info": "india"
}