{
  "hyperparams": {
    "batch_size": 256,
    "dropout_rate": 0.26741993676793085,
    "hidden_dim": 128,
    "lead_time_embedding_dim": 16,
    "learning_rate": 1.0796736467043777e-06,
    "min_delta": 0.00012396924834421198,
    "num_layers": 3,
    "patience": 30,
    "weight_decay": 1.1636335874892328e-05
  },
  "loss": 0.10317344821757511,
  "epochs_trained": 300,
  "architecture": "mlp",
  "mode": "early-stopping",
  "snapshot_objective_runs": null,
  "snapshot_epochs": 210,
  "n_snapshots": null,
  "cell_info": "india"
}