{
  "hyperparams": {
    "batch_size": 256,
    "dropout_rate": 0.17019041929783185,
    "hidden_dim": 256,
    "lead_time_embedding_dim": 8,
    "learning_rate": 0.005118032535665682,
    "min_delta": 0.0002844369067561595,
    "num_layers": 2,
    "patience": 30,
    "weight_decay": 1.3124901638311955e-05
  },
  "loss": 0.06292806328580454,
  "epochs_trained": 277,
  "architecture": "mlp"
}