{
  "hyperparams": {
    "batch_size": 256,
    "dropout_rate": 0.10620938758300831,
    "hidden_dim": 128,
    "lead_time_embedding_dim": 32,
    "learning_rate": 0.00010383803068335877,
    "min_delta": 3.1061512958278636e-05,
    "num_layers": 6,
    "patience": 20,
    "weight_decay": 0.0001467701319780435
  },
  "loss": 0.06773441313253555,
  "epochs_trained": 281,
  "architecture": "mlp"
}