{
  "hyperparams": {
    "batch_size": 64,
    "dropout_rate": 0.25527824637185603,
    "hidden_dim": 256,
    "lead_time_embedding_dim": 4,
    "learning_rate": 0.0019039540142375168,
    "min_delta": 0.0002251921911469123,
    "num_layers": 5,
    "patience": 50,
    "weight_decay": 0.0001979272476429678
  },
  "loss": 0.0669966104258853,
  "epochs_trained": 300,
  "architecture": "mlp",
  "mode": "early-stopping",
  "snapshot_objective_runs": null,
  "snapshot_epochs": 210,
  "n_snapshots": null,
  "cell_info": "india"
}