{
  "hyperparams": {
    "batch_size": 256,
    "dropout_rate": 0.18352721436432406,
    "hidden_dim": 1024,
    "lead_time_embedding_dim": 8,
    "learning_rate": 0.00023455259398045915,
    "min_delta": 0.0003782241467246523,
    "num_layers": 6,
    "patience": 25,
    "weight_decay": 5.141983351128462e-06
  },
  "loss": 0.06122490541092115,
  "epochs_trained": 155,
  "architecture": "mlp"
}