{
  "hyperparams": {
    "batch_size": 64,
    "dropout_rate": 0.19650742194325094,
    "hidden_dim": 256,
    "lead_time_embedding_dim": 16,
    "learning_rate": 0.0006785408173335406,
    "min_delta": 3.509628047002768e-05,
    "num_layers": 2,
    "patience": 25,
    "weight_decay": 8.023084178414327e-05
  },
  "loss": 0.061216958133544615,
  "epochs_trained": 287,
  "architecture": "mlp"
}