{
  "hyperparams": {
    "batch_size": 256,
    "dropout_rate": 0.18709402512673318,
    "hidden_dim": 256,
    "lead_time_embedding_dim": 16,
    "learning_rate": 0.0016895789056957566,
    "min_delta": 2.214261898967364e-05,
    "num_layers": 3,
    "patience": 20,
    "weight_decay": 0.0002101356171798795
  },
  "loss": 0.06637664643710323,
  "epochs_trained": 228,
  "architecture": "mlp"
}