{
  "hyperparams": {
    "batch_size": 64,
    "dropout_rate": 0.23605835487614346,
    "hidden_dim": 512,
    "lead_time_embedding_dim": 8,
    "learning_rate": 0.0020983092427846457,
    "min_delta": 6.366485717714096e-05,
    "num_layers": 2,
    "patience": 20,
    "weight_decay": 1.6766707737862987e-06
  },
  "loss": 0.07852570331873503,
  "epochs_trained": 32,
  "architecture": "mlp"
}