{
  "hyperparams": {
    "batch_size": 256,
    "dropout_rate": 0.24408129183087968,
    "hidden_dim": 1024,
    "lead_time_embedding_dim": 32,
    "learning_rate": 0.000919981171111815,
    "min_delta": 3.7755923572646726e-05,
    "num_layers": 2,
    "patience": 25,
    "weight_decay": 5.0661193811355136e-05
  },
  "loss": 0.05890565361256143,
  "epochs_trained": 300,
  "architecture": "mlp"
}