{
  "hyperparams": {
    "batch_size": 128,
    "dropout_rate": 0.26010670248440776,
    "hidden_dim": 1024,
    "lead_time_embedding_dim": 8,
    "learning_rate": 0.00015251584868757447,
    "min_delta": 4.12133892520195e-05,
    "num_layers": 8,
    "patience": 50,
    "weight_decay": 1.3243953936209633e-05
  },
  "loss": 0.06322068318019963,
  "epochs_trained": 265,
  "architecture": "mlp",
  "mode": "early-stopping",
  "snapshot_objective_runs": null,
  "snapshot_epochs": 210,
  "n_snapshots": null,
  "cell_info": "india"
}