{
  "hyperparams": {
    "batch_size": 128,
    "dropout_rate": 0.2572819000830531,
    "hidden_dim": 1024,
    "lead_time_embedding_dim": 8,
    "learning_rate": 0.0012878618230556585,
    "min_delta": 2.3648811682455333e-05,
    "num_layers": 2,
    "patience": 30,
    "weight_decay": 3.981275908475383e-06
  },
  "loss": 0.05932766810970461,
  "epochs_trained": 300,
  "architecture": "mlp"
}