{
  "hyperparams": {
    "batch_size": 256,
    "dropout_rate": 0.23114698344788756,
    "hidden_dim": 1024,
    "lead_time_embedding_dim": 16,
    "learning_rate": 0.0009056426829909457,
    "min_delta": 0.00013379742309338867,
    "num_layers": 3,
    "patience": 30,
    "weight_decay": 5.184040208776355e-06
  },
  "loss": 0.05890915254958086,
  "epochs_trained": 209,
  "architecture": "mlp"
}