{
  "hyperparams": {
    "batch_size": 64,
    "dropout_rate": 0.1037119156662819,
    "hidden_dim": 64,
    "lead_time_embedding_dim": 16,
    "learning_rate": 0.00018906313653679904,
    "min_delta": 0.0001567536567435055,
    "num_layers": 2,
    "patience": 25,
    "weight_decay": 5.661153277076151e-06
  },
  "loss": 0.06320658977108018,
  "epochs_trained": 155,
  "architecture": "mlp",
  "mode": "early-stopping",
  "snapshot_objective_runs": null,
  "snapshot_epochs": 210,
  "n_snapshots": null,
  "cell_info": "india"
}