{
  "hyperparams": {
    "batch_size": 256,
    "dropout_rate": 0.25155072153567304,
    "hidden_dim": 256,
    "lead_time_embedding_dim": 8,
    "learning_rate": 0.00046774842071621673,
    "min_delta": 1.806437057090171e-05,
    "num_layers": 5,
    "patience": 15,
    "weight_decay": 1.076223411432451e-05
  },
  "loss": 0.06203887357259429,
  "epochs_trained": 227,
  "architecture": "mlp"
}