{
  "hyperparams": {
    "batch_size": 64,
    "dropout_rate": 0.18791122172158706,
    "hidden_dim": 256,
    "lead_time_embedding_dim": 16,
    "learning_rate": 0.0022795169733191866,
    "min_delta": 0.000397857608695737,
    "num_layers": 2,
    "patience": 50,
    "weight_decay": 8.735331315764332e-05
  },
  "loss": 0.06418143848715631,
  "epochs_trained": 212,
  "architecture": "mlp",
  "mode": "early-stopping",
  "snapshot_objective_runs": null,
  "snapshot_epochs": 210,
  "n_snapshots": null,
  "cell_info": "india"
}