{
  "hyperparams": {
    "batch_size": 128,
    "dropout_rate": 0.16821811385108526,
    "hidden_dim": 256,
    "lead_time_embedding_dim": 16,
    "learning_rate": 0.0006601051585752865,
    "min_delta": 2.5027368313239346e-05,
    "num_layers": 3,
    "patience": 20,
    "weight_decay": 0.00046618514072989907
  },
  "loss": 0.06924045215669113,
  "epochs_trained": 151,
  "architecture": "mlp"
}