{
  "hyperparams": {
    "batch_size": 64,
    "dropout_rate": 0.24403407220106843,
    "hidden_dim": 512,
    "lead_time_embedding_dim": 16,
    "learning_rate": 0.00014400159599975196,
    "min_delta": 0.0006676416563647943,
    "num_layers": 2,
    "patience": 50,
    "weight_decay": 6.578322172050885e-06
  },
  "loss": 0.06014356812872551,
  "epochs_trained": 210,
  "architecture": "mlp",
  "mode": "early-stopping",
  "snapshot_objective_runs": null,
  "snapshot_epochs": 210,
  "n_snapshots": null,
  "cell_info": "india"
}