{
  "hyperparams": {
    "batch_size": 256,
    "dropout_rate": 0.18918101641787438,
    "hidden_dim": 128,
    "lead_time_embedding_dim": 8,
    "learning_rate": 0.00022773770402202342,
    "min_delta": 7.535830427065043e-05,
    "num_layers": 6,
    "patience": 30,
    "weight_decay": 2.8531082090602313e-05
  },
  "loss": 0.06645215692851508,
  "epochs_trained": 264,
  "architecture": "mlp"
}