{
  "hyperparams": {
    "batch_size": 256,
    "dropout_rate": 0.2806706477774761,
    "hidden_dim": 1024,
    "lead_time_embedding_dim": 8,
    "learning_rate": 0.00041715875502283293,
    "min_delta": 0.000202027968511919,
    "num_layers": 2,
    "patience": 20,
    "weight_decay": 4.4746853249016795e-06
  },
  "loss": 0.05692499562358911,
  "epochs_trained": 194,
  "architecture": "mlp"
}