{
  "hyperparams": {
    "batch_size": 64,
    "dropout_rate": 0.2723904030482273,
    "hidden_dim": 64,
    "lead_time_embedding_dim": 8,
    "learning_rate": 0.0002823765440460136,
    "min_delta": 4.247755284484569e-05,
    "num_layers": 5,
    "patience": 25,
    "weight_decay": 1.9583444497061038e-06
  },
  "loss": 0.06881469903210867,
  "epochs_trained": 196,
  "architecture": "mlp"
}