{
  "hyperparams": {
    "batch_size": 64,
    "dropout_rate": 0.25526018833397307,
    "hidden_dim": 512,
    "lead_time_embedding_dim": 4,
    "learning_rate": 0.0016434926334197575,
    "min_delta": 3.310476609638142e-05,
    "num_layers": 2,
    "patience": 50,
    "weight_decay": 0.00016595297792491043
  },
  "loss": 0.06460091488859095,
  "epochs_trained": 300,
  "architecture": "mlp",
  "mode": "early-stopping",
  "snapshot_objective_runs": null,
  "snapshot_epochs": 210,
  "n_snapshots": null,
  "cell_info": "india"
}