{
  "hyperparams": {
    "batch_size": 64,
    "dropout_rate": 0.2615803421691664,
    "hidden_dim": 512,
    "lead_time_embedding_dim": 8,
    "learning_rate": 0.003081409031873822,
    "min_delta": 0.00023872625208688753,
    "num_layers": 2,
    "patience": 20,
    "weight_decay": 2.0973761217071528e-06
  },
  "loss": 0.08812838049461548,
  "epochs_trained": 33,
  "architecture": "mlp"
}