{
  "hyperparams": {
    "batch_size": 256,
    "dropout_rate": 0.1634317928095102,
    "hidden_dim": 64,
    "lead_time_embedding_dim": 32,
    "learning_rate": 0.0005294379089791034,
    "min_delta": 2.7208620210516172e-05,
    "num_layers": 2,
    "patience": 25,
    "weight_decay": 2.377299237331592e-06
  },
  "loss": 0.06295336855117838,
  "epochs_trained": 226,
  "architecture": "mlp"
}