{
  "hyperparams": {
    "batch_size": 64,
    "dropout_rate": 0.24187525527368883,
    "hidden_dim": 1024,
    "lead_time_embedding_dim": 16,
    "learning_rate": 0.0008159259660796361,
    "min_delta": 6.843113174080618e-05,
    "num_layers": 6,
    "patience": 25,
    "weight_decay": 1.1272455799052149e-05
  },
  "loss": 0.06224000014820176,
  "epochs_trained": 266,
  "architecture": "mlp"
}