{
  "hyperparams": {
    "batch_size": 64,
    "dropout_rate": 0.17856467391462852,
    "hidden_dim": 512,
    "lead_time_embedding_dim": 16,
    "learning_rate": 0.00021696271921926085,
    "min_delta": 8.888287268633514e-05,
    "num_layers": 10,
    "patience": 100,
    "weight_decay": 2.1551944665342916e-06
  },
  "loss": 0.06443075628601005,
  "epochs_trained": 300,
  "architecture": "mlp",
  "mode": "early-stopping",
  "snapshot_objective_runs": null,
  "snapshot_epochs": 210,
  "n_snapshots": null,
  "cell_info": "india"
}