{
  "hyperparams": {
    "batch_size": 128,
    "dropout_rate": 0.2041500168515287,
    "hidden_dim": 64,
    "lead_time_embedding_dim": 16,
    "learning_rate": 0.0004757020636660746,
    "min_delta": 0.00014394063566790295,
    "num_layers": 2,
    "patience": 15,
    "weight_decay": 4.0844830304238494e-06
  },
  "loss": 0.06721321899001298,
  "epochs_trained": 72,
  "architecture": "mlp"
}