{
  "hyperparams": {
    "batch_size": 128,
    "dropout_rate": 0.1730123032009736,
    "hidden_dim": 128,
    "lead_time_embedding_dim": 16,
    "learning_rate": 0.0015242567652162633,
    "min_delta": 0.00024980878625959423,
    "num_layers": 2,
    "patience": 100,
    "weight_decay": 1.2649346219276669e-05
  },
  "loss": 0.06127830235139309,
  "epochs_trained": 300,
  "architecture": "mlp",
  "mode": "early-stopping",
  "snapshot_objective_runs": null,
  "snapshot_epochs": 210,
  "n_snapshots": null,
  "cell_info": "india"
}