{
  "hyperparams": {
    "batch_size": 64,
    "dropout_rate": 0.2280598717682573,
    "hidden_dim": 512,
    "lead_time_embedding_dim": 8,
    "learning_rate": 0.00014208667939584894,
    "min_delta": 3.070781805251698e-05,
    "num_layers": 3,
    "patience": 30,
    "weight_decay": 4.93059623744695e-05
  },
  "loss": 0.05794290027386727,
  "epochs_trained": 289,
  "architecture": "mlp"
}