{
  "hyperparams": {
    "batch_size": 64,
    "dropout_rate": 0.11742589071546507,
    "hidden_dim": 256,
    "learning_rate": 0.001968820409238304,
    "num_layers": 6,
    "snapshot_T0": 10,
    "snapshot_T_mult": 1,
    "weight_decay": 5.330293949810497e-07
  },
  "loss": 0.8496057192484537,
  "epochs_trained": 210,
  "architecture": "mlp",
  "mode": "block_ltho",
  "snapshot_objective_runs": null,
  "snapshot_epochs": 210,
  "n_snapshots": null,
  "cell_info": "africa patch 78; asia patch 22; asia patch 29",
  "cell_losses": [
    0.9001708328723907,
    0.7041284292936325,
    0.9445178955793381
  ],
  "cell_infos": [
    "africa patch 78",
    "asia patch 22",
    "asia patch 29"
  ]
}