{
  "hyperparams": {
    "batch_size": 128,
    "dropout_rate": 0.22694019448234548,
    "hidden_dim": 128,
    "learning_rate": 0.0007070265753359515,
    "num_layers": 3,
    "snapshot_T0": 10,
    "snapshot_T_mult": 1,
    "weight_decay": 1.5644379824690417e-06
  },
  "loss": 0.5891370475292206,
  "epochs_trained": 210,
  "architecture": "mlp",
  "mode": "block_ltho",
  "snapshot_objective_runs": null,
  "snapshot_epochs": 210,
  "n_snapshots": null,
  "cell_info": "asia patch 86; asia patch 90; asia patch 91",
  "cell_losses": [
    0.5984064191579819,
    0.5749533474445343,
    0.5940513759851456
  ],
  "cell_infos": [
    "asia patch 86",
    "asia patch 90",
    "asia patch 91"
  ]
}