{
  "hyperparams": {
    "batch_size": 256,
    "dropout_rate": 0.16535238810646039,
    "hidden_dim": 1024,
    "learning_rate": 0.0013909018709207057,
    "num_layers": 4,
    "snapshot_T0": 7,
    "snapshot_T_mult": 1,
    "weight_decay": 3.5112801362121024e-07
  },
  "loss": 0.6813952227433523,
  "epochs_trained": 210,
  "architecture": "mlp",
  "mode": "block_ltho",
  "snapshot_objective_runs": null,
  "snapshot_epochs": 210,
  "n_snapshots": null,
  "cell_info": "north_america patch 7; north_america patch 13; north_america patch 23",
  "cell_losses": [
    0.6907469183206558,
    0.5479970425367355,
    0.8054417073726654
  ],
  "cell_infos": [
    "north_america patch 7",
    "north_america patch 13",
    "north_america patch 23"
  ]
}