{
  "hyperparams": {
    "batch_size": 256,
    "dropout_rate": 0.17070228516524394,
    "hidden_dim": 128,
    "learning_rate": 0.00012167663127400669,
    "num_layers": 3,
    "snapshot_T0": 5,
    "snapshot_T_mult": 2,
    "weight_decay": 7.160073311718667e-05
  },
  "loss": 0.7107005417346954,
  "epochs_trained": 210,
  "architecture": "mlp",
  "mode": "block_ltho",
  "snapshot_objective_runs": null,
  "snapshot_epochs": 210,
  "n_snapshots": null,
  "cell_info": "asia patch 69; asia patch 78; asia patch 86",
  "cell_losses": [
    0.6657863706350327,
    0.7602600604295731,
    0.7060551941394806
  ],
  "cell_infos": [
    "asia patch 69",
    "asia patch 78",
    "asia patch 86"
  ]
}