{
  "hyperparams": {
    "batch_size": 256,
    "dropout_rate": 0.38541428772691294,
    "hidden_dim": 512,
    "learning_rate": 0.0023606186865139087,
    "num_layers": 3,
    "snapshot_T0": 7,
    "snapshot_T_mult": 1,
    "weight_decay": 5.196772397210091e-05
  },
  "loss": 0.796828622619311,
  "epochs_trained": 210,
  "architecture": "mlp",
  "mode": "block_ltho",
  "snapshot_objective_runs": null,
  "snapshot_epochs": 210,
  "n_snapshots": null,
  "cell_info": "africa patch 52; africa patch 59; africa patch 78",
  "cell_losses": [
    0.7887549847364426,
    0.6985602378845215,
    0.903170645236969
  ],
  "cell_infos": [
    "africa patch 52",
    "africa patch 59",
    "africa patch 78"
  ]
}