{
  "hyperparams": {
    "batch_size": 256,
    "dropout_rate": 0.20162139629279946,
    "hidden_dim": 128,
    "learning_rate": 0.00016179057084906952,
    "num_layers": 3,
    "snapshot_T0": 5,
    "snapshot_T_mult": 2,
    "weight_decay": 8.393146118294717e-06
  },
  "loss": 0.5647923002640406,
  "epochs_trained": 210,
  "architecture": "mlp",
  "mode": "block_ltho",
  "snapshot_objective_runs": null,
  "snapshot_epochs": 210,
  "n_snapshots": null,
  "cell_info": "oceania patch 4; oceania patch 18; africa patch 1",
  "cell_losses": [
    0.6026406288146973,
    0.41242583096027374,
    0.6793104410171509
  ],
  "cell_infos": [
    "oceania patch 4",
    "oceania patch 18",
    "africa patch 1"
  ]
}