{
  "hyperparams": {
    "batch_size": 64,
    "dropout_rate": 0.32242263060680243,
    "hidden_dim": 256,
    "learning_rate": 0.002208762555741615,
    "num_layers": 3,
    "snapshot_T0": 5,
    "snapshot_T_mult": 2,
    "weight_decay": 3.260229498988043e-05
  },
  "loss": 0.6638138343890508,
  "epochs_trained": 210,
  "architecture": "mlp",
  "mode": "block_ltho",
  "snapshot_objective_runs": null,
  "snapshot_epochs": 210,
  "n_snapshots": null,
  "cell_info": "asia patch 60; asia patch 69; asia patch 78",
  "cell_losses": [
    0.7354593724012375,
    0.5983169823884964,
    0.6576651483774185
  ],
  "cell_infos": [
    "asia patch 60",
    "asia patch 69",
    "asia patch 78"
  ]
}