{
  "hyperparams": {
    "batch_size": 256,
    "dropout_rate": 0.19817003534017547,
    "hidden_dim": 64,
    "learning_rate": 0.004909103068606387,
    "num_layers": 4,
    "snapshot_T0": 10,
    "snapshot_T_mult": 1,
    "weight_decay": 0.0003257368125437181
  },
  "loss": 0.7942830473184586,
  "epochs_trained": 210,
  "architecture": "mlp",
  "mode": "block_ltho",
  "snapshot_objective_runs": null,
  "snapshot_epochs": 210,
  "n_snapshots": null,
  "cell_info": "asia patch 29; asia patch 37; asia patch 40",
  "cell_losses": [
    0.9669506996870041,
    0.6978886425495148,
    0.7180097997188568
  ],
  "cell_infos": [
    "asia patch 29",
    "asia patch 37",
    "asia patch 40"
  ]
}