{
  "hyperparams": {
    "batch_size": 256,
    "dropout_rate": 0.25592666786524854,
    "hidden_dim": 512,
    "learning_rate": 0.00028559165680296995,
    "num_layers": 3,
    "snapshot_T0": 21,
    "snapshot_T_mult": 2,
    "weight_decay": 3.879399760896192e-05
  },
  "loss": 0.7052526275316874,
  "epochs_trained": 210,
  "architecture": "mlp",
  "mode": "block_ltho",
  "snapshot_objective_runs": null,
  "snapshot_epochs": 210,
  "n_snapshots": null,
  "cell_info": "north_america patch 13; north_america patch 23; north_america patch 32",
  "cell_losses": [
    0.553512841463089,
    0.8134700208902359,
    0.7487750202417374
  ],
  "cell_infos": [
    "north_america patch 13",
    "north_america patch 23",
    "north_america patch 32"
  ]
}