{
  "hyperparams": {
    "batch_size": 256,
    "dropout_rate": 0.21700436376388374,
    "hidden_dim": 512,
    "learning_rate": 0.002582049775187876,
    "num_layers": 5,
    "snapshot_T0": 15,
    "snapshot_T_mult": 1,
    "weight_decay": 0.0004392454693765967
  },
  "loss": 0.5832844376564026,
  "epochs_trained": 210,
  "architecture": "mlp",
  "mode": "block_ltho",
  "snapshot_objective_runs": null,
  "snapshot_epochs": 210,
  "n_snapshots": null,
  "cell_info": "oceania patch 18; africa patch 1; africa patch 3",
  "cell_losses": [
    0.3860319256782532,
    0.6023800522089005,
    0.7614413350820541
  ],
  "cell_infos": [
    "oceania patch 18",
    "africa patch 1",
    "africa patch 3"
  ]
}