{
  "hyperparams": {
    "batch_size": 256,
    "dropout_rate": 0.11222635913687333,
    "hidden_dim": 512,
    "learning_rate": 0.0002576768905536023,
    "num_layers": 4,
    "snapshot_T0": 10,
    "snapshot_T_mult": 1,
    "weight_decay": 0.00019341749869955245
  },
  "loss": 0.6084676831960678,
  "epochs_trained": 210,
  "architecture": "mlp",
  "mode": "block_ltho",
  "snapshot_objective_runs": null,
  "snapshot_epochs": 210,
  "n_snapshots": null,
  "cell_info": "africa patch 3; africa patch 9; africa patch 46",
  "cell_losses": [
    0.7388803511857986,
    0.5649328678846359,
    0.5215898305177689
  ],
  "cell_infos": [
    "africa patch 3",
    "africa patch 9",
    "africa patch 46"
  ]
}