{
  "hyperparams": {
    "batch_size": 64,
    "dropout_rate": 0.2952453372346897,
    "hidden_dim": 512,
    "learning_rate": 0.0041137517545875215,
    "num_layers": 3,
    "snapshot_T0": 21,
    "snapshot_T_mult": 2,
    "weight_decay": 0.0006265071548492879
  },
  "loss": 0.9949687222639719,
  "epochs_trained": 210,
  "architecture": "mlp",
  "mode": "block_ltho",
  "snapshot_objective_runs": null,
  "snapshot_epochs": 210,
  "n_snapshots": null,
  "cell_info": "south_america patch 22; south_america patch 36; oceania patch 4",
  "cell_losses": [
    0.6825051754713058,
    1.7169469594955444,
    0.5854540318250656
  ],
  "cell_infos": [
    "south_america patch 22",
    "south_america patch 36",
    "oceania patch 4"
  ]
}