{
  "hyperparams": {
    "batch_size": 256,
    "dropout_rate": 0.14092743819154793,
    "hidden_dim": 256,
    "learning_rate": 0.0003102174115780543,
    "num_layers": 3,
    "snapshot_T0": 7,
    "snapshot_T_mult": 2,
    "weight_decay": 4.472523731267904e-06
  },
  "loss": 0.665275995930036,
  "epochs_trained": 210,
  "architecture": "mlp",
  "mode": "block_ltho",
  "snapshot_objective_runs": null,
  "snapshot_epochs": 210,
  "n_snapshots": null,
  "cell_info": "africa patch 1; africa patch 3; africa patch 9",
  "cell_losses": [
    0.6242431253194809,
    0.7769076824188232,
    0.5946771800518036
  ],
  "cell_infos": [
    "africa patch 1",
    "africa patch 3",
    "africa patch 9"
  ]
}