{
  "hyperparams": {
    "batch_size": 256,
    "dropout_rate": 0.16857402680235772,
    "hidden_dim": 512,
    "learning_rate": 0.0028337543105373102,
    "num_layers": 2,
    "snapshot_T0": 15,
    "snapshot_T_mult": 1,
    "weight_decay": 7.994756541324668e-05
  },
  "loss": 0.7323147902886072,
  "epochs_trained": 210,
  "architecture": "mlp",
  "mode": "block_ltho",
  "snapshot_objective_runs": null,
  "snapshot_epochs": 210,
  "n_snapshots": null,
  "cell_info": "africa patch 59; africa patch 78; asia patch 22",
  "cell_losses": [
    0.6713034361600876,
    0.8625887334346771,
    0.6630522012710571
  ],
  "cell_infos": [
    "africa patch 59",
    "africa patch 78",
    "asia patch 22"
  ]
}