{
  "hyperparams": {
    "batch_size": 128,
    "dropout_rate": 0.26452104108654145,
    "hidden_dim": 512,
    "learning_rate": 0.00033030488764456377,
    "num_layers": 2,
    "snapshot_T0": 21,
    "snapshot_T_mult": 2,
    "weight_decay": 0.00016116251757693014
  },
  "loss": 0.36770471185445786,
  "epochs_trained": 210,
  "architecture": "mlp",
  "mode": "block_ltho",
  "snapshot_objective_runs": null,
  "snapshot_epochs": 210,
  "n_snapshots": null
}