{
  "hyperparams": {
    "batch_size": 256,
    "dropout_rate": 0.1235761247891401,
    "hidden_dim": 512,
    "learning_rate": 0.0010963990962304924,
    "num_layers": 3,
    "snapshot_T0": 7,
    "snapshot_T_mult": 1,
    "weight_decay": 0.00027399257378415883
  },
  "loss": 0.6219920217990875,
  "epochs_trained": 210,
  "architecture": "mlp",
  "mode": "block_ltho",
  "snapshot_objective_runs": null,
  "snapshot_epochs": 210,
  "n_snapshots": null,
  "cell_info": "europe patch 38; north_america patch 7; north_america patch 13",
  "cell_losses": [
    0.647184893488884,
    0.6817301511764526,
    0.537061020731926
  ],
  "cell_infos": [
    "europe patch 38",
    "north_america patch 7",
    "north_america patch 13"
  ]
}