{
  "hyperparams": {
    "batch_size": 128,
    "dropout_rate": 0.21056485035669387,
    "hidden_dim": 64,
    "learning_rate": 0.0005478972246077602,
    "num_layers": 3,
    "snapshot_T0": 10,
    "snapshot_T_mult": 2,
    "weight_decay": 0.00043274790646357584
  },
  "loss": 0.8329677631457647,
  "epochs_trained": 210,
  "architecture": "mlp",
  "mode": "block_ltho",
  "snapshot_objective_runs": null,
  "snapshot_epochs": 210,
  "n_snapshots": null,
  "cell_info": "asia patch 22; asia patch 29; asia patch 37",
  "cell_losses": [
    0.7662683576345444,
    1.0045897364616394,
    0.7280451953411102
  ],
  "cell_infos": [
    "asia patch 22",
    "asia patch 29",
    "asia patch 37"
  ]
}