{
  "hyperparams": {
    "batch_size": 128,
    "dropout_rate": 0.18637757526878848,
    "hidden_dim": 1024,
    "learning_rate": 0.0016821515429398214,
    "num_layers": 4,
    "snapshot_T0": 10,
    "snapshot_T_mult": 1,
    "weight_decay": 1.9146418750770786e-05
  },
  "loss": 0.8332619220018387,
  "epochs_trained": 210,
  "architecture": "mlp",
  "mode": "block_ltho",
  "snapshot_objective_runs": null,
  "snapshot_epochs": 210,
  "n_snapshots": null,
  "cell_info": "africa patch 78; asia patch 22; asia patch 29",
  "cell_losses": [
    0.8882780224084854,
    0.6864170879125595,
    0.9250906556844711
  ],
  "cell_infos": [
    "africa patch 78",
    "asia patch 22",
    "asia patch 29"
  ]
}