{
  "hyperparams": {
    "batch_size": 256,
    "dropout_rate": 0.17477233596416625,
    "hidden_dim": 512,
    "learning_rate": 0.002534547998879054,
    "num_layers": 2,
    "snapshot_T0": 10,
    "snapshot_T_mult": 1,
    "weight_decay": 1.5194389705824815e-07
  },
  "loss": 0.6127040684223175,
  "epochs_trained": 210,
  "architecture": "mlp",
  "mode": "block_ltho",
  "snapshot_objective_runs": null,
  "snapshot_epochs": 210,
  "n_snapshots": null,
  "cell_info": "europe patch 26; europe patch 33; europe patch 38",
  "cell_losses": [
    0.5740121006965637,
    0.6237829625606537,
    0.6403171420097351
  ],
  "cell_infos": [
    "europe patch 26",
    "europe patch 33",
    "europe patch 38"
  ]
}