{
  "hyperparams": {
    "batch_size": 256,
    "dropout_rate": 0.3669957270140095,
    "hidden_dim": 1024,
    "learning_rate": 0.00015424834544673302,
    "num_layers": 5,
    "snapshot_T0": 10,
    "snapshot_T_mult": 2,
    "weight_decay": 1.225377573529351e-07
  },
  "loss": 0.629252960284551,
  "epochs_trained": 210,
  "architecture": "mlp",
  "mode": "block_ltho",
  "snapshot_objective_runs": null,
  "snapshot_epochs": 210,
  "n_snapshots": null,
  "cell_info": "africa patch 46; africa patch 47; africa patch 51",
  "cell_losses": [
    0.5556351691484451,
    0.5696856081485748,
    0.762438103556633
  ],
  "cell_infos": [
    "africa patch 46",
    "africa patch 47",
    "africa patch 51"
  ]
}