{
  "hyperparams": {
    "batch_size": 256,
    "dropout_rate": 0.26473668485993385,
    "hidden_dim": 1024,
    "learning_rate": 0.00017220838931658873,
    "num_layers": 6,
    "snapshot_T0": 5,
    "snapshot_T_mult": 2,
    "weight_decay": 0.000545049355426804
  },
  "loss": 0.717362622419993,
  "epochs_trained": 210,
  "architecture": "mlp",
  "mode": "block_ltho",
  "snapshot_objective_runs": null,
  "snapshot_epochs": 210,
  "n_snapshots": null,
  "cell_info": "europe patch 33; europe patch 38; north_america patch 7",
  "cell_losses": [
    0.6951503604650497,
    0.7151916474103928,
    0.7417458593845367
  ],
  "cell_infos": [
    "europe patch 33",
    "europe patch 38",
    "north_america patch 7"
  ]
}