{
  "hyperparams": {
    "batch_size": 256,
    "dropout_rate": 0.16925279698525153,
    "hidden_dim": 512,
    "learning_rate": 0.0005962633301199959,
    "num_layers": 3,
    "snapshot_T0": 15,
    "snapshot_T_mult": 1,
    "weight_decay": 2.6006880030477152e-05
  },
  "loss": 0.5972311993439993,
  "epochs_trained": 210,
  "architecture": "mlp",
  "mode": "block_ltho",
  "snapshot_objective_runs": null,
  "snapshot_epochs": 210,
  "n_snapshots": null,
  "cell_info": "asia patch 78; asia patch 86; asia patch 90",
  "cell_losses": [
    0.6243742406368256,
    0.5958946794271469,
    0.5714246779680252
  ],
  "cell_infos": [
    "asia patch 78",
    "asia patch 86",
    "asia patch 90"
  ]
}