{
  "hyperparams": {
    "batch_size": 128,
    "dropout_rate": 0.1393769207531198,
    "hidden_dim": 512,
    "learning_rate": 0.001281281696928499,
    "num_layers": 4,
    "snapshot_T0": 21,
    "snapshot_T_mult": 2,
    "weight_decay": 0.00017703430901577752
  },
  "loss": 0.6438646167516708,
  "epochs_trained": 210,
  "architecture": "mlp",
  "mode": "block_ltho",
  "snapshot_objective_runs": null,
  "snapshot_epochs": 210,
  "n_snapshots": null,
  "cell_info": "asia patch 37; asia patch 40; asia patch 54",
  "cell_losses": [
    0.6620776802301407,
    0.6729426234960556,
    0.5965735465288162
  ],
  "cell_infos": [
    "asia patch 37",
    "asia patch 40",
    "asia patch 54"
  ]
}