{
  "hyperparams": {
    "batch_size": 128,
    "dropout_rate": 0.10895964693329913,
    "hidden_dim": 1024,
    "learning_rate": 0.00035951850175270234,
    "num_layers": 4,
    "snapshot_T0": 10,
    "snapshot_T_mult": 1,
    "weight_decay": 0.00023159554781071662
  },
  "loss": 0.675314411520958,
  "epochs_trained": 210,
  "architecture": "mlp",
  "mode": "block_ltho",
  "snapshot_objective_runs": null,
  "snapshot_epochs": 210,
  "n_snapshots": null,
  "cell_info": "asia patch 125; europe patch 7; europe patch 19",
  "cell_losses": [
    0.6300298869609833,
    0.8197862356901169,
    0.5761271119117737
  ],
  "cell_infos": [
    "asia patch 125",
    "europe patch 7",
    "europe patch 19"
  ]
}