{
  "hyperparams": {
    "batch_size": 256,
    "dropout_rate": 0.1931251262657998,
    "hidden_dim": 512,
    "learning_rate": 0.00013630154573986177,
    "num_layers": 3,
    "snapshot_T0": 15,
    "snapshot_T_mult": 2,
    "weight_decay": 2.8427002509091287e-07
  },
  "loss": 0.8006873279809952,
  "epochs_trained": 210,
  "architecture": "mlp",
  "mode": "block_ltho",
  "snapshot_objective_runs": null,
  "snapshot_epochs": 210,
  "n_snapshots": null,
  "cell_info": "asia patch 22; asia patch 29; asia patch 37",
  "cell_losses": [
    0.7317677140235901,
    0.9677339047193527,
    0.7025603652000427
  ],
  "cell_infos": [
    "asia patch 22",
    "asia patch 29",
    "asia patch 37"
  ]
}