{
  "hyperparams": {
    "batch_size": 128,
    "dropout_rate": 0.14342866043274574,
    "hidden_dim": 512,
    "learning_rate": 0.0009681559699292799,
    "num_layers": 6,
    "snapshot_T0": 7,
    "snapshot_T_mult": 1,
    "weight_decay": 6.137875707710166e-05
  },
  "loss": 0.6772441416978836,
  "epochs_trained": 210,
  "architecture": "mlp",
  "mode": "block_ltho",
  "snapshot_objective_runs": null,
  "snapshot_epochs": 210,
  "n_snapshots": null,
  "cell_info": "europe patch 7; europe patch 19; europe patch 26",
  "cell_losses": [
    0.8541363030672073,
    0.5857559740543365,
    0.5918401479721069
  ],
  "cell_infos": [
    "europe patch 7",
    "europe patch 19",
    "europe patch 26"
  ]
}