{
  "hyperparams": {
    "batch_size": 256,
    "dropout_rate": 0.1650148722688506,
    "hidden_dim": 64,
    "learning_rate": 0.00017664355784761818,
    "num_layers": 5,
    "snapshot_T0": 10,
    "snapshot_T_mult": 2,
    "weight_decay": 2.5679793297664978e-05
  },
  "loss": 0.8434086889028549,
  "epochs_trained": 210,
  "architecture": "mlp",
  "mode": "block_ltho",
  "snapshot_objective_runs": null,
  "snapshot_epochs": 210,
  "n_snapshots": null,
  "cell_info": "north_america patch 23; north_america patch 32; south_america patch 22",
  "cell_losses": [
    0.9424860030412674,
    0.8680701702833176,
    0.7196698933839798
  ],
  "cell_infos": [
    "north_america patch 23",
    "north_america patch 32",
    "south_america patch 22"
  ]
}