{
  "hyperparams": {
    "batch_size": 128,
    "dropout_rate": 0.30756535179677325,
    "hidden_dim": 512,
    "learning_rate": 0.0009394722578077652,
    "num_layers": 3,
    "snapshot_T0": 10,
    "snapshot_T_mult": 2,
    "weight_decay": 8.648105760528185e-07
  },
  "loss": 0.679107149442037,
  "epochs_trained": 210,
  "architecture": "mlp",
  "mode": "block_ltho",
  "snapshot_objective_runs": null,
  "snapshot_epochs": 210,
  "n_snapshots": null,
  "cell_info": "asia patch 125; europe patch 7; europe patch 19",
  "cell_losses": [
    0.6236644834280014,
    0.8403081893920898,
    0.5733487755060196
  ],
  "cell_infos": [
    "asia patch 125",
    "europe patch 7",
    "europe patch 19"
  ]
}