{
  "hyperparams": {
    "batch_size": 256,
    "dropout_rate": 0.19309035036748587,
    "hidden_dim": 128,
    "learning_rate": 0.00019555504718533188,
    "num_layers": 3,
    "snapshot_T0": 5,
    "snapshot_T_mult": 2,
    "weight_decay": 9.953864219487285e-06
  },
  "loss": 0.8657203018665314,
  "epochs_trained": 210,
  "architecture": "mlp",
  "mode": "block_ltho",
  "snapshot_objective_runs": null,
  "snapshot_epochs": 210,
  "n_snapshots": null,
  "cell_info": "asia patch 29; asia patch 37; asia patch 40",
  "cell_losses": [
    1.0515919029712677,
    0.7656922042369843,
    0.7798767983913422
  ],
  "cell_infos": [
    "asia patch 29",
    "asia patch 37",
    "asia patch 40"
  ]
}