{
  "hyperparams": {
    "batch_size": 256,
    "dropout_rate": 0.05841421625334099,
    "hidden_dim": 64,
    "lead_time_embedding_dim": 8,
    "learning_rate": 0.0006715541682888657,
    "min_delta": 1.2349506512751324e-05,
    "patience": 20,
    "weight_decay": 0.0003263226816277317
  },
  "loss": 0.05767033265467471,
  "epochs_trained": 204,
  "architecture": "unet"
}