{
  "hyperparams": {
    "batch_size": 128,
    "dropout_rate": 0.16777031296743156,
    "hidden_dim": 64,
    "lead_time_embedding_dim": 8,
    "learning_rate": 0.00035987833338770557,
    "min_delta": 0.0003334992316570758,
    "patience": 25,
    "weight_decay": 8.266486166229583e-05
  },
  "loss": 0.05820831692548772,
  "epochs_trained": 270,
  "architecture": "unet"
}