{
  "hyperparams": {
    "batch_size": 64,
    "dropout_rate": 0.1163761201649488,
    "hidden_dim": 128,
    "lead_time_embedding_dim": 8,
    "learning_rate": 0.00018942614086200693,
    "min_delta": 0.00037295561407855635,
    "patience": 30,
    "weight_decay": 3.816388516777696e-06
  },
  "loss": 0.05751867529172386,
  "epochs_trained": 199,
  "architecture": "unet"
}