{
  "hyperparams": {
    "batch_size": 64,
    "dropout_rate": 0.12229535716963343,
    "hidden_dim": 64,
    "lead_time_embedding_dim": 8,
    "learning_rate": 0.0020404977731807964,
    "min_delta": 1.714477986644761e-05,
    "patience": 20,
    "weight_decay": 0.0001285292491012486
  },
  "loss": 0.06361265608561768,
  "epochs_trained": 205,
  "architecture": "unet"
}