{
  "hyperparams": {
    "batch_size": 64,
    "dropout_rate": 0.13059323662300515,
    "hidden_dim": 128,
    "lead_time_embedding_dim": 8,
    "learning_rate": 0.002755105075954649,
    "min_delta": 4.475698681031295e-05,
    "patience": 20,
    "weight_decay": 8.030399340203201e-05
  },
  "loss": 0.06701290746667393,
  "epochs_trained": 243,
  "architecture": "unet"
}