{
  "hyperparams": {
    "batch_size": 64,
    "dropout_rate": 0.16428089743508317,
    "hidden_dim": 128,
    "lead_time_embedding_dim": 8,
    "learning_rate": 0.0005347104970027495,
    "min_delta": 0.0003078450150595212,
    "patience": 30,
    "weight_decay": 8.240992701049468e-06
  },
  "loss": 0.05645241952719298,
  "epochs_trained": 247,
  "architecture": "unet"
}