{
  "hyperparams": {
    "batch_size": 256,
    "dropout_rate": 0.13904079362962962,
    "hidden_dim": 128,
    "lead_time_embedding_dim": 8,
    "learning_rate": 0.0002578324922126372,
    "min_delta": 0.0002664935960411323,
    "patience": 25,
    "weight_decay": 2.131310611525852e-06
  },
  "loss": 0.058608486896086456,
  "epochs_trained": 200,
  "architecture": "unet"
}