{
  "hyperparams": {
    "batch_size": 256,
    "dropout_rate": 0.15639063767817388,
    "hidden_dim": 64,
    "lead_time_embedding_dim": 16,
    "learning_rate": 0.0006763542766160022,
    "min_delta": 1.4338296857377873e-05,
    "patience": 20,
    "weight_decay": 0.00021889336354564151
  },
  "loss": 0.058174462398168265,
  "epochs_trained": 279,
  "architecture": "unet"
}