{
  "hyperparams": {
    "batch_size": 256,
    "dropout_rate": 0.08938138878002719,
    "hidden_dim": 128,
    "lead_time_embedding_dim": 8,
    "learning_rate": 0.0011766728361219845,
    "min_delta": 1.3136505512619956e-05,
    "patience": 20,
    "weight_decay": 3.398665080521645e-05
  },
  "loss": 0.058518945870033735,
  "epochs_trained": 234,
  "architecture": "unet"
}