{
  "hyperparams": {
    "batch_size": 256,
    "dropout_rate": 0.13058426588352937,
    "hidden_dim": 128,
    "lead_time_embedding_dim": 8,
    "learning_rate": 0.000373070868528113,
    "min_delta": 0.0007687231561739644,
    "patience": 20,
    "weight_decay": 1.0182827647953684e-06
  },
  "loss": 0.058843841576452484,
  "epochs_trained": 149,
  "architecture": "unet"
}