{
  "hyperparams": {
    "batch_size": 64,
    "dropout_rate": 0.1104590292589629,
    "hidden_dim": 128,
    "lead_time_embedding_dim": 16,
    "learning_rate": 0.00011190059219353483,
    "min_delta": 0.000213262546099602,
    "patience": 20,
    "weight_decay": 1.5670280406188421e-06
  },
  "loss": 0.0577942763800027,
  "epochs_trained": 135,
  "architecture": "unet"
}