{
  "hyperparams": {
    "batch_size": 64,
    "dropout_rate": 0.06633538423760674,
    "hidden_dim": 64,
    "lead_time_embedding_dim": 16,
    "learning_rate": 0.002819124041040077,
    "min_delta": 0.00012724700518120354,
    "patience": 30,
    "weight_decay": 1.2514170625337434e-05
  },
  "loss": 0.05950453156452828,
  "epochs_trained": 300,
  "architecture": "unet"
}