{
  "hyperparams": {
    "batch_size": 128,
    "dropout_rate": 0.05720511146233724,
    "hidden_dim": 128,
    "lead_time_embedding_dim": 16,
    "learning_rate": 0.00039924048670646493,
    "min_delta": 3.1638458228115606e-05,
    "patience": 15,
    "weight_decay": 3.991769033388735e-06
  },
  "loss": 0.05925706532088806,
  "epochs_trained": 143,
  "architecture": "unet"
}