{
  "hyperparams": {
    "batch_size": 256,
    "dropout_rate": 0.12076930524351037,
    "hidden_dim": 128,
    "lead_time_embedding_dim": 16,
    "learning_rate": 0.00021763968937553362,
    "min_delta": 1.128028246706397e-05,
    "patience": 25,
    "weight_decay": 8.89443555916899e-05
  },
  "loss": 0.058754306368211835,
  "epochs_trained": 225,
  "architecture": "unet"
}