{
  "hyperparams": {
    "batch_size": 256,
    "dropout_rate": 0.18049502981653964,
    "hidden_dim": 128,
    "lead_time_embedding_dim": 8,
    "learning_rate": 0.0009524105586731528,
    "min_delta": 7.653435053779109e-05,
    "patience": 30,
    "weight_decay": 6.296361064454222e-05
  },
  "loss": 0.05758304714365951,
  "epochs_trained": 300,
  "architecture": "unet"
}