{
  "hyperparams": {
    "batch_size": 256,
    "dropout_rate": 0.11496341742405164,
    "hidden_dim": 64,
    "lead_time_embedding_dim": 8,
    "learning_rate": 0.00042608037402685524,
    "min_delta": 3.425551773583453e-05,
    "patience": 20,
    "weight_decay": 9.727302841498148e-05
  },
  "loss": 0.058410203365787366,
  "epochs_trained": 219,
  "architecture": "unet"
}