{
  "hyperparams": {
    "batch_size": 64,
    "dropout_rate": 0.09307287141621808,
    "hidden_dim": 128,
    "lead_time_embedding_dim": 8,
    "learning_rate": 0.004971198330360978,
    "min_delta": 0.00013565068705036803,
    "patience": 20,
    "weight_decay": 3.401634277317732e-06
  },
  "loss": 0.06782983185029497,
  "epochs_trained": 94,
  "architecture": "unet"
}