{
  "hyperparams": {
    "batch_size": 128,
    "dropout_rate": 0.15858973942365118,
    "hidden_dim": 128,
    "lead_time_embedding_dim": 8,
    "learning_rate": 0.0005965722692222524,
    "min_delta": 9.450278693858185e-05,
    "patience": 15,
    "weight_decay": 0.0005073231062321172
  },
  "loss": 0.06819809915663325,
  "epochs_trained": 134,
  "architecture": "unet"
}