{
  "hyperparams": {
    "batch_size": 256,
    "dropout_rate": 0.13455548702919304,
    "hidden_dim": 128,
    "lead_time_embedding_dim": 8,
    "learning_rate": 0.00011364584426571303,
    "min_delta": 2.7358402773272293e-05,
    "patience": 20,
    "weight_decay": 2.8704279898591312e-05
  },
  "loss": 0.05865071466860749,
  "epochs_trained": 256,
  "architecture": "unet"
}