{
  "hyperparams": {
    "batch_size": 256,
    "dropout_rate": 0.09109441236312428,
    "hidden_dim": 64,
    "lead_time_embedding_dim": 8,
    "learning_rate": 0.00019988071219313922,
    "min_delta": 2.0771627907416496e-05,
    "patience": 15,
    "weight_decay": 0.0005226503710960142
  },
  "loss": 0.058202117720174126,
  "epochs_trained": 287,
  "architecture": "unet"
}