{
  "hyperparams": {
    "batch_size": 256,
    "dropout_rate": 0.05456695925925751,
    "hidden_dim": 64,
    "lead_time_embedding_dim": 8,
    "learning_rate": 0.00013505086732645095,
    "min_delta": 2.185180627524209e-05,
    "patience": 20,
    "weight_decay": 4.4746656992921006e-05
  },
  "loss": 0.056382915028720025,
  "epochs_trained": 219,
  "architecture": "unet"
}