{
  "hyperparams": {
    "batch_size": 128,
    "dropout_rate": 0.05084417650586577,
    "hidden_dim": 128,
    "lead_time_embedding_dim": 8,
    "learning_rate": 0.0004732345055014806,
    "min_delta": 2.581224344609781e-05,
    "patience": 15,
    "weight_decay": 2.16582278181338e-05
  },
  "loss": 0.05824817579149375,
  "epochs_trained": 175,
  "architecture": "unet"
}