{
  "hyperparams": {
    "batch_size": 256,
    "dropout_rate": 0.10500224126373708,
    "hidden_dim": 128,
    "lead_time_embedding_dim": 16,
    "learning_rate": 0.00029603552619904586,
    "min_delta": 2.8827262730465395e-05,
    "patience": 20,
    "weight_decay": 0.00010983143082458594
  },
  "loss": 0.057412733281978684,
  "epochs_trained": 230,
  "architecture": "unet"
}