{
  "hyperparams": {
    "batch_size": 128,
    "dropout_rate": 0.16347436924108583,
    "hidden_dim": 128,
    "lead_time_embedding_dim": 8,
    "learning_rate": 0.0003460747422465615,
    "min_delta": 8.537133090267198e-05,
    "patience": 20,
    "weight_decay": 0.0002639589642496162
  },
  "loss": 0.05779401131292253,
  "epochs_trained": 297,
  "architecture": "unet"
}