{
  "hyperparams": {
    "batch_size": 128,
    "dropout_rate": 0.14051706184392232,
    "hidden_dim": 128,
    "lead_time_embedding_dim": 8,
    "learning_rate": 0.000178662757448042,
    "min_delta": 1.3291559469510774e-05,
    "patience": 15,
    "weight_decay": 7.075286108632366e-06
  },
  "loss": 0.05770625778169918,
  "epochs_trained": 171,
  "architecture": "unet"
}