{
  "hyperparams": {
    "batch_size": 256,
    "dropout_rate": 0.08875651861138789,
    "hidden_dim": 64,
    "lead_time_embedding_dim": 8,
    "learning_rate": 0.0016156527870923895,
    "min_delta": 1.8101605983158033e-05,
    "patience": 20,
    "weight_decay": 4.996525653631956e-05
  },
  "loss": 0.057955209982195804,
  "epochs_trained": 212,
  "architecture": "unet"
}