{
  "hyperparams": {
    "batch_size": 256,
    "dropout_rate": 0.051064787869573164,
    "hidden_dim": 64,
    "lead_time_embedding_dim": 16,
    "learning_rate": 0.008285355356331459,
    "min_delta": 1.290818466138464e-05,
    "patience": 25,
    "weight_decay": 9.056492506110875e-06
  },
  "loss": 0.059301600685169126,
  "epochs_trained": 235,
  "architecture": "unet"
}