{
  "hyperparams": {
    "batch_size": 256,
    "dropout_rate": 0.06327474192978945,
    "hidden_dim": 128,
    "lead_time_embedding_dim": 8,
    "learning_rate": 0.0001222213348743704,
    "min_delta": 1.0055101973251548e-05,
    "patience": 25,
    "weight_decay": 1.9748721382858354e-05
  },
  "loss": 0.05794216252889188,
  "epochs_trained": 168,
  "architecture": "unet"
}