{
  "hyperparams": {
    "batch_size": 64,
    "dropout_rate": 0.12335107253113026,
    "hidden_dim": 128,
    "lead_time_embedding_dim": 8,
    "learning_rate": 0.00014090436008416774,
    "min_delta": 2.9896224321961142e-05,
    "patience": 15,
    "weight_decay": 1.6938964288923287e-05
  },
  "loss": 0.05742251757433533,
  "epochs_trained": 163,
  "architecture": "unet"
}