{
  "hyperparams": {
    "batch_size": 256,
    "dropout_rate": 0.18657543727991566,
    "hidden_dim": 128,
    "lead_time_embedding_dim": 8,
    "learning_rate": 0.0010033207317360325,
    "min_delta": 0.00018472894285618142,
    "patience": 15,
    "weight_decay": 3.342862904920665e-05
  },
  "loss": 0.05968135902110268,
  "epochs_trained": 212,
  "architecture": "unet"
}