{
  "hyperparams": {
    "batch_size": 128,
    "dropout_rate": 0.14390897411545234,
    "hidden_dim": 64,
    "lead_time_embedding_dim": 8,
    "learning_rate": 0.0002501813188865083,
    "min_delta": 1.6859823661494033e-05,
    "patience": 20,
    "weight_decay": 6.543198634704486e-05
  },
  "loss": 0.05980701276209665,
  "epochs_trained": 277,
  "architecture": "unet"
}