{
  "hyperparams": {
    "batch_size": 256,
    "dropout_rate": 0.0859591158795461,
    "hidden_dim": 128,
    "lead_time_embedding_dim": 16,
    "learning_rate": 0.00023470074542850293,
    "min_delta": 0.0007292475818097805,
    "patience": 25,
    "weight_decay": 0.00013751579295386034
  },
  "loss": 0.057750198023335746,
  "epochs_trained": 193,
  "architecture": "unet"
}