{
  "hyperparams": {
    "batch_size": 64,
    "dropout_rate": 0.10844242690709105,
    "hidden_dim": 64,
    "lead_time_embedding_dim": 8,
    "learning_rate": 0.0010801975583966275,
    "min_delta": 1.9505416420082258e-05,
    "patience": 20,
    "weight_decay": 1.1830830907680419e-05
  },
  "loss": 0.05839263913334447,
  "epochs_trained": 213,
  "architecture": "unet"
}