{
  "hyperparams": {
    "batch_size": 128,
    "dropout_rate": 0.1431566488589831,
    "hidden_dim": 128,
    "lead_time_embedding_dim": 8,
    "learning_rate": 0.001009681866468347,
    "min_delta": 6.29997504163363e-05,
    "patience": 25,
    "weight_decay": 1.6101545523758057e-05
  },
  "loss": 0.05895604674017966,
  "epochs_trained": 277,
  "architecture": "unet"
}