{
  "hyperparams": {
    "batch_size": 256,
    "dropout_rate": 0.12704814935166442,
    "hidden_dim": 64,
    "lead_time_embedding_dim": 8,
    "learning_rate": 0.0003259807301887368,
    "min_delta": 7.534935466673619e-05,
    "patience": 20,
    "weight_decay": 0.00019288326739832454
  },
  "loss": 0.05861304366946083,
  "epochs_trained": 249,
  "architecture": "unet"
}