{
  "hyperparams": {
    "batch_size": 256,
    "dropout_rate": 0.12492192731163823,
    "hidden_dim": 128,
    "lead_time_embedding_dim": 8,
    "learning_rate": 0.001293254142284325,
    "min_delta": 4.519418198689936e-05,
    "patience": 30,
    "weight_decay": 2.2743768365420273e-05
  },
  "loss": 0.058047304714083536,
  "epochs_trained": 250,
  "architecture": "unet"
}