{
  "hyperparams": {
    "batch_size": 128,
    "dropout_rate": 0.107542623098908,
    "hidden_dim": 128,
    "lead_time_embedding_dim": 8,
    "learning_rate": 0.00047861476922990176,
    "min_delta": 2.475246273975268e-05,
    "patience": 30,
    "weight_decay": 1.3154478547268122e-06
  },
  "loss": 0.35186963407344074,
  "epochs_trained": 118,
  "architecture": "unet"
}