{
  "hyperparams": {
    "batch_size": 128,
    "dropout_rate": 0.11372431665376549,
    "hidden_dim": 64,
    "lead_time_embedding_dim": 8,
    "learning_rate": 0.0030608529512311552,
    "min_delta": 0.00022079014923577785,
    "patience": 20,
    "weight_decay": 0.0006844802504770283
  },
  "loss": 0.38052214235408355,
  "epochs_trained": 285,
  "architecture": "unet"
}