{
  "hyperparams": {
    "batch_size": 128,
    "dropout_rate": 0.1690835947683949,
    "hidden_dim": 128,
    "lead_time_embedding_dim": 8,
    "learning_rate": 0.0016614988937305706,
    "min_delta": 6.028150227595329e-05,
    "patience": 30,
    "weight_decay": 1.2332068380837027e-05
  },
  "loss": 0.35476294269005276,
  "epochs_trained": 156,
  "architecture": "unet"
}