{
  "hyperparams": {
    "batch_size": 128,
    "dropout_rate": 0.10051578609334798,
    "hidden_dim": 128,
    "lead_time_embedding_dim": 8,
    "learning_rate": 0.0002664854674938375,
    "min_delta": 7.316124728152878e-05,
    "patience": 20,
    "weight_decay": 1.3322106074101357e-06
  },
  "loss": 0.3576827948780845,
  "epochs_trained": 90,
  "architecture": "unet"
}