{
  "hyperparams": {
    "batch_size": 128,
    "dropout_rate": 0.18544622975788794,
    "hidden_dim": 64,
    "lead_time_embedding_dim": 8,
    "learning_rate": 0.0019378007768710527,
    "min_delta": 7.086523259296086e-05,
    "patience": 20,
    "weight_decay": 1.1388002485845602e-06
  },
  "loss": 0.3567929507938621,
  "epochs_trained": 160,
  "architecture": "unet"
}