{
  "hyperparams": {
    "batch_size": 128,
    "dropout_rate": 0.19848535984523175,
    "hidden_dim": 128,
    "lead_time_embedding_dim": 8,
    "learning_rate": 0.0009256197620244429,
    "min_delta": 1.2046930539934064e-05,
    "patience": 30,
    "weight_decay": 1.8597415626647185e-05
  },
  "loss": 0.3556244428561536,
  "epochs_trained": 182,
  "architecture": "unet"
}