{
  "hyperparams": {
    "batch_size": 256,
    "dropout_rate": 0.17045802280011496,
    "hidden_dim": 128,
    "lead_time_embedding_dim": 8,
    "learning_rate": 0.005641630146690318,
    "min_delta": 0.00013372291641456662,
    "patience": 15,
    "weight_decay": 1.1625463834387441e-05
  },
  "loss": 0.3630731686165458,
  "epochs_trained": 152,
  "architecture": "unet"
}