{
  "hyperparams": {
    "batch_size": 128,
    "dropout_rate": 0.16439034859556798,
    "hidden_dim": 128,
    "lead_time_embedding_dim": 8,
    "learning_rate": 0.0007253697539595836,
    "min_delta": 1.0000463453149688e-05,
    "patience": 30,
    "weight_decay": 1.0785627269979813e-05
  },
  "loss": 0.3545617020648459,
  "epochs_trained": 177,
  "architecture": "unet"
}