{
  "hyperparams": {
    "batch_size": 64,
    "dropout_rate": 0.12643230467704156,
    "hidden_dim": 128,
    "lead_time_embedding_dim": 16,
    "learning_rate": 0.00019230631303626095,
    "min_delta": 2.644875578371855e-05,
    "patience": 25,
    "weight_decay": 0.0001775401612383172
  },
  "loss": 0.36167477415682797,
  "epochs_trained": 76,
  "architecture": "unet"
}