{
  "hyperparams": {
    "batch_size": 256,
    "dropout_rate": 0.0589716318253908,
    "hidden_dim": 128,
    "lead_time_embedding_dim": 8,
    "learning_rate": 0.0007392752259244182,
    "min_delta": 2.2167836007039128e-05,
    "patience": 25,
    "weight_decay": 8.649555072368828e-06
  },
  "loss": 0.36041661803727837,
  "epochs_trained": 102,
  "architecture": "unet"
}