{
  "hyperparams": {
    "batch_size": 64,
    "dropout_rate": 0.12291687114345613,
    "hidden_dim": 128,
    "lead_time_embedding_dim": 8,
    "learning_rate": 0.0018578492127504635,
    "min_delta": 0.0005887007542930163,
    "patience": 15,
    "weight_decay": 0.000982155053772923
  },
  "loss": 0.3949056027001047,
  "epochs_trained": 166,
  "architecture": "unet"
}