{
  "hyperparams": {
    "batch_size": 64,
    "dropout_rate": 0.1636884522362396,
    "hidden_dim": 128,
    "lead_time_embedding_dim": 8,
    "learning_rate": 0.0014047342395021826,
    "min_delta": 0.0002312479264285278,
    "patience": 15,
    "weight_decay": 9.00747913433831e-05
  },
  "loss": 0.3633734581126774,
  "epochs_trained": 145,
  "architecture": "unet"
}