{
  "hyperparams": {
    "batch_size": 128,
    "dropout_rate": 0.12324454896805823,
    "hidden_dim": 64,
    "lead_time_embedding_dim": 8,
    "learning_rate": 0.001177801566114047,
    "min_delta": 1.7589466490998296e-05,
    "patience": 30,
    "weight_decay": 2.0209271999328337e-06
  },
  "loss": 0.35970049162205625,
  "epochs_trained": 161,
  "architecture": "unet"
}