{
  "hyperparams": {
    "batch_size": 128,
    "dropout_rate": 0.07778668383251312,
    "lead_time_embedding_dim": 4,
    "learning_rate": 0.0004391060862669342,
    "min_delta": 3.197580351920283e-06,
    "mlp_hidden_dim": 256,
    "mlp_layers": 4,
    "month_embedding_dim": 8,
    "patience": 70,
    "weight_decay": 5.071118324207867e-06
  },
  "loss": 0.04374501842659773,
  "region_losses": {
    "india_4x4_120_144_168h": 0.04374501842659773
  }
}