{
  "hyperparams": {
    "batch_size": 32,
    "dropout_rate": 0.07200059853716122,
    "lead_time_embedding_dim": 8,
    "learning_rate": 3.324563514476036e-05,
    "min_delta": 4.001956641346808e-06,
    "mlp_hidden_dim": 1024,
    "mlp_layers": 4,
    "month_embedding_dim": 4,
    "patience": 50,
    "weight_decay": 5.102783296980642e-06
  },
  "loss": 0.04364659746027075,
  "region_losses": {
    "india_4x4_120_144_168h": 0.04364659746027075
  }
}