{
  "hyperparams": {
    "batch_size": 16,
    "dropout_rate": 0.06439187987465825,
    "lead_time_embedding_dim": 8,
    "learning_rate": 1.8628487341971833e-05,
    "min_delta": 1.590032524234012e-05,
    "mlp_hidden_dim": 64,
    "mlp_layers": 6,
    "month_embedding_dim": 8,
    "patience": 20,
    "weight_decay": 3.3075553404552884e-06
  },
  "loss": 0.1906677678585872,
  "region_losses": {
    "india_4x4_120_144_168h": 0.1906677678585872
  }
}