{
  "hyperparams": {
    "batch_size": 32,
    "dropout_rate": 0.03763982395912887,
    "lead_time_embedding_dim": 16,
    "learning_rate": 0.00014150933737082646,
    "min_delta": 3.123707428039999e-06,
    "mlp_hidden_dim": 1024,
    "mlp_layers": 7,
    "month_embedding_dim": 32,
    "patience": 50,
    "weight_decay": 2.7172420698449984e-06
  },
  "loss": 0.03400128198209361,
  "region_losses": {
    "india_4x4_120_144_168h": 0.03400128198209361
  }
}