{
  "hyperparams": {
    "batch_size": 16,
    "dropout_rate": 0.25502399204001003,
    "lead_time_embedding_dim": 32,
    "learning_rate": 0.00010519254571902435,
    "min_delta": 7.076485682375096e-05,
    "mlp_hidden_dim": 1024,
    "mlp_layers": 5,
    "month_embedding_dim": 16,
    "patience": 20,
    "weight_decay": 1.1406955250838521e-06
  },
  "loss": 0.04141948824238463,
  "region_losses": {
    "india_4x4_120_144_168h": 0.04141948824238463
  }
}