{
  "hyperparams": {
    "batch_size": 128,
    "dropout_rate": 0.32291642315687497,
    "lead_time_embedding_dim": 16,
    "learning_rate": 2.2901212388890627e-05,
    "min_delta": 4.108051423105691e-06,
    "mlp_hidden_dim": 512,
    "mlp_layers": 2,
    "month_embedding_dim": 32,
    "patience": 50,
    "weight_decay": 2.179042760191484e-06
  },
  "loss": 0.07221916515085705,
  "region_losses": {
    "india_4x4_120_144_168h": 0.07221916515085705
  }
}