{
  "hyperparams": {
    "batch_size": 64,
    "dropout_rate": 0.27061923422979084,
    "lead_time_embedding_dim": 16,
    "learning_rate": 0.0031562561791486647,
    "min_delta": 7.41088614508538e-05,
    "mlp_hidden_dim": 128,
    "mlp_layers": 3,
    "month_embedding_dim": 8,
    "patience": 20,
    "weight_decay": 1.320829590429187e-06
  },
  "loss": 0.11971371503117978,
  "region_losses": {
    "india_4x4_120_144_168h": 0.11971371503117978
  }
}