{
  "hyperparams": {
    "batch_size": 16,
    "dropout_rate": 0.12353127919618684,
    "lead_time_embedding_dim": 4,
    "learning_rate": 7.551088795787807e-05,
    "min_delta": 1.2474809961051648e-05,
    "mlp_hidden_dim": 512,
    "mlp_layers": 2,
    "month_embedding_dim": 16,
    "patience": 20,
    "weight_decay": 4.698057498218916e-05
  },
  "loss": 0.05673270556917851,
  "region_losses": {
    "india_4x4_120_144_168h": 0.05673270556917851
  }
}