{
  "hyperparams": {
    "batch_size": 32,
    "dropout_rate": 0.07210324965350365,
    "lead_time_embedding_dim": 16,
    "learning_rate": 0.00014136242359782253,
    "min_delta": 5.115607823694077e-06,
    "mlp_hidden_dim": 1024,
    "mlp_layers": 4,
    "month_embedding_dim": 8,
    "patience": 70,
    "weight_decay": 0.002826947995556324
  },
  "loss": 0.13908704453044468,
  "region_losses": {
    "india_4x4_120_144_168h": 0.13908704453044468
  }
}