{
  "hyperparams": {
    "batch_size": 16,
    "dropout_rate": 0.2667456738671257,
    "lead_time_embedding_dim": 16,
    "learning_rate": 7.39084856512784e-05,
    "min_delta": 0.0006695909282094467,
    "mlp_hidden_dim": 1024,
    "mlp_layers": 5,
    "month_embedding_dim": 16,
    "patience": 20,
    "weight_decay": 9.405358441656182e-06
  },
  "loss": 0.04814208537032924,
  "region_losses": {
    "india_4x4_120_144_168h": 0.04814208537032924
  }
}