{
  "hyperparams": {
    "batch_size": 16,
    "dropout_rate": 0.1953425596041019,
    "lead_time_embedding_dim": 16,
    "learning_rate": 5.6764990426396266e-05,
    "min_delta": 1.0855871908275013e-05,
    "mlp_hidden_dim": 512,
    "mlp_layers": 4,
    "month_embedding_dim": 16,
    "patience": 70,
    "weight_decay": 1.081460688211926e-05
  },
  "loss": 0.04774051318361178,
  "region_losses": {
    "india_4x4_120_144_168h": 0.04774051318361178
  }
}