{
  "hyperparams": {
    "batch_size": 32,
    "dropout_rate": 0.017617981290165338,
    "lead_time_embedding_dim": 8,
    "learning_rate": 0.0005403570184813451,
    "min_delta": 1.5885925010335325e-06,
    "mlp_hidden_dim": 256,
    "mlp_layers": 4,
    "month_embedding_dim": 8,
    "patience": 70,
    "weight_decay": 3.0767995713349864e-05
  },
  "loss": 0.04368558290488122,
  "region_losses": {
    "india_4x4_120_144_168h": 0.04368558290488122
  }
}