{
  "hyperparams": {
    "batch_size": 16,
    "dropout_rate": 0.05188988248187266,
    "lead_time_embedding_dim": 32,
    "learning_rate": 1.0432705826163854e-05,
    "min_delta": 0.00010582213032677413,
    "mlp_hidden_dim": 1024,
    "mlp_layers": 4,
    "month_embedding_dim": 16,
    "patience": 50,
    "weight_decay": 4.775978373154698e-06
  },
  "loss": 0.049806887913337414,
  "region_losses": {
    "india_4x4_120_144_168h": 0.049806887913337414
  }
}