{
  "hyperparams": {
    "batch_size": 128,
    "dropout_rate": 0.06352022886959159,
    "lead_time_embedding_dim": 32,
    "learning_rate": 0.003329682531982531,
    "min_delta": 0.0003177159771398252,
    "mlp_hidden_dim": 512,
    "mlp_layers": 4,
    "month_embedding_dim": 16,
    "patience": 70,
    "weight_decay": 0.0017417545919129454
  },
  "loss": 0.12778491438937215,
  "region_losses": {
    "india_4x4_120_144_168h": 0.12778491438937215
  }
}