{
  "hyperparams": {
    "batch_size": 32,
    "dropout_rate": 0.3680454458182021,
    "lead_time_embedding_dim": 32,
    "learning_rate": 6.800120521210915e-05,
    "min_delta": 5.085941346587243e-05,
    "mlp_hidden_dim": 1024,
    "mlp_layers": 3,
    "month_embedding_dim": 4,
    "patience": 50,
    "weight_decay": 2.2143446392741227e-06
  },
  "loss": 0.05570057518822904,
  "region_losses": {
    "india_4x4_120_144_168h": 0.05570057518822904
  }
}