{
  "hyperparams": {
    "batch_size": 16,
    "dropout_rate": 0.15374982028198117,
    "lead_time_embedding_dim": 8,
    "learning_rate": 0.0003081761297428891,
    "min_delta": 4.995065675247161e-06,
    "mlp_hidden_dim": 1024,
    "mlp_layers": 2,
    "month_embedding_dim": 16,
    "patience": 70,
    "weight_decay": 0.0004640031807973139
  },
  "loss": 0.09081813091367381,
  "region_losses": {
    "india_4x4_120_144_168h": 0.09081813091367381
  }
}