{
  "hyperparams": {
    "batch_size": 16,
    "dropout_rate": 0.16042256316718576,
    "lead_time_embedding_dim": 8,
    "learning_rate": 0.000832117627976934,
    "min_delta": 3.2613829206400966e-05,
    "mlp_hidden_dim": 1024,
    "mlp_layers": 3,
    "month_embedding_dim": 16,
    "patience": 50,
    "weight_decay": 9.051758776053279e-06
  },
  "loss": 0.06717143635364742,
  "region_losses": {
    "india_4x4_120_144_168h": 0.06717143635364742
  }
}