{
  "hyperparams": {
    "batch_size": 32,
    "dropout_rate": 0.0816628817667989,
    "lead_time_embedding_dim": 16,
    "learning_rate": 5.413004620759371e-06,
    "min_delta": 3.679197288216657e-06,
    "mlp_hidden_dim": 1024,
    "mlp_layers": 4,
    "month_embedding_dim": 32,
    "patience": 70,
    "weight_decay": 0.00013783134920096203
  },
  "loss": 0.06922319812224356,
  "region_losses": {
    "india_4x4_120_144_168h": 0.06922319812224356
  }
}