{
  "hyperparams": {
    "batch_size": 32,
    "dropout_rate": 0.051837282803763915,
    "lead_time_embedding_dim": 32,
    "learning_rate": 0.00041056600603660433,
    "min_delta": 4.8486917760466165e-05,
    "mlp_hidden_dim": 1024,
    "mlp_layers": 5,
    "month_embedding_dim": 16,
    "patience": 20,
    "weight_decay": 1.134174016380662e-05
  },
  "loss": 0.04004988648244878,
  "region_losses": {
    "india_4x4_120_144_168h": 0.04004988648244878
  }
}