{
  "hyperparams": {
    "batch_size": 32,
    "dropout_rate": 0.06648416160848747,
    "lead_time_embedding_dim": 16,
    "learning_rate": 6.028021091195246e-05,
    "min_delta": 1.276027273591102e-06,
    "mlp_hidden_dim": 64,
    "mlp_layers": 4,
    "month_embedding_dim": 32,
    "patience": 30,
    "weight_decay": 5.870634734069503e-06
  },
  "loss": 0.07598048552682993,
  "region_losses": {
    "india_4x4_120_144_168h": 0.07598048552682993
  }
}