{
  "hyperparams": {
    "batch_size": 64,
    "dropout_rate": 0.030983117243992688,
    "lead_time_embedding_dim": 32,
    "learning_rate": 0.0008127633272315049,
    "min_delta": 1.0189965275858283e-05,
    "mlp_hidden_dim": 1024,
    "mlp_layers": 6,
    "month_embedding_dim": 16,
    "patience": 30,
    "weight_decay": 1.5347299401367855e-05
  },
  "loss": 0.053320881333479495,
  "region_losses": {
    "india_4x4_120_144_168h": 0.053320881333479495
  }
}