{
  "hyperparams": {
    "batch_size": 16,
    "dropout_rate": 0.07779924436841289,
    "lead_time_embedding_dim": 16,
    "learning_rate": 1.0322708791294632e-05,
    "min_delta": 5.5611993975228094e-05,
    "mlp_hidden_dim": 1024,
    "mlp_layers": 4,
    "month_embedding_dim": 16,
    "patience": 20,
    "weight_decay": 4.65433959696441e-06
  },
  "loss": 0.04894557687425122,
  "region_losses": {
    "india_4x4_120_144_168h": 0.04894557687425122
  }
}