{
  "hyperparams": {
    "batch_size": 16,
    "dropout_rate": 0.09369499742558364,
    "lead_time_embedding_dim": 32,
    "learning_rate": 8.063911092002485e-05,
    "min_delta": 7.127558587945722e-06,
    "mlp_hidden_dim": 128,
    "mlp_layers": 4,
    "month_embedding_dim": 4,
    "patience": 20,
    "weight_decay": 0.00016429454337988497
  },
  "loss": 0.07653518813531014,
  "region_losses": {
    "india_4x4_120_144_168h": 0.07653518813531014
  }
}