{
  "hyperparams": {
    "batch_size": 32,
    "dropout_rate": 0.032248695402427245,
    "lead_time_embedding_dim": 4,
    "learning_rate": 0.0005286483704227078,
    "min_delta": 2.7842300304796403e-06,
    "mlp_hidden_dim": 1024,
    "mlp_layers": 3,
    "month_embedding_dim": 8,
    "patience": 70,
    "weight_decay": 6.561887867611239e-06
  },
  "loss": 0.03948388095915249,
  "region_losses": {
    "india_4x4_120_144_168h": 0.03948388095915249
  }
}