{
  "hyperparams": {
    "batch_size": 32,
    "dropout_rate": 0.12757755069525087,
    "lead_time_embedding_dim": 8,
    "learning_rate": 0.0002250870030815749,
    "min_delta": 1.1475189694341545e-06,
    "mlp_hidden_dim": 1024,
    "mlp_layers": 4,
    "month_embedding_dim": 8,
    "patience": 70,
    "weight_decay": 3.100810572912409e-06
  },
  "loss": 0.03175605205821144,
  "region_losses": {
    "india_4x4_120_144_168h": 0.03175605205821144
  }
}