{
  "hyperparams": {
    "batch_size": 64,
    "dropout_rate": 0.37213560123664613,
    "lead_time_embedding_dim": 4,
    "learning_rate": 0.00015532814936213094,
    "min_delta": 5.1722155536234266e-05,
    "mlp_hidden_dim": 256,
    "mlp_layers": 5,
    "month_embedding_dim": 16,
    "patience": 30,
    "weight_decay": 0.0023225018337352603
  },
  "loss": 0.18510038073666454,
  "region_losses": {
    "india_4x4_120_144_168h": 0.18510038073666454
  }
}