{
  "hyperparams": {
    "batch_size": 32,
    "dropout_rate": 0.20640257988736138,
    "lead_time_embedding_dim": 16,
    "learning_rate": 6.586801088032607e-05,
    "min_delta": 1.001385159107972e-06,
    "mlp_hidden_dim": 64,
    "mlp_layers": 3,
    "month_embedding_dim": 8,
    "patience": 30,
    "weight_decay": 3.3796120724772437e-06
  },
  "loss": 0.09053370313034025,
  "region_losses": {
    "india_4x4_120_144_168h": 0.09053370313034025
  }
}