{
  "hyperparams": {
    "batch_size": 32,
    "dropout_rate": 0.07357450001065395,
    "lead_time_embedding_dim": 8,
    "learning_rate": 0.0002709303308276963,
    "min_delta": 1.7030815861307069e-06,
    "mlp_hidden_dim": 1024,
    "mlp_layers": 4,
    "month_embedding_dim": 8,
    "patience": 70,
    "weight_decay": 3.956248141971605e-06
  },
  "loss": 0.03158962775879504,
  "region_losses": {
    "india_4x4_120_144_168h": 0.03158962775879504
  }
}