{
  "hyperparams": {
    "batch_size": 32,
    "dropout_rate": 0.11138161486780267,
    "lead_time_embedding_dim": 4,
    "learning_rate": 7.178052707912939e-06,
    "min_delta": 1.1288226551738897e-06,
    "mlp_hidden_dim": 1024,
    "mlp_layers": 4,
    "month_embedding_dim": 8,
    "patience": 70,
    "weight_decay": 1.0173259470129276e-06
  },
  "loss": 0.06260388876649658,
  "region_losses": {
    "india_4x4_120_144_168h": 0.06260388876649658
  }
}