{
  "hyperparams": {
    "batch_size": 32,
    "dropout_rate": 0.0461301539292891,
    "lead_time_embedding_dim": 8,
    "learning_rate": 4.220294360061222e-05,
    "min_delta": 4.407683631159126e-06,
    "mlp_hidden_dim": 64,
    "mlp_layers": 4,
    "month_embedding_dim": 4,
    "patience": 50,
    "weight_decay": 2.135997127740646e-06
  },
  "loss": 0.08134835724636724,
  "region_losses": {
    "india_4x4_120_144_168h": 0.08134835724636724
  }
}