{
  "hyperparams": {
    "batch_size": 16,
    "dropout_rate": 0.1398576622855092,
    "lead_time_embedding_dim": 32,
    "learning_rate": 3.2416675118190054e-05,
    "min_delta": 5.391003129436755e-06,
    "mlp_hidden_dim": 1024,
    "mlp_layers": 4,
    "month_embedding_dim": 16,
    "patience": 70,
    "weight_decay": 1.6176193633322995e-06
  },
  "loss": 0.03942845018424802,
  "region_losses": {
    "india_4x4_120_144_168h": 0.03942845018424802
  }
}