{
  "hyperparams": {
    "batch_size": 32,
    "dropout_rate": 0.0025249393063218606,
    "lead_time_embedding_dim": 8,
    "learning_rate": 0.00016265358568288215,
    "min_delta": 2.7978767357708465e-06,
    "mlp_hidden_dim": 1024,
    "mlp_layers": 4,
    "month_embedding_dim": 8,
    "patience": 70,
    "weight_decay": 1.2926294864659578e-05
  },
  "loss": 0.030833519088426544,
  "region_losses": {
    "india_4x4_120_144_168h": 0.030833519088426544
  }
}