{
  "hyperparams": {
    "batch_size": 16,
    "dropout_rate": 0.03922273055040073,
    "lead_time_embedding_dim": 32,
    "learning_rate": 0.0007516310687660542,
    "min_delta": 0.0003480517850927954,
    "mlp_hidden_dim": 512,
    "mlp_layers": 3,
    "month_embedding_dim": 16,
    "patience": 30,
    "weight_decay": 7.752692689597013e-06
  },
  "loss": 0.05209133417301844,
  "region_losses": {
    "india_4x4_120_144_168h": 0.05209133417301844
  }
}