{
  "hyperparams": {
    "batch_size": 32,
    "dropout_rate": 0.07658178466545462,
    "lead_time_embedding_dim": 8,
    "learning_rate": 0.0002326543864867029,
    "min_delta": 1.6955966065296185e-06,
    "mlp_hidden_dim": 1024,
    "mlp_layers": 4,
    "month_embedding_dim": 8,
    "patience": 70,
    "weight_decay": 4.198240052650061e-06
  },
  "loss": 0.03254748232031128,
  "region_losses": {
    "india_4x4_120_144_168h": 0.03254748232031128
  }
}