{
  "hyperparams": {
    "batch_size": 16,
    "dropout_rate": 0.2941934423181589,
    "lead_time_embedding_dim": 32,
    "learning_rate": 0.00018442128085056832,
    "min_delta": 1.2071545971241985e-05,
    "mlp_hidden_dim": 128,
    "mlp_layers": 4,
    "month_embedding_dim": 16,
    "patience": 70,
    "weight_decay": 1.3619149464707966e-06
  },
  "loss": 0.08823819531027531,
  "region_losses": {
    "india_4x4_120_144_168h": 0.08823819531027531
  }
}