{
  "hyperparams": {
    "batch_size": 16,
    "dropout_rate": 0.1323370686581645,
    "lead_time_embedding_dim": 8,
    "learning_rate": 0.0001599045331392456,
    "min_delta": 4.10163569862511e-06,
    "mlp_hidden_dim": 512,
    "mlp_layers": 4,
    "month_embedding_dim": 16,
    "patience": 70,
    "weight_decay": 5.449377981780765e-06
  },
  "loss": 0.037779920741932774,
  "region_losses": {
    "india_4x4_120_144_168h": 0.037779920741932774
  }
}