{
  "hyperparams": {
    "batch_size": 64,
    "dropout_rate": 0.213204725251241,
    "lead_time_embedding_dim": 32,
    "learning_rate": 0.006670631362348327,
    "min_delta": 2.5718612514880508e-05,
    "mlp_hidden_dim": 1024,
    "mlp_layers": 5,
    "month_embedding_dim": 4,
    "patience": 50,
    "weight_decay": 1.6901871121845966e-05
  },
  "loss": 0.21398249512617257,
  "region_losses": {
    "india_4x4_120_144_168h": 0.21398249512617257
  }
}