{
  "hyperparams": {
    "batch_size": 16,
    "dropout_rate": 0.20354828000500225,
    "lead_time_embedding_dim": 8,
    "learning_rate": 0.00015650535679788405,
    "min_delta": 1.3469452045646373e-06,
    "mlp_hidden_dim": 1024,
    "mlp_layers": 4,
    "month_embedding_dim": 16,
    "patience": 70,
    "weight_decay": 2.4095818816751416e-06
  },
  "loss": 0.03543738722118452,
  "region_losses": {
    "india_4x4_120_144_168h": 0.03543738722118452
  }
}