{
  "hyperparams": {
    "batch_size": 32,
    "dropout_rate": 0.10873337700086193,
    "lead_time_embedding_dim": 16,
    "learning_rate": 0.00020424244436256745,
    "min_delta": 9.305118780533157e-06,
    "mlp_hidden_dim": 1024,
    "mlp_layers": 4,
    "month_embedding_dim": 32,
    "patience": 50,
    "weight_decay": 1.727997023468894e-06
  },
  "loss": 0.032190072835601206,
  "region_losses": {
    "india_4x4_120_144_168h": 0.032190072835601206
  }
}