{
  "hyperparams": {
    "batch_size": 64,
    "dropout_rate": 0.039015584264536246,
    "lead_time_embedding_dim": 32,
    "learning_rate": 0.001192726108586561,
    "min_delta": 3.443430154939775e-05,
    "mlp_hidden_dim": 1024,
    "mlp_layers": 5,
    "month_embedding_dim": 16,
    "patience": 30,
    "weight_decay": 2.4690896379533448e-05
  },
  "loss": 0.04676509814129935,
  "region_losses": {
    "india_4x4_120_144_168h": 0.04676509814129935
  }
}