{
  "hyperparams": {
    "batch_size": 16,
    "dropout_rate": 0.12765596812226296,
    "lead_time_embedding_dim": 32,
    "learning_rate": 5.959550451186184e-05,
    "min_delta": 6.37746884335278e-05,
    "mlp_hidden_dim": 1024,
    "mlp_layers": 4,
    "month_embedding_dim": 8,
    "patience": 50,
    "weight_decay": 2.2877742649510153e-06
  },
  "loss": 0.03573649719715938,
  "region_losses": {
    "india_4x4_120_144_168h": 0.03573649719715938
  }
}