{
  "hyperparams": {
    "batch_size": 128,
    "dropout_rate": 0.02465646834608981,
    "lead_time_embedding_dim": 8,
    "learning_rate": 8.415138700103392e-05,
    "min_delta": 6.549096923072697e-06,
    "mlp_hidden_dim": 1024,
    "mlp_layers": 4,
    "month_embedding_dim": 4,
    "patience": 50,
    "weight_decay": 3.1401478204153774e-06
  },
  "loss": 0.042402796434475386,
  "region_losses": {
    "india_4x4_120_144_168h": 0.042402796434475386
  }
}