{
  "hyperparams": {
    "batch_size": 16,
    "dropout_rate": 0.18699897434333937,
    "lead_time_embedding_dim": 32,
    "learning_rate": 9.521399472048975e-05,
    "min_delta": 5.890875756880958e-06,
    "mlp_hidden_dim": 1024,
    "mlp_layers": 4,
    "month_embedding_dim": 16,
    "patience": 70,
    "weight_decay": 1.0114667341369286e-06
  },
  "loss": 0.034578252669086706,
  "region_losses": {
    "india_4x4_120_144_168h": 0.034578252669086706
  }
}