{
  "hyperparams": {
    "batch_size": 64,
    "dropout_rate": 0.05804745486392257,
    "lead_time_embedding_dim": 32,
    "learning_rate": 4.5115989804446214e-05,
    "min_delta": 0.00022837163975720126,
    "mlp_hidden_dim": 1024,
    "mlp_layers": 4,
    "month_embedding_dim": 16,
    "patience": 30,
    "weight_decay": 5.295674608370503e-05
  },
  "loss": 0.048998543807014155,
  "region_losses": {
    "india_4x4_120_144_168h": 0.048998543807014155
  }
}