{
  "hyperparams": {
    "batch_size": 128,
    "dropout_rate": 0.04836919538345529,
    "lead_time_embedding_dim": 8,
    "learning_rate": 2.1104145406355106e-06,
    "min_delta": 5.274465725998442e-05,
    "mlp_hidden_dim": 512,
    "mlp_layers": 4,
    "month_embedding_dim": 16,
    "patience": 70,
    "weight_decay": 2.3407453278979816e-06
  },
  "loss": 0.12703862588293638,
  "region_losses": {
    "india_4x4_120_144_168h": 0.12703862588293638
  }
}