{
  "hyperparams": {
    "batch_size": 32,
    "dropout_rate": 0.019805326631259446,
    "lead_time_embedding_dim": 8,
    "learning_rate": 0.0017352530292797646,
    "min_delta": 8.44391210831234e-06,
    "mlp_hidden_dim": 64,
    "mlp_layers": 7,
    "month_embedding_dim": 32,
    "patience": 50,
    "weight_decay": 0.005461581348650822
  },
  "loss": 1.1272746312932325,
  "region_losses": {
    "india_4x4_120_144_168h": 1.1272746312932325
  }
}