{
  "hyperparams": {
    "batch_size": 16,
    "dropout_rate": 0.17742926533954628,
    "lead_time_embedding_dim": 32,
    "learning_rate": 0.00027776166880885255,
    "min_delta": 2.085231472787171e-05,
    "mlp_hidden_dim": 256,
    "mlp_layers": 5,
    "month_embedding_dim": 16,
    "patience": 50,
    "weight_decay": 2.842518402927581e-06
  },
  "loss": 0.049933917790583045,
  "region_losses": {
    "india_4x4_120_144_168h": 0.049933917790583045
  }
}