{
  "hyperparams": {
    "batch_size": 16,
    "dropout_rate": 0.12237345567854363,
    "lead_time_embedding_dim": 32,
    "learning_rate": 0.00017115244792756306,
    "min_delta": 0.00011812158918818765,
    "mlp_hidden_dim": 1024,
    "mlp_layers": 5,
    "month_embedding_dim": 16,
    "patience": 20,
    "weight_decay": 2.0705801177975936e-06
  },
  "loss": 0.03389806711335772,
  "region_losses": {
    "india_4x4_120_144_168h": 0.03389806711335772
  }
}