{
  "hyperparams": {
    "batch_size": 64,
    "dropout_rate": 0.05988190711648729,
    "lead_time_embedding_dim": 32,
    "learning_rate": 0.0027194343672953657,
    "min_delta": 3.0315031871924113e-05,
    "mlp_hidden_dim": 1024,
    "mlp_layers": 2,
    "month_embedding_dim": 16,
    "patience": 30,
    "weight_decay": 0.00011502304736664479
  },
  "loss": 0.10011830587976987,
  "region_losses": {
    "india_4x4_120_144_168h": 0.10011830587976987
  }
}