{
  "hyperparams": {
    "batch_size": 32,
    "dropout_rate": 0.10376677627613179,
    "lead_time_embedding_dim": 4,
    "learning_rate": 0.0007988717943517833,
    "min_delta": 8.775082745538059e-05,
    "mlp_hidden_dim": 512,
    "mlp_layers": 5,
    "month_embedding_dim": 16,
    "patience": 20,
    "weight_decay": 3.0215855986831005e-05
  },
  "loss": 0.07479923236411053,
  "region_losses": {
    "india_4x4_120_144_168h": 0.07479923236411053
  }
}