{
  "hyperparams": {
    "batch_size": 32,
    "dropout_rate": 0.08799985868616314,
    "lead_time_embedding_dim": 16,
    "learning_rate": 5.266708087193891e-05,
    "min_delta": 2.253055656135978e-06,
    "mlp_hidden_dim": 1024,
    "mlp_layers": 2,
    "month_embedding_dim": 8,
    "patience": 30,
    "weight_decay": 8.847998770697683e-05
  },
  "loss": 0.05028997105626306,
  "region_losses": {
    "india_4x4_120_144_168h": 0.05028997105626306
  }
}