{
  "hyperparams": {
    "batch_size": 32,
    "dropout_rate": 0.12101224034049805,
    "lead_time_embedding_dim": 8,
    "learning_rate": 0.00012473167010524811,
    "min_delta": 1.1177654736503503e-06,
    "mlp_hidden_dim": 512,
    "mlp_layers": 7,
    "month_embedding_dim": 8,
    "patience": 70,
    "weight_decay": 1.7869828987800746e-06
  },
  "loss": 0.04221446796150757,
  "region_losses": {
    "india_4x4_120_144_168h": 0.04221446796150757
  }
}