{
  "hyperparams": {
    "batch_size": 32,
    "dropout_rate": 0.06474548793643314,
    "lead_time_embedding_dim": 8,
    "learning_rate": 0.0003827484377214713,
    "min_delta": 3.625815849977871e-06,
    "mlp_hidden_dim": 1024,
    "mlp_layers": 4,
    "month_embedding_dim": 4,
    "patience": 50,
    "weight_decay": 6.519444684051722e-06
  },
  "loss": 0.033414292620774465,
  "region_losses": {
    "india_4x4_120_144_168h": 0.033414292620774465
  }
}