{
  "hyperparams": {
    "batch_size": 32,
    "dropout_rate": 0.04102439147992523,
    "lead_time_embedding_dim": 8,
    "learning_rate": 1.9371074718659728e-05,
    "min_delta": 8.26304657726364e-06,
    "mlp_hidden_dim": 1024,
    "mlp_layers": 4,
    "month_embedding_dim": 4,
    "patience": 50,
    "weight_decay": 9.033890847810525e-06
  },
  "loss": 0.05138590677565589,
  "region_losses": {
    "india_4x4_120_144_168h": 0.05138590677565589
  }
}