{
  "hyperparams": {
    "batch_size": 128,
    "dropout_rate": 0.16337278927733692,
    "lead_time_embedding_dim": 32,
    "learning_rate": 0.004498189094594167,
    "min_delta": 0.0003981506981087004,
    "mlp_hidden_dim": 1024,
    "mlp_layers": 5,
    "month_embedding_dim": 16,
    "patience": 70,
    "weight_decay": 1.1439982458891193e-06
  },
  "loss": 0.09624947981326441,
  "region_losses": {
    "india_4x4_120_144_168h": 0.09624947981326441
  }
}