{
  "hyperparams": {
    "batch_size": 32,
    "dropout_rate": 0.08364187153764192,
    "lead_time_embedding_dim": 32,
    "learning_rate": 0.00024034590887120284,
    "min_delta": 0.0007053704182524125,
    "mlp_hidden_dim": 1024,
    "mlp_layers": 4,
    "month_embedding_dim": 16,
    "patience": 20,
    "weight_decay": 4.656152401161021e-06
  },
  "loss": 0.038578275783160296,
  "region_losses": {
    "india_4x4_120_144_168h": 0.038578275783160296
  }
}