{
  "hyperparams": {
    "batch_size": 16,
    "dropout_rate": 0.1406289798029182,
    "lead_time_embedding_dim": 32,
    "learning_rate": 5.418196699287739e-05,
    "min_delta": 4.103020307683531e-05,
    "mlp_hidden_dim": 64,
    "mlp_layers": 5,
    "month_embedding_dim": 16,
    "patience": 20,
    "weight_decay": 0.008237201800605767
  },
  "loss": 0.1979910897396138,
  "region_losses": {
    "india_4x4_120_144_168h": 0.1979910897396138
  }
}