{
  "hyperparams": {
    "batch_size": 32,
    "dropout_rate": 0.20696240109032407,
    "lead_time_embedding_dim": 4,
    "learning_rate": 0.0002234141414911651,
    "min_delta": 9.534492080723776e-05,
    "mlp_hidden_dim": 1024,
    "mlp_layers": 6,
    "month_embedding_dim": 4,
    "patience": 20,
    "weight_decay": 3.052721019288961e-05
  },
  "loss": 0.06022417423275874,
  "region_losses": {
    "india_4x4_120_144_168h": 0.06022417423275874
  }
}