{
  "hyperparams": {
    "batch_size": 32,
    "dropout_rate": 0.06913290848478121,
    "lead_time_embedding_dim": 8,
    "learning_rate": 0.0006805968490961584,
    "min_delta": 1.937199703425748e-06,
    "mlp_hidden_dim": 1024,
    "mlp_layers": 4,
    "month_embedding_dim": 8,
    "patience": 70,
    "weight_decay": 6.596321511531222e-05
  },
  "loss": 0.06162823614624904,
  "region_losses": {
    "india_4x4_120_144_168h": 0.06162823614624904
  }
}