{
  "hyperparams": {
    "batch_size": 16,
    "dropout_rate": 0.17361977805309142,
    "lead_time_embedding_dim": 16,
    "learning_rate": 0.00013566251863168015,
    "min_delta": 1.4423095128656385e-05,
    "mlp_hidden_dim": 512,
    "mlp_layers": 2,
    "month_embedding_dim": 16,
    "patience": 20,
    "weight_decay": 3.542007566101227e-05
  },
  "loss": 0.05601638430923667,
  "region_losses": {
    "india_4x4_120_144_168h": 0.05601638430923667
  }
}