{
  "hyperparams": {
    "batch_size": 128,
    "dropout_rate": 0.20212035309873294,
    "lead_time_embedding_dim": 32,
    "learning_rate": 0.00690944205635004,
    "min_delta": 0.00020547077128090676,
    "mlp_hidden_dim": 1024,
    "mlp_layers": 4,
    "month_embedding_dim": 32,
    "patience": 70,
    "weight_decay": 1.8448979748307487e-06
  },
  "loss": 0.20301920627878567,
  "region_losses": {
    "india_4x4_120_144_168h": 0.20301920627878567
  }
}