{
  "hyperparams": {
    "batch_size": 32,
    "dropout_rate": 0.33123748532767733,
    "lead_time_embedding_dim": 32,
    "learning_rate": 4.652653700716019e-05,
    "min_delta": 0.0009441052343546716,
    "mlp_hidden_dim": 512,
    "mlp_layers": 5,
    "month_embedding_dim": 4,
    "patience": 50,
    "weight_decay": 3.9417713044341215e-06
  },
  "loss": 0.08274724948959253,
  "region_losses": {
    "india_4x4_120_144_168h": 0.08274724948959253
  }
}