{
  "hyperparams": {
    "batch_size": 16,
    "dropout_rate": 0.1868367668142466,
    "lead_time_embedding_dim": 32,
    "learning_rate": 2.5448803062723038e-05,
    "min_delta": 5.9285339121788945e-05,
    "mlp_hidden_dim": 1024,
    "mlp_layers": 4,
    "month_embedding_dim": 32,
    "patience": 70,
    "weight_decay": 1.457708555981478e-06
  },
  "loss": 0.04617890467246374,
  "region_losses": {
    "india_4x4_120_144_168h": 0.04617890467246374
  }
}