{
  "hyperparams": {
    "batch_size": 16,
    "dropout_rate": 0.14356297948092497,
    "lead_time_embedding_dim": 32,
    "learning_rate": 0.0001513776057242785,
    "min_delta": 6.70932912583868e-05,
    "mlp_hidden_dim": 1024,
    "mlp_layers": 5,
    "month_embedding_dim": 16,
    "patience": 20,
    "weight_decay": 2.1521599814813916e-06
  },
  "loss": 0.046012725599989174,
  "region_losses": {
    "india_4x4_120_144_168h": 0.046012725599989174
  }
}