{
  "hyperparams": {
    "batch_size": 16,
    "dropout_rate": 0.10276327454724608,
    "lead_time_embedding_dim": 32,
    "learning_rate": 0.00035782432324301083,
    "min_delta": 3.368318258002688e-06,
    "mlp_hidden_dim": 1024,
    "mlp_layers": 4,
    "month_embedding_dim": 4,
    "patience": 50,
    "weight_decay": 1.2083409795206298e-05
  },
  "loss": 0.040113378506055675,
  "region_losses": {
    "india_4x4_120_144_168h": 0.040113378506055675
  }
}