{
  "hyperparams": {
    "batch_size": 16,
    "dropout_rate": 0.09956208996750392,
    "lead_time_embedding_dim": 16,
    "learning_rate": 6.56684317105125e-05,
    "min_delta": 7.14155719476886e-06,
    "mlp_hidden_dim": 1024,
    "mlp_layers": 4,
    "month_embedding_dim": 16,
    "patience": 70,
    "weight_decay": 1.0186878329011291e-06
  },
  "loss": 0.034055579649999244,
  "region_losses": {
    "india_4x4_120_144_168h": 0.034055579649999244
  }
}