{
  "hyperparams": {
    "batch_size": 32,
    "dropout_rate": 0.025527787052080277,
    "lead_time_embedding_dim": 8,
    "learning_rate": 0.00040993588052271794,
    "min_delta": 2.2375110474082395e-06,
    "mlp_hidden_dim": 64,
    "mlp_layers": 7,
    "month_embedding_dim": 8,
    "patience": 70,
    "weight_decay": 3.9986266838620705e-05
  },
  "loss": 0.06825439913149278,
  "region_losses": {
    "india_4x4_120_144_168h": 0.06825439913149278
  }
}