{
  "hyperparams": {
    "batch_size": 32,
    "dropout_rate": 0.09035686318451938,
    "lead_time_embedding_dim": 16,
    "learning_rate": 4.9720600175054496e-05,
    "min_delta": 4.098417031006846e-06,
    "mlp_hidden_dim": 1024,
    "mlp_layers": 4,
    "month_embedding_dim": 8,
    "patience": 70,
    "weight_decay": 2.1129450928024894e-06
  },
  "loss": 0.03783446804696069,
  "region_losses": {
    "india_4x4_120_144_168h": 0.03783446804696069
  }
}