{
  "hyperparams": {
    "batch_size": 128,
    "dropout_rate": 0.07134981287782781,
    "lead_time_embedding_dim": 32,
    "learning_rate": 0.0017366583537543414,
    "min_delta": 0.0004521745970196694,
    "mlp_hidden_dim": 1024,
    "mlp_layers": 5,
    "month_embedding_dim": 32,
    "patience": 70,
    "weight_decay": 5.22728883240072e-06
  },
  "loss": 0.040647160893419215,
  "region_losses": {
    "india_4x4_120_144_168h": 0.040647160893419215
  }
}