{
  "hyperparams": {
    "batch_size": 32,
    "dropout_rate": 0.1983699929858671,
    "lead_time_embedding_dim": 16,
    "learning_rate": 1.6817969611106573e-05,
    "min_delta": 8.884079832911581e-06,
    "mlp_hidden_dim": 64,
    "mlp_layers": 3,
    "month_embedding_dim": 8,
    "patience": 70,
    "weight_decay": 1.185854626548062e-06
  },
  "loss": 0.10606066107681664,
  "region_losses": {
    "india_4x4_120_144_168h": 0.10606066107681664
  }
}