{
  "hyperparams": {
    "batch_size": 32,
    "dropout_rate": 0.07436622350068489,
    "lead_time_embedding_dim": 8,
    "learning_rate": 0.00010226467073816857,
    "min_delta": 3.341129034617069e-06,
    "mlp_hidden_dim": 1024,
    "mlp_layers": 4,
    "month_embedding_dim": 4,
    "patience": 50,
    "weight_decay": 5.274158288209082e-06
  },
  "loss": 0.033214655080714174,
  "region_losses": {
    "india_4x4_120_144_168h": 0.033214655080714174
  }
}