{
  "hyperparams": {
    "batch_size": 16,
    "dropout_rate": 0.038165886155914035,
    "lead_time_embedding_dim": 16,
    "learning_rate": 2.5094212300828122e-05,
    "min_delta": 1.295976448095567e-06,
    "mlp_hidden_dim": 1024,
    "mlp_layers": 5,
    "month_embedding_dim": 4,
    "patience": 20,
    "weight_decay": 1.6470867278023885e-06
  },
  "loss": 0.040095301368460484,
  "region_losses": {
    "india_4x4_120_144_168h": 0.040095301368460484
  }
}