{
  "hyperparams": {
    "batch_size": 16,
    "dropout_rate": 0.14443527110462498,
    "lead_time_embedding_dim": 4,
    "learning_rate": 0.00012867780298420314,
    "min_delta": 2.682728375029051e-05,
    "mlp_hidden_dim": 1024,
    "mlp_layers": 4,
    "month_embedding_dim": 16,
    "patience": 20,
    "weight_decay": 2.798201155076613e-06
  },
  "loss": 0.03611312800632173,
  "region_losses": {
    "india_4x4_120_144_168h": 0.03611312800632173
  }
}