{
  "hyperparams": {
    "batch_size": 16,
    "dropout_rate": 0.06877919383362005,
    "lead_time_embedding_dim": 4,
    "learning_rate": 3.228818720592019e-06,
    "min_delta": 0.000610157629950949,
    "mlp_hidden_dim": 128,
    "mlp_layers": 4,
    "month_embedding_dim": 16,
    "patience": 20,
    "weight_decay": 0.0026649864310023708
  },
  "loss": 0.18581634280266493,
  "region_losses": {
    "india_4x4_120_144_168h": 0.18581634280266493
  }
}