{
  "hyperparams": {
    "batch_size": 32,
    "dropout_rate": 0.04647328162585362,
    "lead_time_embedding_dim": 4,
    "learning_rate": 8.547213316279363e-05,
    "min_delta": 2.2780017313569707e-06,
    "mlp_hidden_dim": 64,
    "mlp_layers": 4,
    "month_embedding_dim": 4,
    "patience": 50,
    "weight_decay": 1.4662067400321207e-06
  },
  "loss": 0.06959170027116457,
  "region_losses": {
    "india_4x4_120_144_168h": 0.06959170027116457
  }
}