{
  "hyperparams": {
    "batch_size": 16,
    "dropout_rate": 0.2135576995978744,
    "lead_time_embedding_dim": 32,
    "learning_rate": 1.4377261799967642e-05,
    "min_delta": 6.4858419912276445e-06,
    "mlp_hidden_dim": 1024,
    "mlp_layers": 4,
    "month_embedding_dim": 16,
    "patience": 70,
    "weight_decay": 3.241919695156432e-06
  },
  "loss": 0.05144308345714522,
  "region_losses": {
    "india_4x4_120_144_168h": 0.05144308345714522
  }
}