{
  "hyperparams": {
    "batch_size": 32,
    "dropout_rate": 0.13392715150140744,
    "lead_time_embedding_dim": 4,
    "learning_rate": 0.0009378242788818044,
    "min_delta": 0.00021118731928365504,
    "mlp_hidden_dim": 1024,
    "mlp_layers": 4,
    "month_embedding_dim": 8,
    "patience": 20,
    "weight_decay": 4.7917019467126066e-06
  },
  "loss": 0.07884944581084236,
  "region_losses": {
    "india_4x4_120_144_168h": 0.07884944581084236
  }
}