{
  "hyperparams": {
    "batch_size": 64,
    "dropout_rate": 0.2104804991351032,
    "lead_time_embedding_dim": 32,
    "learning_rate": 0.0010596109666016003,
    "min_delta": 7.281967273773207e-05,
    "mlp_hidden_dim": 64,
    "mlp_layers": 7,
    "month_embedding_dim": 32,
    "patience": 50,
    "weight_decay": 1.0143517601232616e-06
  },
  "loss": 0.1310613045953257,
  "region_losses": {
    "india_4x4_120_144_168h": 0.1310613045953257
  }
}