{
  "hyperparams": {
    "batch_size": 64,
    "dropout_rate": 0.018271265256893165,
    "lead_time_embedding_dim": 32,
    "learning_rate": 0.00016498027253531282,
    "min_delta": 7.618208800539897e-05,
    "mlp_hidden_dim": 512,
    "mlp_layers": 4,
    "month_embedding_dim": 16,
    "patience": 30,
    "weight_decay": 2.082383182319612e-05
  },
  "loss": 0.04142865366627807,
  "region_losses": {
    "india_4x4_120_144_168h": 0.04142865366627807
  }
}