{
  "hyperparams": {
    "batch_size": 128,
    "dropout_rate": 0.009613479891544301,
    "lead_time_embedding_dim": 4,
    "learning_rate": 6.242009024359048e-05,
    "min_delta": 0.00048203782518882286,
    "mlp_hidden_dim": 512,
    "mlp_layers": 2,
    "month_embedding_dim": 4,
    "patience": 20,
    "weight_decay": 1.140031952255434e-06
  },
  "loss": 0.05776283333562357,
  "region_losses": {
    "india_4x4_120_144_168h": 0.05776283333562357
  }
}