{
  "hyperparams": {
    "batch_size": 32,
    "dropout_rate": 0.039345861832833194,
    "lead_time_embedding_dim": 16,
    "learning_rate": 7.997472609430014e-05,
    "min_delta": 3.3443066856090115e-06,
    "mlp_hidden_dim": 256,
    "mlp_layers": 4,
    "month_embedding_dim": 8,
    "patience": 70,
    "weight_decay": 0.0003728679246361998
  },
  "loss": 0.07141454697064928,
  "region_losses": {
    "india_4x4_120_144_168h": 0.07141454697064928
  }
}