{
  "hyperparams": {
    "batch_size": 64,
    "dropout_rate": 0.18465630218600207,
    "lead_time_embedding_dim": 4,
    "learning_rate": 1.1453025577144203e-05,
    "min_delta": 0.0001164197843344182,
    "mlp_hidden_dim": 128,
    "mlp_layers": 6,
    "month_embedding_dim": 16,
    "patience": 30,
    "weight_decay": 0.00022159616667916535
  },
  "loss": 0.20732555267873634,
  "region_losses": {
    "india_4x4_120_144_168h": 0.20732555267873634
  }
}