{
  "hyperparams": {
    "batch_size": 32,
    "dropout_rate": 0.16422702691261637,
    "lead_time_embedding_dim": 4,
    "learning_rate": 0.0011814975999176955,
    "min_delta": 6.52333340079885e-06,
    "mlp_hidden_dim": 512,
    "mlp_layers": 4,
    "month_embedding_dim": 32,
    "patience": 70,
    "weight_decay": 9.519529082145207e-05
  },
  "loss": 0.09658143777754435,
  "region_losses": {
    "india_4x4_120_144_168h": 0.09658143777754435
  }
}