{
  "hyperparams": {
    "batch_size": 64,
    "dropout_rate": 0.028938937697519162,
    "lead_time_embedding_dim": 32,
    "learning_rate": 0.0004075475558883584,
    "min_delta": 0.0004158866966966386,
    "mlp_hidden_dim": 256,
    "mlp_layers": 5,
    "month_embedding_dim": 16,
    "patience": 50,
    "weight_decay": 2.2864557224004257e-05
  },
  "loss": 0.042440462268607315,
  "region_losses": {
    "india_4x4_120_144_168h": 0.042440462268607315
  }
}