{
  "hyperparams": {
    "batch_size": 64,
    "dropout_rate": 0.11680888542819373,
    "lead_time_embedding_dim": 16,
    "learning_rate": 4.040477293817793e-06,
    "min_delta": 6.376474183053133e-06,
    "mlp_hidden_dim": 1024,
    "mlp_layers": 4,
    "month_embedding_dim": 16,
    "patience": 20,
    "weight_decay": 9.772942303974436e-05
  },
  "loss": 0.08535196447802573,
  "region_losses": {
    "india_4x4_120_144_168h": 0.08535196447802573
  }
}