{
  "hyperparams": {
    "batch_size": 16,
    "dropout_rate": 0.2754449739492853,
    "lead_time_embedding_dim": 32,
    "learning_rate": 3.055946828485185e-05,
    "min_delta": 0.00011424572428480291,
    "mlp_hidden_dim": 1024,
    "mlp_layers": 5,
    "month_embedding_dim": 16,
    "patience": 20,
    "weight_decay": 1.3766024002373663e-06
  },
  "loss": 0.055506084609311605,
  "region_losses": {
    "india_4x4_120_144_168h": 0.055506084609311605
  }
}