{
  "hyperparams": {
    "batch_size": 128,
    "dropout_rate": 0.04907705053714846,
    "lead_time_embedding_dim": 32,
    "learning_rate": 2.705247980548338e-05,
    "min_delta": 2.2747153369535233e-05,
    "mlp_hidden_dim": 512,
    "mlp_layers": 2,
    "month_embedding_dim": 16,
    "patience": 20,
    "weight_decay": 6.503460812264557e-06
  },
  "loss": 0.062074667971500144,
  "region_losses": {
    "india_4x4_120_144_168h": 0.062074667971500144
  }
}