{
  "hyperparams": {
    "batch_size": 32,
    "dropout_rate": 0.07387357579779637,
    "lead_time_embedding_dim": 16,
    "learning_rate": 8.84325032082833e-05,
    "min_delta": 2.5799629408164077e-06,
    "mlp_hidden_dim": 1024,
    "mlp_layers": 4,
    "month_embedding_dim": 8,
    "patience": 70,
    "weight_decay": 1.0024316399699574e-06
  },
  "loss": 0.030746389713825366,
  "region_losses": {
    "india_4x4_120_144_168h": 0.030746389713825366
  }
}