{
  "hyperparams": {
    "batch_size": 32,
    "dropout_rate": 0.055098904265963006,
    "lead_time_embedding_dim": 8,
    "learning_rate": 0.00027634812686241027,
    "min_delta": 5.028344658531592e-06,
    "mlp_hidden_dim": 512,
    "mlp_layers": 2,
    "month_embedding_dim": 4,
    "patience": 50,
    "weight_decay": 3.339692956634036e-06
  },
  "loss": 0.0411637832900298,
  "region_losses": {
    "india_4x4_120_144_168h": 0.0411637832900298
  }
}