{
  "hyperparams": {
    "batch_size": 32,
    "dropout_rate": 0.015572312794010015,
    "lead_time_embedding_dim": 16,
    "learning_rate": 4.8727560869199875e-05,
    "min_delta": 4.429881170572854e-06,
    "mlp_hidden_dim": 1024,
    "mlp_layers": 7,
    "month_embedding_dim": 4,
    "patience": 50,
    "weight_decay": 2.1904472788415044e-06
  },
  "loss": 0.03902599499704912,
  "region_losses": {
    "india_4x4_120_144_168h": 0.03902599499704912
  }
}