{
  "hyperparams": {
    "batch_size": 64,
    "dropout_rate": 0.06460463986798638,
    "lead_time_embedding_dim": 16,
    "learning_rate": 4.609359200107401e-05,
    "min_delta": 2.9564704072351972e-06,
    "mlp_hidden_dim": 1024,
    "mlp_layers": 4,
    "month_embedding_dim": 8,
    "patience": 50,
    "weight_decay": 0.00018161166555777036
  },
  "loss": 0.05797345377291464,
  "region_losses": {
    "india_4x4_120_144_168h": 0.05797345377291464
  }
}