{
  "hyperparams": {
    "batch_size": 32,
    "dropout_rate": 0.00990912608625218,
    "lead_time_embedding_dim": 8,
    "learning_rate": 0.00010959181732541094,
    "min_delta": 3.595912584673927e-06,
    "mlp_hidden_dim": 1024,
    "mlp_layers": 4,
    "month_embedding_dim": 4,
    "patience": 50,
    "weight_decay": 3.5504069992894295e-06
  },
  "loss": 0.029348007869508804,
  "region_losses": {
    "india_4x4_120_144_168h": 0.029348007869508804
  }
}