{
  "hyperparams": {
    "batch_size": 16,
    "dropout_rate": 0.023997011203693627,
    "lead_time_embedding_dim": 4,
    "learning_rate": 0.00025902341438759676,
    "min_delta": 0.0009914599147547829,
    "mlp_hidden_dim": 512,
    "mlp_layers": 2,
    "month_embedding_dim": 16,
    "patience": 20,
    "weight_decay": 5.625675389737645e-06
  },
  "loss": 0.04879410898596697,
  "region_losses": {
    "india_4x4_120_144_168h": 0.04879410898596697
  }
}