{
  "hyperparams": {
    "batch_size": 64,
    "dropout_rate": 0.11018874821246175,
    "lead_time_embedding_dim": 4,
    "learning_rate": 0.003794123579224217,
    "min_delta": 1.152950117169869e-06,
    "mlp_hidden_dim": 128,
    "mlp_layers": 3,
    "month_embedding_dim": 4,
    "patience": 70,
    "weight_decay": 1.2644068371489588e-05
  },
  "loss": 0.09129274458990337,
  "region_losses": {
    "india_4x4_120_144_168h": 0.09129274458990337
  }
}