{
  "hyperparams": {
    "batch_size": 16,
    "dropout_rate": 0.1623798883934254,
    "lead_time_embedding_dim": 8,
    "learning_rate": 1.4766483116418958e-05,
    "min_delta": 1.4283677394666911e-06,
    "mlp_hidden_dim": 1024,
    "mlp_layers": 6,
    "month_embedding_dim": 16,
    "patience": 70,
    "weight_decay": 1.0548093354427192e-05
  },
  "loss": 0.05351017416376975,
  "region_losses": {
    "india_4x4_120_144_168h": 0.05351017416376975
  }
}