{
  "hyperparams": {
    "batch_size": 128,
    "dropout_rate": 0.025286539257007128,
    "lead_time_embedding_dim": 8,
    "learning_rate": 0.0012741912387250094,
    "min_delta": 5.210564539778207e-05,
    "mlp_hidden_dim": 64,
    "mlp_layers": 2,
    "month_embedding_dim": 32,
    "patience": 70,
    "weight_decay": 0.0003799340468480167
  },
  "loss": 0.07989608685892473,
  "region_losses": {
    "india_4x4_120_144_168h": 0.07989608685892473
  }
}