{
  "hyperparams": {
    "batch_size": 16,
    "dropout_rate": 0.14590234794482254,
    "lead_time_embedding_dim": 8,
    "learning_rate": 3.523274945355424e-05,
    "min_delta": 2.2107897283946272e-06,
    "mlp_hidden_dim": 128,
    "mlp_layers": 4,
    "month_embedding_dim": 8,
    "patience": 70,
    "weight_decay": 1.918617706519707e-05
  },
  "loss": 0.07690669073886477,
  "region_losses": {
    "india_4x4_120_144_168h": 0.07690669073886477
  }
}