{
  "hyperparams": {
    "batch_size": 32,
    "dropout_rate": 0.08578801708194143,
    "lead_time_embedding_dim": 16,
    "learning_rate": 0.0001069724959310179,
    "min_delta": 5.818371699075217e-06,
    "mlp_hidden_dim": 256,
    "mlp_layers": 4,
    "month_embedding_dim": 4,
    "patience": 50,
    "weight_decay": 6.090954948273289e-06
  },
  "loss": 0.0492990717573469,
  "region_losses": {
    "india_4x4_120_144_168h": 0.0492990717573469
  }
}