{
  "hyperparams": {
    "batch_size": 16,
    "dropout_rate": 0.10591184382679522,
    "lead_time_embedding_dim": 32,
    "learning_rate": 7.542517853609073e-05,
    "min_delta": 1.3482605071108349e-05,
    "mlp_hidden_dim": 128,
    "mlp_layers": 4,
    "month_embedding_dim": 16,
    "patience": 50,
    "weight_decay": 2.6546895830320002e-06
  },
  "loss": 0.06056415904548024,
  "region_losses": {
    "india_4x4_120_144_168h": 0.06056415904548024
  }
}