{
  "hyperparams": {
    "batch_size": 16,
    "dropout_rate": 0.10117460197073155,
    "lead_time_embedding_dim": 4,
    "learning_rate": 0.007007928419270305,
    "min_delta": 0.0005605817850811751,
    "mlp_hidden_dim": 1024,
    "mlp_layers": 6,
    "month_embedding_dim": 16,
    "patience": 20,
    "weight_decay": 2.62556157402801e-06
  },
  "loss": 0.2201520937824577,
  "region_losses": {
    "india_4x4_120_144_168h": 0.2201520937824577
  }
}