{
  "hyperparams": {
    "batch_size": 16,
    "dropout_rate": 0.2173836600185742,
    "lead_time_embedding_dim": 32,
    "learning_rate": 7.399355157563062e-05,
    "min_delta": 0.00014231173096098033,
    "mlp_hidden_dim": 1024,
    "mlp_layers": 5,
    "month_embedding_dim": 16,
    "patience": 20,
    "weight_decay": 4.1887105122611735e-06
  },
  "loss": 0.04783562101841929,
  "region_losses": {
    "india_4x4_120_144_168h": 0.04783562101841929
  }
}