{
  "hyperparams": {
    "batch_size": 128,
    "dropout_rate": 0.12184923136727503,
    "lead_time_embedding_dim": 32,
    "learning_rate": 0.0023245488838033856,
    "min_delta": 0.00016612474716733356,
    "mlp_hidden_dim": 1024,
    "mlp_layers": 5,
    "month_embedding_dim": 8,
    "patience": 70,
    "weight_decay": 3.056843722936005e-06
  },
  "loss": 0.06260692848816497,
  "region_losses": {
    "india_4x4_120_144_168h": 0.06260692848816497
  }
}