{
  "hyperparams": {
    "batch_size": 16,
    "dropout_rate": 0.09717336361511733,
    "lead_time_embedding_dim": 8,
    "learning_rate": 6.617065179879274e-05,
    "min_delta": 2.396815317477151e-06,
    "mlp_hidden_dim": 256,
    "mlp_layers": 4,
    "month_embedding_dim": 16,
    "patience": 70,
    "weight_decay": 3.7011570156946e-05
  },
  "loss": 0.05245723708491145,
  "region_losses": {
    "india_4x4_120_144_168h": 0.05245723708491145
  }
}