{
  "hyperparams": {
    "batch_size": 16,
    "dropout_rate": 0.1158969160656291,
    "lead_time_embedding_dim": 8,
    "learning_rate": 0.0002980347578672685,
    "min_delta": 1.828496758721768e-06,
    "mlp_hidden_dim": 64,
    "mlp_layers": 4,
    "month_embedding_dim": 16,
    "patience": 70,
    "weight_decay": 2.2026016864381055e-05
  },
  "loss": 0.08456479573679954,
  "region_losses": {
    "india_4x4_120_144_168h": 0.08456479573679954
  }
}