{
  "hyperparams": {
    "batch_size": 16,
    "dropout_rate": 0.10809035886666324,
    "lead_time_embedding_dim": 8,
    "learning_rate": 0.00024841278029298793,
    "min_delta": 2.0068796782250803e-06,
    "mlp_hidden_dim": 128,
    "mlp_layers": 6,
    "month_embedding_dim": 8,
    "patience": 70,
    "weight_decay": 2.3065827230727156e-05
  },
  "loss": 0.06802293509330264,
  "region_losses": {
    "india_4x4_120_144_168h": 0.06802293509330264
  }
}