{
  "hyperparams": {
    "batch_size": 32,
    "dropout_rate": 0.05054004571577183,
    "lead_time_embedding_dim": 8,
    "learning_rate": 8.224245071256439e-05,
    "min_delta": 1.518302028887668e-06,
    "mlp_hidden_dim": 1024,
    "mlp_layers": 4,
    "month_embedding_dim": 8,
    "patience": 70,
    "weight_decay": 7.0715785416366445e-06
  },
  "loss": 0.03468012497392307,
  "region_losses": {
    "india_4x4_120_144_168h": 0.03468012497392307
  }
}