{
  "hyperparams": {
    "batch_size": 32,
    "dropout_rate": 0.10868351497514292,
    "lead_time_embedding_dim": 16,
    "learning_rate": 0.0003312353504905793,
    "min_delta": 5.649570102195442e-06,
    "mlp_hidden_dim": 1024,
    "mlp_layers": 4,
    "month_embedding_dim": 32,
    "patience": 50,
    "weight_decay": 1.0357753494617638e-06
  },
  "loss": 0.03261132933463974,
  "region_losses": {
    "india_4x4_120_144_168h": 0.03261132933463974
  }
}