{
  "hyperparams": {
    "batch_size": 32,
    "dropout_rate": 0.060297522046603796,
    "lead_time_embedding_dim": 8,
    "learning_rate": 6.134606378489481e-05,
    "min_delta": 4.904001143556406e-06,
    "mlp_hidden_dim": 1024,
    "mlp_layers": 7,
    "month_embedding_dim": 8,
    "patience": 70,
    "weight_decay": 1.4787423008049422e-05
  },
  "loss": 0.041561916828974824,
  "region_losses": {
    "india_4x4_120_144_168h": 0.041561916828974824
  }
}