{
  "hyperparams": {
    "batch_size": 128,
    "dropout_rate": 0.3168255160408688,
    "lead_time_embedding_dim": 16,
    "learning_rate": 1.5786990739919064e-05,
    "min_delta": 6.704824117190592e-05,
    "mlp_hidden_dim": 1024,
    "mlp_layers": 4,
    "month_embedding_dim": 8,
    "patience": 70,
    "weight_decay": 4.2046098837108986e-06
  },
  "loss": 0.07787668641831594,
  "region_losses": {
    "india_4x4_120_144_168h": 0.07787668641831594
  }
}