{
  "hyperparams": {
    "batch_size": 32,
    "dropout_rate": 0.10138819932378611,
    "lead_time_embedding_dim": 32,
    "learning_rate": 0.0002665841241039683,
    "min_delta": 9.231780614295567e-05,
    "mlp_hidden_dim": 1024,
    "mlp_layers": 5,
    "month_embedding_dim": 16,
    "patience": 20,
    "weight_decay": 9.210902929955583e-06
  },
  "loss": 0.03779968451431186,
  "region_losses": {
    "india_4x4_120_144_168h": 0.03779968451431186
  }
}