{
  "hyperparams": {
    "batch_size": 128,
    "dropout_rate": 0.21375889041689308,
    "lead_time_embedding_dim": 8,
    "learning_rate": 8.1747688816576e-06,
    "min_delta": 0.00034235779638429824,
    "mlp_hidden_dim": 1024,
    "mlp_layers": 5,
    "month_embedding_dim": 32,
    "patience": 50,
    "weight_decay": 1.4984818638817586e-06
  },
  "loss": 0.08113586789110136,
  "region_losses": {
    "india_4x4_120_144_168h": 0.08113586789110136
  }
}