{
  "hyperparams": {
    "batch_size": 16,
    "dropout_rate": 0.18893233486908398,
    "lead_time_embedding_dim": 4,
    "learning_rate": 0.0003020122565283613,
    "min_delta": 3.879635467144785e-05,
    "mlp_hidden_dim": 1024,
    "mlp_layers": 4,
    "month_embedding_dim": 4,
    "patience": 20,
    "weight_decay": 1.1599954439239728e-06
  },
  "loss": 0.05190288530660522,
  "region_losses": {
    "india_4x4_120_144_168h": 0.05190288530660522
  }
}