{
  "hyperparams": {
    "batch_size": 16,
    "dropout_rate": 0.07437898652516996,
    "lead_time_embedding_dim": 8,
    "learning_rate": 9.840776782914549e-06,
    "min_delta": 4.101205181348339e-06,
    "mlp_hidden_dim": 1024,
    "mlp_layers": 4,
    "month_embedding_dim": 8,
    "patience": 70,
    "weight_decay": 5.173645591680001e-05
  },
  "loss": 0.05564793746786156,
  "region_losses": {
    "india_4x4_120_144_168h": 0.05564793746786156
  }
}