{
  "hyperparams": {
    "batch_size": 128,
    "dropout_rate": 0.1242593714735092,
    "lead_time_embedding_dim": 4,
    "learning_rate": 5.46452819462698e-05,
    "min_delta": 3.877742139879916e-05,
    "mlp_hidden_dim": 1024,
    "mlp_layers": 3,
    "month_embedding_dim": 32,
    "patience": 70,
    "weight_decay": 3.952561168277123e-06
  },
  "loss": 0.04534788682783729,
  "region_losses": {
    "india_4x4_120_144_168h": 0.04534788682783729
  }
}