{
  "hyperparams": {
    "batch_size": 32,
    "dropout_rate": 0.35299114674746734,
    "lead_time_embedding_dim": 32,
    "learning_rate": 0.0013178221217459945,
    "min_delta": 0.00026680690767733734,
    "mlp_hidden_dim": 64,
    "mlp_layers": 4,
    "month_embedding_dim": 8,
    "patience": 70,
    "weight_decay": 2.1063080243672764e-06
  },
  "loss": 0.15320186182122597,
  "region_losses": {
    "india_4x4_120_144_168h": 0.15320186182122597
  }
}