{
  "hyperparams": {
    "batch_size": 64,
    "dropout_rate": 0.0025093657116531587,
    "lead_time_embedding_dim": 32,
    "learning_rate": 6.758505412940839e-06,
    "min_delta": 4.528966121216845e-05,
    "mlp_hidden_dim": 1024,
    "mlp_layers": 5,
    "month_embedding_dim": 16,
    "patience": 30,
    "weight_decay": 1.004562749208255e-06
  },
  "loss": 0.06976676191217164,
  "region_losses": {
    "india_4x4_120_144_168h": 0.06976676191217164
  }
}