{
  "hyperparams": {
    "batch_size": 32,
    "dropout_rate": 0.1991184092315325,
    "lead_time_embedding_dim": 32,
    "learning_rate": 4.622819780560677e-06,
    "min_delta": 3.589787067854044e-05,
    "mlp_hidden_dim": 512,
    "mlp_layers": 4,
    "month_embedding_dim": 4,
    "patience": 50,
    "weight_decay": 4.0249528060544185e-05
  },
  "loss": 0.09515196443423372,
  "region_losses": {
    "india_4x4_120_144_168h": 0.09515196443423372
  }
}