{
  "hyperparams": {
    "batch_size": 16,
    "dropout_rate": 0.2601388245498729,
    "lead_time_embedding_dim": 4,
    "learning_rate": 6.2014544054003005e-06,
    "min_delta": 8.277044217508346e-05,
    "mlp_hidden_dim": 256,
    "mlp_layers": 3,
    "month_embedding_dim": 16,
    "patience": 20,
    "weight_decay": 1.563928203523356e-06
  },
  "loss": 0.08971786744815786,
  "region_losses": {
    "india_4x4_120_144_168h": 0.08971786744815786
  }
}