{
  "hyperparams": {
    "batch_size": 64,
    "dropout_rate": 0.020878455311419315,
    "lead_time_embedding_dim": 32,
    "learning_rate": 0.0006400265373087411,
    "min_delta": 7.026009526614265e-05,
    "mlp_hidden_dim": 1024,
    "mlp_layers": 7,
    "month_embedding_dim": 32,
    "patience": 30,
    "weight_decay": 1.0941320863240275e-05
  },
  "loss": 0.038335937404960295,
  "region_losses": {
    "india_4x4_120_144_168h": 0.038335937404960295
  }
}