{
  "hyperparams": {
    "batch_size": 16,
    "dropout_rate": 0.45815611597092865,
    "lead_time_embedding_dim": 8,
    "learning_rate": 0.0001786302532669264,
    "min_delta": 1.7272443650501912e-06,
    "mlp_hidden_dim": 1024,
    "mlp_layers": 4,
    "month_embedding_dim": 8,
    "patience": 70,
    "weight_decay": 8.649442737441414e-06
  },
  "loss": 0.13344238143742834,
  "region_losses": {
    "india_4x4_120_144_168h": 0.13344238143742834
  }
}