{
  "hyperparams": {
    "batch_size": 128,
    "dropout_rate": 0.19714557065692342,
    "lead_time_embedding_dim": 32,
    "learning_rate": 0.00017664362788204156,
    "min_delta": 5.952128275371621e-05,
    "mlp_hidden_dim": 1024,
    "mlp_layers": 5,
    "month_embedding_dim": 32,
    "patience": 70,
    "weight_decay": 1.0017886529967638e-06
  },
  "loss": 0.0409899620640114,
  "region_losses": {
    "india_4x4_120_144_168h": 0.0409899620640114
  }
}