{
  "hyperparams": {
    "batch_size": 32,
    "dropout_rate": 0.010989416914267275,
    "lead_time_embedding_dim": 8,
    "learning_rate": 0.0009705924725387027,
    "min_delta": 2.505968555211855e-06,
    "mlp_hidden_dim": 1024,
    "mlp_layers": 4,
    "month_embedding_dim": 8,
    "patience": 70,
    "weight_decay": 5.010407388232167e-06
  },
  "loss": 0.03891396924068155,
  "region_losses": {
    "india_4x4_120_144_168h": 0.03891396924068155
  }
}