{
  "hyperparams": {
    "batch_size": 32,
    "dropout_rate": 0.014729385778536164,
    "lead_time_embedding_dim": 8,
    "learning_rate": 0.00022714321791934613,
    "min_delta": 1.0060514396066572e-06,
    "mlp_hidden_dim": 1024,
    "mlp_layers": 4,
    "month_embedding_dim": 8,
    "patience": 70,
    "weight_decay": 7.500358694968153e-06
  },
  "loss": 0.031279875906472354,
  "region_losses": {
    "india_4x4_120_144_168h": 0.031279875906472354
  }
}