{
  "hyperparams": {
    "batch_size": 32,
    "dropout_rate": 0.07630489277475727,
    "lead_time_embedding_dim": 32,
    "learning_rate": 0.0037061769335394517,
    "min_delta": 0.00033256464434771194,
    "mlp_hidden_dim": 128,
    "mlp_layers": 3,
    "month_embedding_dim": 4,
    "patience": 50,
    "weight_decay": 0.001304257192621098
  },
  "loss": 0.13061386126628036,
  "region_losses": {
    "india_4x4_120_144_168h": 0.13061386126628036
  }
}