{
  "hyperparams": {
    "batch_size": 16,
    "dropout_rate": 0.010228905744757849,
    "lead_time_embedding_dim": 4,
    "learning_rate": 0.0003166031921612453,
    "min_delta": 0.0007605736151500021,
    "mlp_hidden_dim": 512,
    "mlp_layers": 2,
    "month_embedding_dim": 16,
    "patience": 20,
    "weight_decay": 7.34430135658125e-06
  },
  "loss": 0.04934072312296188,
  "region_losses": {
    "india_4x4_120_144_168h": 0.04934072312296188
  }
}