{
  "hyperparams": {
    "batch_size": 128,
    "dropout_rate": 0.22369743794491273,
    "lead_time_embedding_dim": 4,
    "learning_rate": 6.233199933640913e-05,
    "min_delta": 0.0003077932656962015,
    "mlp_hidden_dim": 64,
    "mlp_layers": 5,
    "month_embedding_dim": 16,
    "patience": 30,
    "weight_decay": 2.645030616054909e-05
  },
  "loss": 0.20042847491211907,
  "region_losses": {
    "india_4x4_120_144_168h": 0.20042847491211907
  }
}