{
  "hyperparams": {
    "batch_size": 32,
    "dropout_rate": 0.09800674033987566,
    "lead_time_embedding_dim": 16,
    "learning_rate": 3.0958949612408954e-05,
    "min_delta": 1.7752352756364658e-06,
    "mlp_hidden_dim": 1024,
    "mlp_layers": 4,
    "month_embedding_dim": 32,
    "patience": 50,
    "weight_decay": 2.4297353392874946e-06
  },
  "loss": 0.041190735837882055,
  "region_losses": {
    "india_4x4_120_144_168h": 0.041190735837882055
  }
}