{
  "hyperparams": {
    "batch_size": 128,
    "dropout_rate": 0.023482193695719227,
    "lead_time_embedding_dim": 16,
    "learning_rate": 0.0003647896542396852,
    "min_delta": 0.00024397866534089897,
    "mlp_hidden_dim": 1024,
    "mlp_layers": 7,
    "month_embedding_dim": 16,
    "patience": 20,
    "weight_decay": 1.1280126682890076e-05
  },
  "loss": 0.04645525150316824,
  "region_losses": {
    "india_4x4_120_144_168h": 0.04645525150316824
  }
}