{
  "hyperparams": {
    "batch_size": 32,
    "dropout_rate": 0.38274636206149504,
    "lead_time_embedding_dim": 8,
    "learning_rate": 0.00012048859617506282,
    "min_delta": 1.0030867592716472e-06,
    "mlp_hidden_dim": 512,
    "mlp_layers": 4,
    "month_embedding_dim": 8,
    "patience": 70,
    "weight_decay": 4.563962097972606e-06
  },
  "loss": 0.07662919205522756,
  "region_losses": {
    "india_4x4_120_144_168h": 0.07662919205522756
  }
}