{
  "hyperparams": {
    "batch_size": 32,
    "dropout_rate": 0.11813721171267529,
    "lead_time_embedding_dim": 8,
    "learning_rate": 3.889249858646409e-05,
    "min_delta": 2.005907201292581e-06,
    "mlp_hidden_dim": 1024,
    "mlp_layers": 2,
    "month_embedding_dim": 8,
    "patience": 70,
    "weight_decay": 1.322753229886558e-06
  },
  "loss": 0.04659866885989392,
  "region_losses": {
    "india_4x4_120_144_168h": 0.04659866885989392
  }
}