{
  "hyperparams": {
    "batch_size": 64,
    "dropout_rate": 0.3327346985943568,
    "lead_time_embedding_dim": 16,
    "learning_rate": 2.9868885238860727e-05,
    "min_delta": 2.9176910070840153e-05,
    "mlp_hidden_dim": 64,
    "mlp_layers": 4,
    "month_embedding_dim": 8,
    "patience": 30,
    "weight_decay": 0.00033441893327688124
  },
  "loss": 0.18721207897824246,
  "region_losses": {
    "india_4x4_120_144_168h": 0.18721207897824246
  }
}