{
  "hyperparams": {
    "batch_size": 16,
    "dropout_rate": 0.2911084410976351,
    "lead_time_embedding_dim": 32,
    "learning_rate": 4.434269432353863e-05,
    "min_delta": 0.0002454252811715914,
    "mlp_hidden_dim": 1024,
    "mlp_layers": 5,
    "month_embedding_dim": 16,
    "patience": 20,
    "weight_decay": 1.0121927930150118e-06
  },
  "loss": 0.052064423994475896,
  "region_losses": {
    "india_4x4_120_144_168h": 0.052064423994475896
  }
}