{
  "hyperparams": {
    "batch_size": 16,
    "dropout_rate": 0.19236042682098892,
    "lead_time_embedding_dim": 32,
    "learning_rate": 0.00011926443392959297,
    "min_delta": 0.00010177622193549874,
    "mlp_hidden_dim": 1024,
    "mlp_layers": 7,
    "month_embedding_dim": 16,
    "patience": 70,
    "weight_decay": 1.3729203274421128e-06
  },
  "loss": 0.036289448419933604,
  "region_losses": {
    "india_4x4_120_144_168h": 0.036289448419933604
  }
}