{
  "hyperparams": {
    "batch_size": 32,
    "dropout_rate": 0.08396440101522086,
    "lead_time_embedding_dim": 8,
    "learning_rate": 0.0004892874954570705,
    "min_delta": 2.225181287738705e-06,
    "mlp_hidden_dim": 128,
    "mlp_layers": 4,
    "month_embedding_dim": 8,
    "patience": 70,
    "weight_decay": 7.743296722373438e-06
  },
  "loss": 0.053947534680981,
  "region_losses": {
    "india_4x4_120_144_168h": 0.053947534680981
  }
}