{
  "hyperparams": {
    "batch_size": 32,
    "dropout_rate": 0.10481329570269374,
    "lead_time_embedding_dim": 32,
    "learning_rate": 0.00024953160602948104,
    "min_delta": 0.00016177613972857396,
    "mlp_hidden_dim": 1024,
    "mlp_layers": 5,
    "month_embedding_dim": 16,
    "patience": 20,
    "weight_decay": 1.0342064816270905e-05
  },
  "loss": 0.03735032399427167,
  "region_losses": {
    "india_4x4_120_144_168h": 0.03735032399427167
  }
}