{
  "hyperparams": {
    "batch_size": 16,
    "dropout_rate": 0.23890373594092967,
    "lead_time_embedding_dim": 8,
    "learning_rate": 0.0001160662770205431,
    "min_delta": 1.5499880997073896e-05,
    "mlp_hidden_dim": 256,
    "mlp_layers": 5,
    "month_embedding_dim": 16,
    "patience": 30,
    "weight_decay": 2.8209324143298296e-05
  },
  "loss": 0.06336508514220908,
  "region_losses": {
    "india_4x4_120_144_168h": 0.06336508514220908
  }
}