{
  "hyperparams": {
    "batch_size": 16,
    "dropout_rate": 0.19530330134975626,
    "lead_time_embedding_dim": 32,
    "learning_rate": 7.470434700791335e-06,
    "min_delta": 2.86551946305803e-05,
    "mlp_hidden_dim": 256,
    "mlp_layers": 4,
    "month_embedding_dim": 16,
    "patience": 20,
    "weight_decay": 2.004373837350224e-06
  },
  "loss": 0.09240321419868545,
  "region_losses": {
    "india_4x4_120_144_168h": 0.09240321419868545
  }
}