{
  "hyperparams": {
    "batch_size": 16,
    "dropout_rate": 0.06526943235552361,
    "lead_time_embedding_dim": 32,
    "learning_rate": 0.0003292471518877847,
    "min_delta": 1.3078269631114198e-05,
    "mlp_hidden_dim": 128,
    "mlp_layers": 7,
    "month_embedding_dim": 16,
    "patience": 20,
    "weight_decay": 3.223324025591149e-06
  },
  "loss": 0.0666925264490429,
  "region_losses": {
    "india_4x4_120_144_168h": 0.0666925264490429
  }
}