{
  "hyperparams": {
    "batch_size": 128,
    "dropout_rate": 0.42737329432542936,
    "lead_time_embedding_dim": 4,
    "learning_rate": 0.0002154919065890923,
    "min_delta": 8.885049490834281e-05,
    "mlp_hidden_dim": 512,
    "mlp_layers": 3,
    "month_embedding_dim": 16,
    "patience": 50,
    "weight_decay": 4.688048459826072e-06
  },
  "loss": 0.10602025243902807,
  "region_losses": {
    "india_4x4_120_144_168h": 0.10602025243902807
  }
}