{
  "hyperparams": {
    "batch_size": 32,
    "dropout_rate": 0.36708803016439495,
    "lead_time_embedding_dim": 8,
    "learning_rate": 0.0006067884738950821,
    "min_delta": 5.350234940724389e-06,
    "mlp_hidden_dim": 128,
    "mlp_layers": 6,
    "month_embedding_dim": 8,
    "patience": 70,
    "weight_decay": 3.350799510038606e-06
  },
  "loss": 0.23405747794954773,
  "region_losses": {
    "india_4x4_120_144_168h": 0.23405747794954773
  }
}