{
  "hyperparams": {
    "batch_size": 64,
    "dropout_rate": 0.032247074431531436,
    "lead_time_embedding_dim": 32,
    "learning_rate": 0.0001707052753302597,
    "min_delta": 2.536809078480878e-05,
    "mlp_hidden_dim": 1024,
    "mlp_layers": 4,
    "month_embedding_dim": 16,
    "patience": 30,
    "weight_decay": 1.820058056121045e-05
  },
  "loss": 0.03607182272145565,
  "region_losses": {
    "india_4x4_120_144_168h": 0.03607182272145565
  }
}