{
  "hyperparams": {
    "batch_size": 128,
    "dropout_rate": 0.14762666334400976,
    "lead_time_embedding_dim": 4,
    "learning_rate": 4.7788884650405276e-05,
    "min_delta": 3.8022516681039414e-05,
    "mlp_hidden_dim": 1024,
    "mlp_layers": 3,
    "month_embedding_dim": 32,
    "patience": 70,
    "weight_decay": 2.4805003926884206e-05
  },
  "loss": 0.04908526074760012,
  "region_losses": {
    "india_4x4_120_144_168h": 0.04908526074760012
  }
}