{
  "hyperparams": {
    "batch_size": 32,
    "dropout_rate": 0.03183320433408886,
    "lead_time_embedding_dim": 8,
    "learning_rate": 0.00017116537145086416,
    "min_delta": 1.2290990269872532e-06,
    "mlp_hidden_dim": 1024,
    "mlp_layers": 4,
    "month_embedding_dim": 8,
    "patience": 70,
    "weight_decay": 1.0027725712853347e-05
  },
  "loss": 0.034307360049563314,
  "region_losses": {
    "india_4x4_120_144_168h": 0.034307360049563314
  }
}