{
  "hyperparams": {
    "batch_size": 16,
    "dropout_rate": 0.20515613262971544,
    "lead_time_embedding_dim": 16,
    "learning_rate": 0.0025076936511384817,
    "min_delta": 0.0003584784439263141,
    "mlp_hidden_dim": 1024,
    "mlp_layers": 4,
    "month_embedding_dim": 32,
    "patience": 70,
    "weight_decay": 1.4573330105376735e-06
  },
  "loss": 0.2086951863724751,
  "region_losses": {
    "india_4x4_120_144_168h": 0.2086951863724751
  }
}