{
  "hyperparams": {
    "batch_size": 32,
    "dropout_rate": 0.007937879522412178,
    "lead_time_embedding_dim": 8,
    "learning_rate": 0.00018900693195094298,
    "min_delta": 1.002680767821189e-06,
    "mlp_hidden_dim": 1024,
    "mlp_layers": 3,
    "month_embedding_dim": 8,
    "patience": 70,
    "weight_decay": 1.5350107136974616e-05
  },
  "loss": 0.03283128746169676,
  "region_losses": {
    "india_4x4_120_144_168h": 0.03283128746169676
  }
}