{
  "hyperparams": {
    "batch_size": 32,
    "dropout_rate": 0.05540232507982325,
    "lead_time_embedding_dim": 8,
    "learning_rate": 0.00015704581089204326,
    "min_delta": 1.8045094599131453e-06,
    "mlp_hidden_dim": 1024,
    "mlp_layers": 4,
    "month_embedding_dim": 4,
    "patience": 70,
    "weight_decay": 1.0558622234903372e-05
  },
  "loss": 0.03259593211669146,
  "region_losses": {
    "india_4x4_120_144_168h": 0.03259593211669146
  }
}