{
  "hyperparams": {
    "batch_size": 32,
    "dropout_rate": 0.07544289130286708,
    "lead_time_embedding_dim": 4,
    "learning_rate": 0.00010933568945148123,
    "min_delta": 0.00015455489782341752,
    "mlp_hidden_dim": 256,
    "mlp_layers": 3,
    "month_embedding_dim": 16,
    "patience": 20,
    "weight_decay": 4.109677104506197e-05
  },
  "loss": 0.05507372958075686,
  "region_losses": {
    "india_4x4_120_144_168h": 0.05507372958075686
  }
}