{
  "hyperparams": {
    "batch_size": 32,
    "dropout_rate": 0.05768505578375903,
    "lead_time_embedding_dim": 4,
    "learning_rate": 2.834756308559461e-05,
    "min_delta": 1.5136370062256528e-05,
    "mlp_hidden_dim": 1024,
    "mlp_layers": 4,
    "month_embedding_dim": 8,
    "patience": 70,
    "weight_decay": 2.6360415698972677e-06
  },
  "loss": 0.0415195801550307,
  "region_losses": {
    "india_4x4_120_144_168h": 0.0415195801550307
  }
}