{
  "hyperparams": {
    "batch_size": 32,
    "dropout_rate": 0.06636927241649515,
    "lead_time_embedding_dim": 8,
    "learning_rate": 0.00012397656069611522,
    "min_delta": 1.0132149313816279e-06,
    "mlp_hidden_dim": 128,
    "mlp_layers": 4,
    "month_embedding_dim": 8,
    "patience": 70,
    "weight_decay": 1.3712681470294027e-05
  },
  "loss": 0.05898610499494401,
  "region_losses": {
    "india_4x4_120_144_168h": 0.05898610499494401
  }
}