{
  "hyperparams": {
    "batch_size": 16,
    "dropout_rate": 0.14784314984163852,
    "lead_time_embedding_dim": 32,
    "learning_rate": 7.497666141301357e-05,
    "min_delta": 1.8935439567477643e-05,
    "mlp_hidden_dim": 1024,
    "mlp_layers": 4,
    "month_embedding_dim": 16,
    "patience": 70,
    "weight_decay": 1.0127086883890605e-06
  },
  "loss": 0.03202385164985064,
  "region_losses": {
    "india_4x4_120_144_168h": 0.03202385164985064
  }
}