{
  "hyperparams": {
    "batch_size": 32,
    "dropout_rate": 0.07374722962835725,
    "lead_time_embedding_dim": 16,
    "learning_rate": 0.0004965966506475441,
    "min_delta": 7.043664349191236e-06,
    "mlp_hidden_dim": 128,
    "mlp_layers": 3,
    "month_embedding_dim": 32,
    "patience": 50,
    "weight_decay": 1.1869688040521916e-06
  },
  "loss": 0.04872446846886872,
  "region_losses": {
    "india_4x4_120_144_168h": 0.04872446846886872
  }
}