{
  "hyperparams": {
    "batch_size": 16,
    "dropout_rate": 0.23320791925591852,
    "lead_time_embedding_dim": 16,
    "learning_rate": 0.001837561580326135,
    "min_delta": 0.00011730361177195368,
    "mlp_hidden_dim": 1024,
    "mlp_layers": 6,
    "month_embedding_dim": 16,
    "patience": 20,
    "weight_decay": 1.85246534363552e-05
  },
  "loss": 0.19306996370850288,
  "region_losses": {
    "india_4x4_120_144_168h": 0.19306996370850288
  }
}