{
  "hyperparams": {
    "batch_size": 16,
    "dropout_rate": 0.18145252422098368,
    "lead_time_embedding_dim": 8,
    "learning_rate": 8.54439867867852e-05,
    "min_delta": 7.443566102273666e-06,
    "mlp_hidden_dim": 1024,
    "mlp_layers": 4,
    "month_embedding_dim": 16,
    "patience": 70,
    "weight_decay": 1.3444081735180662e-06
  },
  "loss": 0.03490152879952019,
  "region_losses": {
    "india_4x4_120_144_168h": 0.03490152879952019
  }
}