{
  "hyperparams": {
    "batch_size": 16,
    "dropout_rate": 0.2914298624020227,
    "lead_time_embedding_dim": 32,
    "learning_rate": 1.5654605823410033e-05,
    "min_delta": 0.0001727175613190846,
    "mlp_hidden_dim": 1024,
    "mlp_layers": 7,
    "month_embedding_dim": 16,
    "patience": 20,
    "weight_decay": 5.798988801983135e-06
  },
  "loss": 0.10644899805386861,
  "region_losses": {
    "india_4x4_120_144_168h": 0.10644899805386861
  }
}