{
  "hyperparams": {
    "batch_size": 32,
    "dropout_rate": 0.03755849245790056,
    "lead_time_embedding_dim": 8,
    "learning_rate": 0.00033434125881597423,
    "min_delta": 1.3859320743915533e-06,
    "mlp_hidden_dim": 1024,
    "mlp_layers": 2,
    "month_embedding_dim": 8,
    "patience": 70,
    "weight_decay": 4.7734161116176e-06
  },
  "loss": 0.039062919489877196,
  "region_losses": {
    "india_4x4_120_144_168h": 0.039062919489877196
  }
}