{
  "hyperparams": {
    "batch_size": 32,
    "dropout_rate": 0.09344121974274168,
    "lead_time_embedding_dim": 8,
    "learning_rate": 5.586027483098889e-05,
    "min_delta": 1.1186793732922876e-06,
    "mlp_hidden_dim": 1024,
    "mlp_layers": 2,
    "month_embedding_dim": 8,
    "patience": 70,
    "weight_decay": 2.0955246297621844e-06
  },
  "loss": 0.0415192511944017,
  "region_losses": {
    "india_4x4_120_144_168h": 0.0415192511944017
  }
}