{
  "hyperparams": {
    "batch_size": 32,
    "dropout_rate": 0.13251176906751835,
    "lead_time_embedding_dim": 4,
    "learning_rate": 7.096749674729434e-05,
    "min_delta": 0.00027616243017457515,
    "mlp_hidden_dim": 256,
    "mlp_layers": 7,
    "month_embedding_dim": 16,
    "patience": 20,
    "weight_decay": 5.41384217086768e-05
  },
  "loss": 0.08629656379950688,
  "region_losses": {
    "india_4x4_120_144_168h": 0.08629656379950688
  }
}