{
  "hyperparams": {
    "batch_size": 32,
    "dropout_rate": 0.001892139492811279,
    "lead_time_embedding_dim": 8,
    "learning_rate": 0.00026458838188467737,
    "min_delta": 1.835399231684878e-06,
    "mlp_hidden_dim": 1024,
    "mlp_layers": 4,
    "month_embedding_dim": 8,
    "patience": 70,
    "weight_decay": 5.560365226109242e-05
  },
  "loss": 0.04177877958970654,
  "region_losses": {
    "india_4x4_120_144_168h": 0.04177877958970654
  }
}