{
  "hyperparams": {
    "batch_size": 32,
    "dropout_rate": 0.10310199080037401,
    "lead_time_embedding_dim": 8,
    "learning_rate": 0.00016522034895180684,
    "min_delta": 1.8247775180027396e-06,
    "mlp_hidden_dim": 512,
    "mlp_layers": 7,
    "month_embedding_dim": 8,
    "patience": 70,
    "weight_decay": 1.6187148736402977e-06
  },
  "loss": 0.03968409555969506,
  "region_losses": {
    "india_4x4_120_144_168h": 0.03968409555969506
  }
}