{
  "hyperparams": {
    "batch_size": 16,
    "dropout_rate": 0.16703846275631828,
    "lead_time_embedding_dim": 32,
    "learning_rate": 0.000686751757959407,
    "min_delta": 1.8727823386382173e-05,
    "mlp_hidden_dim": 64,
    "mlp_layers": 4,
    "month_embedding_dim": 32,
    "patience": 70,
    "weight_decay": 7.13984006584866e-06
  },
  "loss": 0.0892989886551242,
  "region_losses": {
    "india_4x4_120_144_168h": 0.0892989886551242
  }
}