{
  "hyperparams": {
    "batch_size": 32,
    "dropout_rate": 0.009921323270562674,
    "lead_time_embedding_dim": 32,
    "learning_rate": 0.003611069192768213,
    "min_delta": 0.00034142224617033094,
    "mlp_hidden_dim": 512,
    "mlp_layers": 4,
    "month_embedding_dim": 32,
    "patience": 20,
    "weight_decay": 8.186023141588181e-05
  },
  "loss": 0.10916103490063961,
  "region_losses": {
    "india_4x4_120_144_168h": 0.10916103490063961
  }
}