{
  "hyperparams": {
    "batch_size": 32,
    "dropout_rate": 0.12255198541783238,
    "lead_time_embedding_dim": 8,
    "learning_rate": 0.000626699061272784,
    "min_delta": 1.5173046438554337e-06,
    "mlp_hidden_dim": 128,
    "mlp_layers": 4,
    "month_embedding_dim": 8,
    "patience": 70,
    "weight_decay": 2.341306628491455e-06
  },
  "loss": 0.05883939169082718,
  "region_losses": {
    "india_4x4_120_144_168h": 0.05883939169082718
  }
}