{
  "hyperparams": {
    "batch_size": 32,
    "dropout_rate": 0.050041464497311526,
    "lead_time_embedding_dim": 16,
    "learning_rate": 3.2765809803411294e-05,
    "min_delta": 1.0007901089015551e-06,
    "mlp_hidden_dim": 1024,
    "mlp_layers": 4,
    "month_embedding_dim": 8,
    "patience": 30,
    "weight_decay": 1.8994152276381326e-06
  },
  "loss": 0.041852120305800905,
  "region_losses": {
    "india_4x4_120_144_168h": 0.041852120305800905
  }
}