{
  "hyperparams": {
    "batch_size": 128,
    "dropout_rate": 0.4990372206986837,
    "lead_time_embedding_dim": 16,
    "learning_rate": 4.09512317494587e-05,
    "min_delta": 3.191004022045381e-05,
    "mlp_hidden_dim": 64,
    "mlp_layers": 5,
    "month_embedding_dim": 8,
    "patience": 30,
    "weight_decay": 0.0009895309561533429
  },
  "loss": 0.2317674625472924,
  "region_losses": {
    "india_4x4_120_144_168h": 0.2317674625472924
  }
}