{
  "hyperparams": {
    "batch_size": 32,
    "dropout_rate": 0.05333120200608818,
    "lead_time_embedding_dim": 8,
    "learning_rate": 0.00029810687193809754,
    "min_delta": 3.850603580881906e-06,
    "mlp_hidden_dim": 1024,
    "mlp_layers": 6,
    "month_embedding_dim": 32,
    "patience": 70,
    "weight_decay": 7.464880998873864e-06
  },
  "loss": 0.03178020954166218,
  "region_losses": {
    "india_4x4_120_144_168h": 0.03178020954166218
  }
}