{
  "hyperparams": {
    "batch_size": 16,
    "dropout_rate": 0.1115890671225012,
    "lead_time_embedding_dim": 8,
    "learning_rate": 0.001050475248753303,
    "min_delta": 0.000714243303295309,
    "mlp_hidden_dim": 1024,
    "mlp_layers": 7,
    "month_embedding_dim": 16,
    "patience": 70,
    "weight_decay": 2.344941916399975e-06
  },
  "loss": 0.09556064673647165,
  "region_losses": {
    "india_4x4_120_144_168h": 0.09556064673647165
  }
}