{
  "hyperparams": {
    "batch_size": 16,
    "dropout_rate": 0.08484023629543187,
    "lead_time_embedding_dim": 16,
    "learning_rate": 3.152879727426398e-05,
    "min_delta": 2.0278259832592214e-05,
    "mlp_hidden_dim": 64,
    "mlp_layers": 4,
    "month_embedding_dim": 16,
    "patience": 20,
    "weight_decay": 1.3467600571335276e-06
  },
  "loss": 0.08618912859078398,
  "region_losses": {
    "india_4x4_120_144_168h": 0.08618912859078398
  }
}