{
  "hyperparams": {
    "batch_size": 32,
    "dropout_rate": 0.0988190371064106,
    "lead_time_embedding_dim": 8,
    "learning_rate": 6.910920378727322e-05,
    "min_delta": 1.9541347551923803e-06,
    "mlp_hidden_dim": 1024,
    "mlp_layers": 4,
    "month_embedding_dim": 4,
    "patience": 50,
    "weight_decay": 8.43416614198588e-06
  },
  "loss": 0.03608912509041417,
  "region_losses": {
    "india_4x4_120_144_168h": 0.03608912509041417
  }
}