{
  "hyperparams": {
    "batch_size": 128,
    "dropout_rate": 0.13286889230843532,
    "lead_time_embedding_dim": 32,
    "learning_rate": 3.1129220747251632e-06,
    "min_delta": 4.823200427909697e-05,
    "mlp_hidden_dim": 128,
    "mlp_layers": 2,
    "month_embedding_dim": 16,
    "patience": 70,
    "weight_decay": 1.6261643375710627e-06
  },
  "loss": 0.18048299256742067,
  "region_losses": {
    "india_4x4_120_144_168h": 0.18048299256742067
  }
}