{
  "hyperparams": {
    "batch_size": 128,
    "dropout_rate": 0.04811539576979786,
    "lead_time_embedding_dim": 32,
    "learning_rate": 0.0015917334240221797,
    "min_delta": 5.270468567293117e-05,
    "mlp_hidden_dim": 1024,
    "mlp_layers": 4,
    "month_embedding_dim": 16,
    "patience": 70,
    "weight_decay": 1.216028981223764e-06
  },
  "loss": 0.03571745705495312,
  "region_losses": {
    "india_4x4_120_144_168h": 0.03571745705495312
  }
}