{
  "hyperparams": {
    "batch_size": 16,
    "dropout_rate": 0.12999870502327363,
    "lead_time_embedding_dim": 8,
    "learning_rate": 0.00015530397545835678,
    "min_delta": 2.757794945650289e-06,
    "mlp_hidden_dim": 1024,
    "mlp_layers": 4,
    "month_embedding_dim": 16,
    "patience": 70,
    "weight_decay": 6.425652736371453e-06
  },
  "loss": 0.0331359869861316,
  "region_losses": {
    "india_4x4_120_144_168h": 0.0331359869861316
  }
}