{
  "hyperparams": {
    "batch_size": 16,
    "dropout_rate": 0.22737036615399273,
    "lead_time_embedding_dim": 32,
    "learning_rate": 0.0002919293819698338,
    "min_delta": 3.885164397709267e-06,
    "mlp_hidden_dim": 1024,
    "mlp_layers": 4,
    "month_embedding_dim": 16,
    "patience": 70,
    "weight_decay": 4.1993976040280615e-06
  },
  "loss": 0.04384372262166811,
  "region_losses": {
    "india_4x4_120_144_168h": 0.04384372262166811
  }
}