{
  "hyperparams": {
    "batch_size": 32,
    "dropout_rate": 0.17411959937982913,
    "lead_time_embedding_dim": 32,
    "learning_rate": 0.0005112102404311384,
    "min_delta": 1.1159381459601245e-06,
    "mlp_hidden_dim": 64,
    "mlp_layers": 5,
    "month_embedding_dim": 4,
    "patience": 20,
    "weight_decay": 0.00012543160893460146
  },
  "loss": 0.14807111758819833,
  "region_losses": {
    "india_4x4_120_144_168h": 0.14807111758819833
  }
}