{
  "hyperparams": {
    "batch_size": 64,
    "dropout_rate": 0.001119459620070675,
    "lead_time_embedding_dim": 16,
    "learning_rate": 6.587518692318723e-05,
    "min_delta": 3.7843403190188204e-06,
    "mlp_hidden_dim": 128,
    "mlp_layers": 3,
    "month_embedding_dim": 4,
    "patience": 50,
    "weight_decay": 2.6892830170775077e-06
  },
  "loss": 0.06017088595636932,
  "region_losses": {
    "india_4x4_120_144_168h": 0.06017088595636932
  }
}