{
  "hyperparams": {
    "batch_size": 16,
    "dropout_rate": 0.14340207537056485,
    "lead_time_embedding_dim": 8,
    "learning_rate": 2.0762317324762186e-05,
    "min_delta": 3.6555509770100214e-06,
    "mlp_hidden_dim": 1024,
    "mlp_layers": 4,
    "month_embedding_dim": 16,
    "patience": 70,
    "weight_decay": 1.249291725252565e-05
  },
  "loss": 0.04655582674556035,
  "region_losses": {
    "india_4x4_120_144_168h": 0.04655582674556035
  }
}