{
  "hyperparams": {
    "batch_size": 16,
    "dropout_rate": 0.20958060760892133,
    "lead_time_embedding_dim": 32,
    "learning_rate": 3.7608980212881057e-06,
    "min_delta": 5.014763994341604e-05,
    "mlp_hidden_dim": 128,
    "mlp_layers": 4,
    "month_embedding_dim": 32,
    "patience": 70,
    "weight_decay": 5.61037845835708e-06
  },
  "loss": 0.1439908503257122,
  "region_losses": {
    "india_4x4_120_144_168h": 0.1439908503257122
  }
}