{
  "hyperparams": {
    "batch_size": 16,
    "dropout_rate": 0.14846949003350512,
    "lead_time_embedding_dim": 8,
    "learning_rate": 4.054523083139299e-05,
    "min_delta": 3.741070868504026e-06,
    "mlp_hidden_dim": 128,
    "mlp_layers": 4,
    "month_embedding_dim": 32,
    "patience": 70,
    "weight_decay": 1.7903351206207788e-06
  },
  "loss": 0.07658005466541747,
  "region_losses": {
    "india_4x4_120_144_168h": 0.07658005466541747
  }
}