{
  "hyperparams": {
    "batch_size": 128,
    "dropout_rate": 0.10888921660945956,
    "lead_time_embedding_dim": 8,
    "learning_rate": 0.00014606729584524844,
    "min_delta": 2.8622283614865044e-05,
    "mlp_hidden_dim": 512,
    "mlp_layers": 4,
    "month_embedding_dim": 16,
    "patience": 50,
    "weight_decay": 6.8647143691929435e-06
  },
  "loss": 0.046564575071358055,
  "region_losses": {
    "india_4x4_120_144_168h": 0.046564575071358055
  }
}