{
  "hyperparams": {
    "batch_size": 32,
    "dropout_rate": 0.07785555779022534,
    "lead_time_embedding_dim": 16,
    "learning_rate": 0.00016207337235295242,
    "min_delta": 1.7617830335393366e-06,
    "mlp_hidden_dim": 1024,
    "mlp_layers": 4,
    "month_embedding_dim": 32,
    "patience": 50,
    "weight_decay": 1.6727634409898972e-06
  },
  "loss": 0.030101963708268953,
  "region_losses": {
    "india_4x4_120_144_168h": 0.030101963708268953
  }
}