{
  "hyperparams": {
    "batch_size": 32,
    "dropout_rate": 0.10831749484152466,
    "lead_time_embedding_dim": 8,
    "learning_rate": 1.3747792310732737e-06,
    "min_delta": 1.2494894965293645e-06,
    "mlp_hidden_dim": 1024,
    "mlp_layers": 4,
    "month_embedding_dim": 8,
    "patience": 70,
    "weight_decay": 2.5848717483859675e-06
  },
  "loss": 0.1014595493708416,
  "region_losses": {
    "india_4x4_120_144_168h": 0.1014595493708416
  }
}