{
  "hyperparams": {
    "batch_size": 64,
    "dropout_rate": 0.24056099888096544,
    "lead_time_embedding_dim": 16,
    "learning_rate": 5.5602522297946836e-05,
    "min_delta": 7.170293692082421e-06,
    "mlp_hidden_dim": 128,
    "mlp_layers": 6,
    "month_embedding_dim": 8,
    "patience": 30,
    "weight_decay": 1.2086046335415451e-06
  },
  "loss": 0.21814436280304078,
  "region_losses": {
    "india_4x4_120_144_168h": 0.21814436280304078
  }
}