{
  "hyperparams": {
    "batch_size": 32,
    "dropout_rate": 0.14816102059258637,
    "lead_time_embedding_dim": 32,
    "learning_rate": 0.0006595448666985746,
    "min_delta": 0.00041862591933167654,
    "mlp_hidden_dim": 128,
    "mlp_layers": 5,
    "month_embedding_dim": 16,
    "patience": 20,
    "weight_decay": 1.4811285374978936e-06
  },
  "loss": 0.06724694244913493,
  "region_losses": {
    "india_4x4_120_144_168h": 0.06724694244913493
  }
}