{
  "hyperparams": {
    "batch_size": 32,
    "dropout_rate": 0.04392487077308095,
    "lead_time_embedding_dim": 8,
    "learning_rate": 0.00035833603032853586,
    "min_delta": 1.5699614436773413e-06,
    "mlp_hidden_dim": 1024,
    "mlp_layers": 4,
    "month_embedding_dim": 8,
    "patience": 70,
    "weight_decay": 2.0774974022498505e-05
  },
  "loss": 0.03742998997805659,
  "region_losses": {
    "india_4x4_120_144_168h": 0.03742998997805659
  }
}