{
  "hyperparams": {
    "batch_size": 64,
    "dropout_rate": 0.04328378136189236,
    "lead_time_embedding_dim": 8,
    "learning_rate": 9.898075745658222e-05,
    "min_delta": 5.523434509763585e-06,
    "mlp_hidden_dim": 1024,
    "mlp_layers": 4,
    "month_embedding_dim": 32,
    "patience": 70,
    "weight_decay": 1.5704917614069684e-05
  },
  "loss": 0.03766403242279984,
  "region_losses": {
    "india_4x4_120_144_168h": 0.03766403242279984
  }
}