{
  "hyperparams": {
    "batch_size": 16,
    "dropout_rate": 0.137711613119531,
    "lead_time_embedding_dim": 32,
    "learning_rate": 0.00023784641068832514,
    "min_delta": 0.00019996806522913508,
    "mlp_hidden_dim": 1024,
    "mlp_layers": 5,
    "month_embedding_dim": 16,
    "patience": 20,
    "weight_decay": 9.54535333250592e-06
  },
  "loss": 0.04167307184674145,
  "region_losses": {
    "india_4x4_120_144_168h": 0.04167307184674145
  }
}