{
  "hyperparams": {
    "batch_size": 16,
    "dropout_rate": 0.1699033861754778,
    "lead_time_embedding_dim": 32,
    "learning_rate": 6.697579738693708e-05,
    "min_delta": 2.4615299073527696e-06,
    "mlp_hidden_dim": 1024,
    "mlp_layers": 4,
    "month_embedding_dim": 16,
    "patience": 70,
    "weight_decay": 1.0284002754116796e-06
  },
  "loss": 0.03590073556407757,
  "region_losses": {
    "india_4x4_120_144_168h": 0.03590073556407757
  }
}