{
  "hyperparams": {
    "batch_size": 16,
    "dropout_rate": 0.33909289305004453,
    "lead_time_embedding_dim": 32,
    "learning_rate": 1.2526548520230166e-05,
    "min_delta": 0.00014124553260620455,
    "mlp_hidden_dim": 512,
    "mlp_layers": 5,
    "month_embedding_dim": 8,
    "patience": 20,
    "weight_decay": 5.363529140762026e-06
  },
  "loss": 0.20003027724100006,
  "region_losses": {
    "india_4x4_120_144_168h": 0.20003027724100006
  }
}