{
  "hyperparams": {
    "batch_size": 16,
    "dropout_rate": 0.17343657812478547,
    "lead_time_embedding_dim": 4,
    "learning_rate": 0.00011533765435768002,
    "min_delta": 1.50022429310979e-05,
    "mlp_hidden_dim": 512,
    "mlp_layers": 2,
    "month_embedding_dim": 16,
    "patience": 20,
    "weight_decay": 5.402443048792772e-05
  },
  "loss": 0.05182451626364854,
  "region_losses": {
    "india_4x4_120_144_168h": 0.05182451626364854
  }
}