{
  "hyperparams": {
    "batch_size": 64,
    "dropout_rate": 0.008236818512495983,
    "lead_time_embedding_dim": 32,
    "learning_rate": 0.00044021979828739896,
    "min_delta": 7.175636926850817e-06,
    "mlp_hidden_dim": 1024,
    "mlp_layers": 7,
    "month_embedding_dim": 4,
    "patience": 30,
    "weight_decay": 3.290162028691143e-05
  },
  "loss": 0.043811543807302004,
  "region_losses": {
    "india_4x4_120_144_168h": 0.043811543807302004
  }
}