{
  "hyperparams": {
    "batch_size": 128,
    "dropout_rate": 0.002210836272515666,
    "lead_time_embedding_dim": 32,
    "learning_rate": 0.0016539676782522047,
    "min_delta": 2.0691964841850026e-06,
    "mlp_hidden_dim": 1024,
    "mlp_layers": 6,
    "month_embedding_dim": 4,
    "patience": 70,
    "weight_decay": 0.0024093013631626566
  },
  "loss": 0.18939954795173763,
  "region_losses": {
    "india_4x4_120_144_168h": 0.18939954795173763
  }
}