{
  "hyperparams": {
    "batch_size": 16,
    "dropout_rate": 0.2286785516558547,
    "lead_time_embedding_dim": 32,
    "learning_rate": 9.274352500544991e-05,
    "min_delta": 0.0001892150381679203,
    "mlp_hidden_dim": 1024,
    "mlp_layers": 5,
    "month_embedding_dim": 16,
    "patience": 20,
    "weight_decay": 2.883995346634008e-06
  },
  "loss": 0.037863933446071404,
  "region_losses": {
    "india_4x4_120_144_168h": 0.037863933446071404
  }
}