{
  "hyperparams": {
    "batch_size": 64,
    "dropout_rate": 0.028258280004534588,
    "lead_time_embedding_dim": 32,
    "learning_rate": 0.00201906431365933,
    "min_delta": 1.4250015118317643e-05,
    "mlp_hidden_dim": 256,
    "mlp_layers": 4,
    "month_embedding_dim": 32,
    "patience": 30,
    "weight_decay": 1.8057690046454764e-05
  },
  "loss": 0.05600990532104775,
  "region_losses": {
    "india_4x4_120_144_168h": 0.05600990532104775
  }
}