{
  "hyperparams": {
    "batch_size": 128,
    "dropout_rate": 0.08375792530279907,
    "lead_time_embedding_dim": 32,
    "learning_rate": 1.845726238341609e-05,
    "min_delta": 0.00020641205636288918,
    "mlp_hidden_dim": 512,
    "mlp_layers": 6,
    "month_embedding_dim": 16,
    "patience": 20,
    "weight_decay": 4.332566918522471e-06
  },
  "loss": 0.07933709030503669,
  "region_losses": {
    "india_4x4_120_144_168h": 0.07933709030503669
  }
}