{
  "hyperparams": {
    "batch_size": 64,
    "dropout_rate": 0.06171191268359638,
    "lead_time_embedding_dim": 32,
    "learning_rate": 2.318128691396824e-05,
    "min_delta": 2.7160747849151062e-05,
    "mlp_hidden_dim": 128,
    "mlp_layers": 4,
    "month_embedding_dim": 8,
    "patience": 20,
    "weight_decay": 0.00023653551722220323
  },
  "loss": 0.09706219547734364,
  "region_losses": {
    "india_4x4_120_144_168h": 0.09706219547734364
  }
}