{
  "hyperparams": {
    "batch_size": 32,
    "dropout_rate": 0.05773274448872066,
    "lead_time_embedding_dim": 8,
    "learning_rate": 0.0008148020639802419,
    "min_delta": 3.1698447562068326e-06,
    "mlp_hidden_dim": 256,
    "mlp_layers": 4,
    "month_embedding_dim": 8,
    "patience": 70,
    "weight_decay": 1.205794664925439e-06
  },
  "loss": 0.047728003001636383,
  "region_losses": {
    "india_4x4_120_144_168h": 0.047728003001636383
  }
}