{
  "hyperparams": {
    "batch_size": 16,
    "dropout_rate": 0.2708773882695873,
    "lead_time_embedding_dim": 32,
    "learning_rate": 0.0002167958622592222,
    "min_delta": 2.05796954168158e-06,
    "mlp_hidden_dim": 1024,
    "mlp_layers": 4,
    "month_embedding_dim": 16,
    "patience": 70,
    "weight_decay": 1.8108527018600778e-06
  },
  "loss": 0.047224087719586846,
  "region_losses": {
    "india_4x4_120_144_168h": 0.047224087719586846
  }
}