{
  "hyperparams": {
    "batch_size": 32,
    "dropout_rate": 0.06315129418538201,
    "lead_time_embedding_dim": 32,
    "learning_rate": 3.394777167758882e-05,
    "min_delta": 4.641831878770586e-05,
    "mlp_hidden_dim": 64,
    "mlp_layers": 5,
    "month_embedding_dim": 8,
    "patience": 70,
    "weight_decay": 1.553412223841912e-05
  },
  "loss": 0.0993083238106686,
  "region_losses": {
    "india_4x4_120_144_168h": 0.0993083238106686
  }
}