{
  "hyperparams": {
    "batch_size": 16,
    "dropout_rate": 0.24050939568030208,
    "lead_time_embedding_dim": 16,
    "learning_rate": 9.54816503043252e-05,
    "min_delta": 0.0002332015078640163,
    "mlp_hidden_dim": 256,
    "mlp_layers": 5,
    "month_embedding_dim": 16,
    "patience": 20,
    "weight_decay": 0.00014884915476148962
  },
  "loss": 0.08144900516819162,
  "region_losses": {
    "india_4x4_120_144_168h": 0.08144900516819162
  }
}