{
  "hyperparams": {
    "batch_size": 16,
    "dropout_rate": 0.015966516379582536,
    "lead_time_embedding_dim": 16,
    "learning_rate": 0.00039449136299288235,
    "min_delta": 0.00017602446220326022,
    "mlp_hidden_dim": 64,
    "mlp_layers": 4,
    "month_embedding_dim": 16,
    "patience": 20,
    "weight_decay": 0.0031772106475541403
  },
  "loss": 0.1906082992189119,
  "region_losses": {
    "india_4x4_120_144_168h": 0.1906082992189119
  }
}