{
  "hyperparams": {
    "batch_size": 32,
    "dropout_rate": 0.04952352835151088,
    "lead_time_embedding_dim": 8,
    "learning_rate": 0.00047260016159267007,
    "min_delta": 1.764798764302743e-06,
    "mlp_hidden_dim": 1024,
    "mlp_layers": 4,
    "month_embedding_dim": 8,
    "patience": 70,
    "weight_decay": 1.845978570106681e-05
  },
  "loss": 0.03959071152082901,
  "region_losses": {
    "india_4x4_120_144_168h": 0.03959071152082901
  }
}