{
  "hyperparams": {
    "batch_size": 32,
    "dropout_rate": 0.059108848044284644,
    "lead_time_embedding_dim": 8,
    "learning_rate": 0.0008718820586783233,
    "min_delta": 1.2696543285577253e-06,
    "mlp_hidden_dim": 512,
    "mlp_layers": 7,
    "month_embedding_dim": 8,
    "patience": 50,
    "weight_decay": 1.7677449221915797e-05
  },
  "loss": 0.05625121026190013,
  "region_losses": {
    "india_4x4_120_144_168h": 0.05625121026190013
  }
}