{
  "hyperparams": {
    "batch_size": 32,
    "dropout_rate": 0.03715291961017029,
    "lead_time_embedding_dim": 16,
    "learning_rate": 2.417984787223749e-05,
    "min_delta": 2.638631361415342e-06,
    "mlp_hidden_dim": 1024,
    "mlp_layers": 3,
    "month_embedding_dim": 8,
    "patience": 70,
    "weight_decay": 1.2072186512778322e-06
  },
  "loss": 0.044326075641833086,
  "region_losses": {
    "india_4x4_120_144_168h": 0.044326075641833086
  }
}