{
  "hyperparams": {
    "batch_size": 16,
    "dropout_rate": 0.2577026993864724,
    "lead_time_embedding_dim": 8,
    "learning_rate": 2.954054448914137e-05,
    "min_delta": 1.0407078378474942e-06,
    "mlp_hidden_dim": 1024,
    "mlp_layers": 4,
    "month_embedding_dim": 4,
    "patience": 70,
    "weight_decay": 1.0165981263895887e-06
  },
  "loss": 0.051834203520488904,
  "region_losses": {
    "india_4x4_120_144_168h": 0.051834203520488904
  }
}