{
  "hyperparams": {
    "batch_size": 32,
    "dropout_rate": 0.1382835748776048,
    "lead_time_embedding_dim": 16,
    "learning_rate": 5.309966028245868e-05,
    "min_delta": 1.4813253315503666e-06,
    "mlp_hidden_dim": 1024,
    "mlp_layers": 4,
    "month_embedding_dim": 8,
    "patience": 70,
    "weight_decay": 1.938579771212876e-06
  },
  "loss": 0.038559747221884995,
  "region_losses": {
    "india_4x4_120_144_168h": 0.038559747221884995
  }
}