{
  "hyperparams": {
    "batch_size": 16,
    "dropout_rate": 0.044836075352375965,
    "lead_time_embedding_dim": 4,
    "learning_rate": 0.00021375353276010324,
    "min_delta": 9.393864926996022e-05,
    "mlp_hidden_dim": 1024,
    "mlp_layers": 3,
    "month_embedding_dim": 16,
    "patience": 20,
    "weight_decay": 4.121135562333505e-06
  },
  "loss": 0.036183847142180765,
  "region_losses": {
    "india_4x4_120_144_168h": 0.036183847142180765
  }
}