{
  "hyperparams": {
    "batch_size": 16,
    "dropout_rate": 0.17202668545832642,
    "lead_time_embedding_dim": 8,
    "learning_rate": 5.927748000833107e-06,
    "min_delta": 5.2791425763726185e-06,
    "mlp_hidden_dim": 1024,
    "mlp_layers": 4,
    "month_embedding_dim": 16,
    "patience": 70,
    "weight_decay": 4.768979228687355e-06
  },
  "loss": 0.05991854748655567,
  "region_losses": {
    "india_4x4_120_144_168h": 0.05991854748655567
  }
}