{
  "hyperparams": {
    "batch_size": 64,
    "dropout_rate": 0.0903209550831114,
    "lead_time_embedding_dim": 8,
    "learning_rate": 1.7447263260767936e-05,
    "min_delta": 1.0068662033937218e-06,
    "mlp_hidden_dim": 64,
    "mlp_layers": 3,
    "month_embedding_dim": 8,
    "patience": 70,
    "weight_decay": 1.1132467309748382e-05
  },
  "loss": 0.10411536720883259,
  "region_losses": {
    "india_4x4_120_144_168h": 0.10411536720883259
  }
}