{
  "hyperparams": {
    "batch_size": 32,
    "dropout_rate": 0.0633405071689611,
    "lead_time_embedding_dim": 8,
    "learning_rate": 0.0006082620032166769,
    "min_delta": 2.558851886260644e-06,
    "mlp_hidden_dim": 1024,
    "mlp_layers": 4,
    "month_embedding_dim": 8,
    "patience": 70,
    "weight_decay": 2.3670304444193717e-05
  },
  "loss": 0.048124879227368696,
  "region_losses": {
    "india_4x4_120_144_168h": 0.048124879227368696
  }
}