{
  "hyperparams": {
    "batch_size": 32,
    "dropout_rate": 0.07690834194441429,
    "lead_time_embedding_dim": 8,
    "learning_rate": 0.0006550995646233125,
    "min_delta": 1.0046901016415316e-06,
    "mlp_hidden_dim": 1024,
    "mlp_layers": 4,
    "month_embedding_dim": 8,
    "patience": 70,
    "weight_decay": 2.633075018507963e-05
  },
  "loss": 0.04873158492122319,
  "region_losses": {
    "india_4x4_120_144_168h": 0.04873158492122319
  }
}