{
  "hyperparams": {
    "batch_size": 32,
    "dropout_rate": 0.10408238439899004,
    "lead_time_embedding_dim": 32,
    "learning_rate": 9.303675158880806e-06,
    "min_delta": 0.00021164828887720554,
    "mlp_hidden_dim": 1024,
    "mlp_layers": 3,
    "month_embedding_dim": 16,
    "patience": 20,
    "weight_decay": 0.00026996451399496316
  },
  "loss": 0.06985195446652781,
  "region_losses": {
    "india_4x4_120_144_168h": 0.06985195446652781
  }
}