{
  "hyperparams": {
    "batch_size": 32,
    "dropout_rate": 0.09406606398696761,
    "lead_time_embedding_dim": 16,
    "learning_rate": 0.00015276211976815866,
    "min_delta": 2.1989066388604656e-06,
    "mlp_hidden_dim": 1024,
    "mlp_layers": 4,
    "month_embedding_dim": 8,
    "patience": 70,
    "weight_decay": 1.135871338464903e-05
  },
  "loss": 0.03410245787954003,
  "region_losses": {
    "india_4x4_120_144_168h": 0.03410245787954003
  }
}