{
  "hyperparams": {
    "batch_size": 16,
    "dropout_rate": 0.0006459359039879264,
    "lead_time_embedding_dim": 4,
    "learning_rate": 0.00036534385030056516,
    "min_delta": 0.0009711256002779499,
    "mlp_hidden_dim": 1024,
    "mlp_layers": 2,
    "month_embedding_dim": 16,
    "patience": 20,
    "weight_decay": 1.375728535380292e-05
  },
  "loss": 0.04914786609024117,
  "region_losses": {
    "india_4x4_120_144_168h": 0.04914786609024117
  }
}