{
  "hyperparams": {
    "batch_size": 16,
    "dropout_rate": 0.21674718624502737,
    "lead_time_embedding_dim": 8,
    "learning_rate": 0.0007069718990639731,
    "min_delta": 4.605366070813102e-06,
    "mlp_hidden_dim": 256,
    "mlp_layers": 4,
    "month_embedding_dim": 16,
    "patience": 70,
    "weight_decay": 2.2444213219378728e-06
  },
  "loss": 0.07360604519764856,
  "region_losses": {
    "india_4x4_120_144_168h": 0.07360604519764856
  }
}