{
  "hyperparams": {
    "batch_size": 16,
    "dropout_rate": 0.19012548499183654,
    "lead_time_embedding_dim": 8,
    "learning_rate": 0.00020058078722708133,
    "min_delta": 6.378667602893976e-06,
    "mlp_hidden_dim": 512,
    "mlp_layers": 4,
    "month_embedding_dim": 16,
    "patience": 70,
    "weight_decay": 0.00015350350119812612
  },
  "loss": 0.06929099937006916,
  "region_losses": {
    "india_4x4_120_144_168h": 0.06929099937006916
  }
}