{
  "hyperparams": {
    "batch_size": 128,
    "dropout_rate": 0.13278415482116993,
    "lead_time_embedding_dim": 32,
    "learning_rate": 0.0009443321864619796,
    "min_delta": 2.4858280114445075e-05,
    "mlp_hidden_dim": 256,
    "mlp_layers": 4,
    "month_embedding_dim": 16,
    "patience": 30,
    "weight_decay": 7.5840196412048e-06
  },
  "loss": 0.04940191123374276,
  "region_losses": {
    "india_4x4_120_144_168h": 0.04940191123374276
  }
}