{
  "hyperparams": {
    "batch_size": 32,
    "dropout_rate": 0.00023995475603863503,
    "lead_time_embedding_dim": 8,
    "learning_rate": 0.0003465204490552992,
    "min_delta": 1.6617853264115331e-06,
    "mlp_hidden_dim": 512,
    "mlp_layers": 4,
    "month_embedding_dim": 8,
    "patience": 70,
    "weight_decay": 3.6352129111892036e-05
  },
  "loss": 0.03983981863415255,
  "region_losses": {
    "india_4x4_120_144_168h": 0.03983981863415255
  }
}