{
  "hyperparams": {
    "batch_size": 16,
    "dropout_rate": 0.3926520997519305,
    "lead_time_embedding_dim": 8,
    "learning_rate": 0.0001703759001659557,
    "min_delta": 0.000178462984605932,
    "mlp_hidden_dim": 1024,
    "mlp_layers": 5,
    "month_embedding_dim": 8,
    "patience": 20,
    "weight_decay": 0.00013837051059348025
  },
  "loss": 0.09473352243468797,
  "region_losses": {
    "india_4x4_120_144_168h": 0.09473352243468797
  }
}