{
  "hyperparams": {
    "batch_size": 32,
    "dropout_rate": 0.05782252697949185,
    "lead_time_embedding_dim": 8,
    "learning_rate": 0.00013517216612760752,
    "min_delta": 3.530454086693268e-05,
    "mlp_hidden_dim": 1024,
    "mlp_layers": 3,
    "month_embedding_dim": 4,
    "patience": 20,
    "weight_decay": 1.6730944554896153e-06
  },
  "loss": 0.03989117654874699,
  "region_losses": {
    "india_4x4_120_144_168h": 0.03989117654874699
  }
}