{
  "hyperparams": {
    "batch_size": 128,
    "dropout_rate": 0.2952488068668003,
    "lead_time_embedding_dim": 32,
    "learning_rate": 0.0025833864157213436,
    "min_delta": 2.6360198093826992e-06,
    "mlp_hidden_dim": 256,
    "mlp_layers": 5,
    "month_embedding_dim": 32,
    "patience": 70,
    "weight_decay": 8.995740896191101e-06
  },
  "loss": 0.11545625270983334,
  "region_losses": {
    "india_4x4_120_144_168h": 0.11545625270983334
  }
}