{
  "hyperparams": {
    "batch_size": 16,
    "dropout_rate": 0.06826102890963179,
    "lead_time_embedding_dim": 8,
    "learning_rate": 0.0004370630686023035,
    "min_delta": 1.3163824434212985e-06,
    "mlp_hidden_dim": 256,
    "mlp_layers": 4,
    "month_embedding_dim": 8,
    "patience": 50,
    "weight_decay": 1.450503281767955e-05
  },
  "loss": 0.045556616671767435,
  "region_losses": {
    "india_4x4_120_144_168h": 0.045556616671767435
  }
}