{
  "hyperparams": {
    "batch_size": 128,
    "dropout_rate": 0.3388220436769553,
    "lead_time_embedding_dim": 32,
    "learning_rate": 0.0005323405220090515,
    "min_delta": 2.2426332514012965e-05,
    "mlp_hidden_dim": 1024,
    "mlp_layers": 5,
    "month_embedding_dim": 8,
    "patience": 30,
    "weight_decay": 2.2783467351685182e-05
  },
  "loss": 0.055341251928440346,
  "region_losses": {
    "india_4x4_120_144_168h": 0.055341251928440346
  }
}