{
  "hyperparams": {
    "batch_size": 16,
    "dropout_rate": 0.252423032882711,
    "lead_time_embedding_dim": 32,
    "learning_rate": 0.00023693307558168456,
    "min_delta": 0.00012906580800542392,
    "mlp_hidden_dim": 1024,
    "mlp_layers": 6,
    "month_embedding_dim": 8,
    "patience": 20,
    "weight_decay": 0.005904759773627141
  },
  "loss": 1.1297261729955945,
  "region_losses": {
    "india_4x4_120_144_168h": 1.1297261729955945
  }
}