{
  "hyperparams": {
    "batch_size": 32,
    "dropout_rate": 0.0331888759770442,
    "lead_time_embedding_dim": 8,
    "learning_rate": 0.00019715204726508852,
    "min_delta": 1.3504955876149578e-06,
    "mlp_hidden_dim": 1024,
    "mlp_layers": 4,
    "month_embedding_dim": 8,
    "patience": 70,
    "weight_decay": 1.1194522515426222e-05
  },
  "loss": 0.03394137598565627,
  "region_losses": {
    "india_4x4_120_144_168h": 0.03394137598565627
  }
}