{
  "hyperparams": {
    "batch_size": 32,
    "dropout_rate": 0.17442397052544797,
    "lead_time_embedding_dim": 16,
    "learning_rate": 3.6206733080594694e-05,
    "min_delta": 5.677863807132423e-06,
    "mlp_hidden_dim": 256,
    "mlp_layers": 4,
    "month_embedding_dim": 8,
    "patience": 70,
    "weight_decay": 2.942314907674742e-06
  },
  "loss": 0.06661827901094504,
  "region_losses": {
    "india_4x4_120_144_168h": 0.06661827901094504
  }
}