{
  "hyperparams": {
    "batch_size": 32,
    "dropout_rate": 0.0675140166607825,
    "lead_time_embedding_dim": 8,
    "learning_rate": 0.00030415008450899946,
    "min_delta": 1.1740175986759596e-06,
    "mlp_hidden_dim": 1024,
    "mlp_layers": 4,
    "month_embedding_dim": 8,
    "patience": 70,
    "weight_decay": 6.032011898430507e-06
  },
  "loss": 0.03328026235658347,
  "region_losses": {
    "india_4x4_120_144_168h": 0.03328026235658347
  }
}