{
  "hyperparams": {
    "batch_size": 32,
    "dropout_rate": 0.024600348200174246,
    "lead_time_embedding_dim": 16,
    "learning_rate": 0.00017238292222942515,
    "min_delta": 2.182690607406736e-05,
    "mlp_hidden_dim": 512,
    "mlp_layers": 7,
    "month_embedding_dim": 8,
    "patience": 70,
    "weight_decay": 1.325400419351162e-06
  },
  "loss": 0.03404138479189774,
  "region_losses": {
    "india_4x4_120_144_168h": 0.03404138479189774
  }
}