{
  "hyperparams": {
    "batch_size": 64,
    "dropout_rate": 0.31531079158226183,
    "lead_time_embedding_dim": 8,
    "learning_rate": 7.403549696319953e-05,
    "min_delta": 1.5553564341963826e-06,
    "mlp_hidden_dim": 1024,
    "mlp_layers": 4,
    "month_embedding_dim": 4,
    "patience": 70,
    "weight_decay": 1.5438338126610605e-06
  },
  "loss": 0.054776813075338986,
  "region_losses": {
    "india_4x4_120_144_168h": 0.054776813075338986
  }
}