{
  "hyperparams": {
    "batch_size": 16,
    "dropout_rate": 0.19575155949096423,
    "lead_time_embedding_dim": 16,
    "learning_rate": 0.0003347079130515825,
    "min_delta": 1.7896002821294152e-05,
    "mlp_hidden_dim": 1024,
    "mlp_layers": 2,
    "month_embedding_dim": 16,
    "patience": 20,
    "weight_decay": 4.5981767566977004e-05
  },
  "loss": 0.07153227825447456,
  "region_losses": {
    "india_4x4_120_144_168h": 0.07153227825447456
  }
}