{
  "hyperparams": {
    "batch_size": 16,
    "dropout_rate": 0.3064566139371169,
    "lead_time_embedding_dim": 32,
    "learning_rate": 0.00031218586848730506,
    "min_delta": 5.685680294593937e-05,
    "mlp_hidden_dim": 128,
    "mlp_layers": 3,
    "month_embedding_dim": 32,
    "patience": 20,
    "weight_decay": 0.0018360885816973357
  },
  "loss": 0.12479537336277388,
  "region_losses": {
    "india_4x4_120_144_168h": 0.12479537336277388
  }
}