{
  "hyperparams": {
    "batch_size": 128,
    "dropout_rate": 0.25584379486238834,
    "lead_time_embedding_dim": 32,
    "learning_rate": 0.00019958711158856834,
    "min_delta": 8.358685055708561e-06,
    "mlp_hidden_dim": 128,
    "mlp_layers": 5,
    "month_embedding_dim": 32,
    "patience": 70,
    "weight_decay": 7.172056245745856e-05
  },
  "loss": 0.11415941780273038,
  "region_losses": {
    "india_4x4_120_144_168h": 0.11415941780273038
  }
}