{
  "hyperparams": {
    "batch_size": 32,
    "dropout_rate": 0.00921669319253237,
    "lead_time_embedding_dim": 4,
    "learning_rate": 0.000126446068577585,
    "min_delta": 5.0642005759791945e-06,
    "mlp_hidden_dim": 1024,
    "mlp_layers": 7,
    "month_embedding_dim": 4,
    "patience": 50,
    "weight_decay": 3.2174055188736118e-06
  },
  "loss": 0.03429730261280228,
  "region_losses": {
    "india_4x4_120_144_168h": 0.03429730261280228
  }
}