{
  "hyperparams": {
    "batch_size": 16,
    "dropout_rate": 0.15046272080627582,
    "lead_time_embedding_dim": 32,
    "learning_rate": 5.04096508343844e-05,
    "min_delta": 1.7996257755120493e-06,
    "mlp_hidden_dim": 1024,
    "mlp_layers": 4,
    "month_embedding_dim": 16,
    "patience": 70,
    "weight_decay": 1.4803344967566853e-06
  },
  "loss": 0.03655642812979863,
  "region_losses": {
    "india_4x4_120_144_168h": 0.03655642812979863
  }
}