{
  "hyperparams": {
    "batch_size": 32,
    "dropout_rate": 0.09630283105954374,
    "lead_time_embedding_dim": 16,
    "learning_rate": 0.00019741504867376494,
    "min_delta": 1.5940442151692868e-06,
    "mlp_hidden_dim": 1024,
    "mlp_layers": 4,
    "month_embedding_dim": 32,
    "patience": 50,
    "weight_decay": 1.4877434414510947e-06
  },
  "loss": 0.030455870063119873,
  "region_losses": {
    "india_4x4_120_144_168h": 0.030455870063119873
  }
}