{
  "hyperparams": {
    "batch_size": 32,
    "dropout_rate": 0.09834847147915268,
    "lead_time_embedding_dim": 32,
    "learning_rate": 0.000280683458822969,
    "min_delta": 8.981185558743308e-05,
    "mlp_hidden_dim": 1024,
    "mlp_layers": 5,
    "month_embedding_dim": 16,
    "patience": 20,
    "weight_decay": 3.125412668066136e-05
  },
  "loss": 0.04417396835206164,
  "region_losses": {
    "india_4x4_120_144_168h": 0.04417396835206164
  }
}