{
  "hyperparams": {
    "batch_size": 16,
    "dropout_rate": 0.3541494573963834,
    "lead_time_embedding_dim": 32,
    "learning_rate": 8.780860159776334e-05,
    "min_delta": 0.00027072711095177897,
    "mlp_hidden_dim": 1024,
    "mlp_layers": 5,
    "month_embedding_dim": 16,
    "patience": 20,
    "weight_decay": 2.6448538072633317e-06
  },
  "loss": 0.0595467371987723,
  "region_losses": {
    "india_4x4_120_144_168h": 0.0595467371987723
  }
}