{
  "hyperparams": {
    "batch_size": 32,
    "dropout_rate": 0.3010438975028945,
    "lead_time_embedding_dim": 16,
    "learning_rate": 0.0003027233786655896,
    "min_delta": 3.9758569170506144e-05,
    "mlp_hidden_dim": 64,
    "mlp_layers": 2,
    "month_embedding_dim": 16,
    "patience": 50,
    "weight_decay": 0.0005038681843518656
  },
  "loss": 0.1108802771291782,
  "region_losses": {
    "india_4x4_120_144_168h": 0.1108802771291782
  }
}