{
  "hyperparams": {
    "batch_size": 64,
    "dropout_rate": 0.11889006889762245,
    "lead_time_embedding_dim": 16,
    "learning_rate": 0.0019665315708934767,
    "min_delta": 4.643294103683164e-06,
    "mlp_hidden_dim": 1024,
    "mlp_layers": 4,
    "month_embedding_dim": 32,
    "patience": 50,
    "weight_decay": 1.2668906184769017e-06
  },
  "loss": 0.06348869765234977,
  "region_losses": {
    "india_4x4_120_144_168h": 0.06348869765234977
  }
}