{
  "hyperparams": {
    "batch_size": 32,
    "dropout_rate": 0.059882212730553615,
    "lead_time_embedding_dim": 16,
    "learning_rate": 5.538459311909531e-05,
    "min_delta": 9.689936381280802e-06,
    "mlp_hidden_dim": 512,
    "mlp_layers": 2,
    "month_embedding_dim": 4,
    "patience": 50,
    "weight_decay": 4.2286202554837786e-06
  },
  "loss": 0.04875378162180845,
  "region_losses": {
    "india_4x4_120_144_168h": 0.04875378162180845
  }
}