{
  "hyperparams": {
    "batch_size": 32,
    "dropout_rate": 0.03633714928631024,
    "lead_time_embedding_dim": 8,
    "learning_rate": 0.0010525956465515503,
    "min_delta": 3.5996675791325685e-06,
    "mlp_hidden_dim": 512,
    "mlp_layers": 2,
    "month_embedding_dim": 8,
    "patience": 50,
    "weight_decay": 2.5314059288403826e-05
  },
  "loss": 0.058816577475368635,
  "region_losses": {
    "india_4x4_120_144_168h": 0.058816577475368635
  }
}