{
  "hyperparams": {
    "batch_size": 16,
    "dropout_rate": 0.04091069286764236,
    "lead_time_embedding_dim": 4,
    "learning_rate": 0.0008873246298562183,
    "min_delta": 7.93395448424709e-05,
    "mlp_hidden_dim": 1024,
    "mlp_layers": 5,
    "month_embedding_dim": 16,
    "patience": 20,
    "weight_decay": 1.0358679601843897e-06
  },
  "loss": 0.06146432391078748,
  "region_losses": {
    "india_4x4_120_144_168h": 0.06146432391078748
  }
}