{
  "hyperparams": {
    "batch_size": 32,
    "dropout_rate": 0.013721212678821749,
    "lead_time_embedding_dim": 8,
    "learning_rate": 0.00013621219809890946,
    "min_delta": 1.0218644750243877e-06,
    "mlp_hidden_dim": 1024,
    "mlp_layers": 4,
    "month_embedding_dim": 8,
    "patience": 70,
    "weight_decay": 3.37913771896848e-05
  },
  "loss": 0.03531664515176589,
  "region_losses": {
    "india_4x4_120_144_168h": 0.03531664515176589
  }
}