{
  "hyperparams": {
    "batch_size": 32,
    "dropout_rate": 0.12877502114703587,
    "lead_time_embedding_dim": 16,
    "learning_rate": 0.00011902159352462417,
    "min_delta": 2.454337044737025e-06,
    "mlp_hidden_dim": 1024,
    "mlp_layers": 4,
    "month_embedding_dim": 4,
    "patience": 30,
    "weight_decay": 2.363062468181818e-06
  },
  "loss": 0.03555634407004404,
  "region_losses": {
    "india_4x4_120_144_168h": 0.03555634407004404
  }
}