{
  "hyperparams": {
    "batch_size": 16,
    "dropout_rate": 0.15544397542655827,
    "lead_time_embedding_dim": 32,
    "learning_rate": 0.00011208240385937608,
    "min_delta": 4.90526375249892e-06,
    "mlp_hidden_dim": 1024,
    "mlp_layers": 4,
    "month_embedding_dim": 16,
    "patience": 70,
    "weight_decay": 2.2081015287091005e-06
  },
  "loss": 0.03382613101092947,
  "region_losses": {
    "india_4x4_120_144_168h": 0.03382613101092947
  }
}