{
  "hyperparams": {
    "batch_size": 32,
    "dropout_rate": 0.08472303990257556,
    "lead_time_embedding_dim": 8,
    "learning_rate": 0.0015321241868408643,
    "min_delta": 4.635524654121822e-06,
    "mlp_hidden_dim": 1024,
    "mlp_layers": 2,
    "month_embedding_dim": 8,
    "patience": 70,
    "weight_decay": 2.9297960045965514e-05
  },
  "loss": 0.07795268910822863,
  "region_losses": {
    "india_4x4_120_144_168h": 0.07795268910822863
  }
}