{
  "hyperparams": {
    "batch_size": 128,
    "dropout_rate": 0.08542637649603307,
    "lead_time_embedding_dim": 4,
    "learning_rate": 6.027708435070736e-06,
    "min_delta": 0.00010982284210661237,
    "mlp_hidden_dim": 1024,
    "mlp_layers": 3,
    "month_embedding_dim": 32,
    "patience": 70,
    "weight_decay": 3.324743108023288e-06
  },
  "loss": 0.07527897505245394,
  "region_losses": {
    "india_4x4_120_144_168h": 0.07527897505245394
  }
}