{
  "hyperparams": {
    "batch_size": 16,
    "dropout_rate": 0.20246356925545228,
    "lead_time_embedding_dim": 32,
    "learning_rate": 8.462596535204512e-05,
    "min_delta": 2.9186411142574397e-06,
    "mlp_hidden_dim": 1024,
    "mlp_layers": 4,
    "month_embedding_dim": 16,
    "patience": 70,
    "weight_decay": 2.737563917735207e-06
  },
  "loss": 0.040159978953969985,
  "region_losses": {
    "india_4x4_120_144_168h": 0.040159978953969985
  }
}