{
  "hyperparams": {
    "batch_size": 128,
    "dropout_rate": 0.21696963093830576,
    "lead_time_embedding_dim": 32,
    "learning_rate": 7.902567450192036e-05,
    "min_delta": 5.7815809091298924e-05,
    "mlp_hidden_dim": 1024,
    "mlp_layers": 4,
    "month_embedding_dim": 16,
    "patience": 20,
    "weight_decay": 1.0128364750191221e-06
  },
  "loss": 0.04794521790258117,
  "region_losses": {
    "india_4x4_120_144_168h": 0.04794521790258117
  }
}