{
  "hyperparams": {
    "batch_size": 128,
    "dropout_rate": 0.35593690760148405,
    "lead_time_embedding_dim": 4,
    "learning_rate": 0.0007093838046561139,
    "min_delta": 0.00013361748083730806,
    "mlp_hidden_dim": 128,
    "mlp_layers": 5,
    "month_embedding_dim": 8,
    "patience": 70,
    "weight_decay": 0.00015852486964349123
  },
  "loss": 0.16983987464391354,
  "region_losses": {
    "india_4x4_120_144_168h": 0.16983987464391354
  }
}