{
  "hyperparams": {
    "batch_size": 32,
    "dropout_rate": 0.03238131630162783,
    "lead_time_embedding_dim": 8,
    "learning_rate": 0.00010597951241210256,
    "min_delta": 2.8572958358319998e-06,
    "mlp_hidden_dim": 1024,
    "mlp_layers": 4,
    "month_embedding_dim": 8,
    "patience": 70,
    "weight_decay": 1.6433755554708798e-05
  },
  "loss": 0.034147638767821134,
  "region_losses": {
    "india_4x4_120_144_168h": 0.034147638767821134
  }
}