{
  "hyperparams": {
    "batch_size": 32,
    "dropout_rate": 0.03636062156001131,
    "lead_time_embedding_dim": 4,
    "learning_rate": 0.00019622210124876663,
    "min_delta": 4.3592763881335524e-05,
    "mlp_hidden_dim": 512,
    "mlp_layers": 2,
    "month_embedding_dim": 16,
    "patience": 20,
    "weight_decay": 5.0721769178146284e-05
  },
  "loss": 0.04868711819626895,
  "region_losses": {
    "india_4x4_120_144_168h": 0.04868711819626895
  }
}