{
  "hyperparams": {
    "batch_size": 32,
    "dropout_rate": 0.10276845870318085,
    "lead_time_embedding_dim": 8,
    "learning_rate": 0.0001474444941396506,
    "min_delta": 1.8911325854860024e-06,
    "mlp_hidden_dim": 1024,
    "mlp_layers": 4,
    "month_embedding_dim": 8,
    "patience": 70,
    "weight_decay": 0.0006348980284581967
  },
  "loss": 0.08424475570588041,
  "region_losses": {
    "india_4x4_120_144_168h": 0.08424475570588041
  }
}