{
  "hyperparams": {
    "batch_size": 32,
    "dropout_rate": 0.07966821815601179,
    "lead_time_embedding_dim": 8,
    "learning_rate": 0.0004663586834360891,
    "min_delta": 2.3935572323872636e-06,
    "mlp_hidden_dim": 1024,
    "mlp_layers": 3,
    "month_embedding_dim": 8,
    "patience": 70,
    "weight_decay": 9.551381768583643e-06
  },
  "loss": 0.04173474866397602,
  "region_losses": {
    "india_4x4_120_144_168h": 0.04173474866397602
  }
}