{
  "hyperparams": {
    "batch_size": 64,
    "dropout_rate": 0.18872683297639475,
    "lead_time_embedding_dim": 32,
    "learning_rate": 0.002375990253191688,
    "min_delta": 1.069980623958795e-05,
    "mlp_hidden_dim": 64,
    "mlp_layers": 5,
    "month_embedding_dim": 4,
    "patience": 50,
    "weight_decay": 0.00011609907749503819
  },
  "loss": 0.15036588975517473,
  "region_losses": {
    "india_4x4_120_144_168h": 0.15036588975517473
  }
}