{
  "hyperparams": {
    "batch_size": 32,
    "dropout_rate": 0.16054892903124518,
    "lead_time_embedding_dim": 32,
    "learning_rate": 4.57693269923131e-05,
    "min_delta": 0.00025337124650351336,
    "mlp_hidden_dim": 128,
    "mlp_layers": 5,
    "month_embedding_dim": 4,
    "patience": 50,
    "weight_decay": 1.4313850554871987e-05
  },
  "loss": 0.0978981217226485,
  "region_losses": {
    "india_4x4_120_144_168h": 0.0978981217226485
  }
}