{
  "hyperparams": {
    "batch_size": 16,
    "dropout_rate": 0.17809301764288912,
    "lead_time_embedding_dim": 32,
    "learning_rate": 0.00015026189754374384,
    "min_delta": 7.941242866135029e-06,
    "mlp_hidden_dim": 1024,
    "mlp_layers": 4,
    "month_embedding_dim": 16,
    "patience": 70,
    "weight_decay": 3.5967659112812032e-06
  },
  "loss": 0.036860603324958004,
  "region_losses": {
    "india_4x4_120_144_168h": 0.036860603324958004
  }
}