{
  "hyperparams": {
    "batch_size": 64,
    "dropout_rate": 0.09994882008397388,
    "lead_time_embedding_dim": 16,
    "learning_rate": 9.800742956663693e-05,
    "min_delta": 1.2603511559192621e-05,
    "mlp_hidden_dim": 256,
    "mlp_layers": 6,
    "month_embedding_dim": 16,
    "patience": 20,
    "weight_decay": 7.87805891405247e-06
  },
  "loss": 0.0626099937235913,
  "region_losses": {
    "india_4x4_120_144_168h": 0.0626099937235913
  }
}