{
  "hyperparams": {
    "batch_size": 16,
    "dropout_rate": 0.09730212861575252,
    "lead_time_embedding_dim": 32,
    "learning_rate": 3.624888887128695e-05,
    "min_delta": 3.685863059572856e-05,
    "mlp_hidden_dim": 1024,
    "mlp_layers": 3,
    "month_embedding_dim": 16,
    "patience": 20,
    "weight_decay": 1.0095130268279796e-06
  },
  "loss": 0.03586337965233561,
  "region_losses": {
    "india_4x4_120_144_168h": 0.03586337965233561
  }
}