{
  "hyperparams": {
    "batch_size": 16,
    "dropout_rate": 0.09443260914768214,
    "lead_time_embedding_dim": 4,
    "learning_rate": 0.0002082001619488641,
    "min_delta": 7.805125921452544e-05,
    "mlp_hidden_dim": 1024,
    "mlp_layers": 4,
    "month_embedding_dim": 16,
    "patience": 20,
    "weight_decay": 0.003627490878935891
  },
  "loss": 0.1946827583740394,
  "region_losses": {
    "india_4x4_120_144_168h": 0.1946827583740394
  }
}