{
  "hyperparams": {
    "batch_size": 16,
    "dropout_rate": 0.14871590103611276,
    "lead_time_embedding_dim": 8,
    "learning_rate": 1.4071854002124119e-05,
    "min_delta": 7.434640243946091e-06,
    "mlp_hidden_dim": 1024,
    "mlp_layers": 4,
    "month_embedding_dim": 8,
    "patience": 20,
    "weight_decay": 3.645514826840598e-06
  },
  "loss": 0.048721537416436006,
  "region_losses": {
    "india_4x4_120_144_168h": 0.048721537416436006
  }
}