{
  "hyperparams": {
    "batch_size": 32,
    "dropout_rate": 0.003043302662003432,
    "lead_time_embedding_dim": 8,
    "learning_rate": 0.00012190221357455976,
    "min_delta": 4.33941186490679e-06,
    "mlp_hidden_dim": 1024,
    "mlp_layers": 4,
    "month_embedding_dim": 8,
    "patience": 70,
    "weight_decay": 6.161089754586848e-05
  },
  "loss": 0.041310342380783405,
  "region_losses": {
    "india_4x4_120_144_168h": 0.041310342380783405
  }
}