{
  "hyperparams": {
    "batch_size": 32,
    "dropout_rate": 0.030135668674173315,
    "lead_time_embedding_dim": 8,
    "learning_rate": 0.0007495691226395682,
    "min_delta": 2.841978849630594e-06,
    "mlp_hidden_dim": 64,
    "mlp_layers": 3,
    "month_embedding_dim": 8,
    "patience": 50,
    "weight_decay": 4.4948494850440664e-05
  },
  "loss": 0.06436060924607863,
  "region_losses": {
    "india_4x4_120_144_168h": 0.06436060924607863
  }
}