{
  "hyperparams": {
    "batch_size": 128,
    "dropout_rate": 0.05772652517738816,
    "lead_time_embedding_dim": 4,
    "learning_rate": 0.00023751353318620776,
    "min_delta": 2.8340040707775945e-06,
    "mlp_hidden_dim": 1024,
    "mlp_layers": 4,
    "month_embedding_dim": 8,
    "patience": 70,
    "weight_decay": 0.00010117123615915974
  },
  "loss": 0.0512723167046034,
  "region_losses": {
    "india_4x4_120_144_168h": 0.0512723167046034
  }
}