{
  "hyperparams": {
    "batch_size": 16,
    "dropout_rate": 0.08306273667396767,
    "lead_time_embedding_dim": 16,
    "learning_rate": 3.314525971454407e-05,
    "min_delta": 3.3823373307346117e-06,
    "mlp_hidden_dim": 1024,
    "mlp_layers": 4,
    "month_embedding_dim": 32,
    "patience": 70,
    "weight_decay": 8.387047386917316e-05
  },
  "loss": 0.04923234574437005,
  "region_losses": {
    "india_4x4_120_144_168h": 0.04923234574437005
  }
}