{
  "hyperparams": {
    "batch_size": 16,
    "dropout_rate": 0.22471216216765655,
    "lead_time_embedding_dim": 16,
    "learning_rate": 0.0005629419156686424,
    "min_delta": 1.1999991837472435e-05,
    "mlp_hidden_dim": 256,
    "mlp_layers": 6,
    "month_embedding_dim": 16,
    "patience": 20,
    "weight_decay": 4.594123273413042e-06
  },
  "loss": 0.07628097718865327,
  "region_losses": {
    "india_4x4_120_144_168h": 0.07628097718865327
  }
}