{
  "hyperparams": {
    "batch_size": 64,
    "dropout_rate": 0.13894812822087627,
    "lead_time_embedding_dim": 16,
    "learning_rate": 1.0292641475639737e-06,
    "min_delta": 0.00016025133594982656,
    "mlp_hidden_dim": 64,
    "mlp_layers": 7,
    "month_embedding_dim": 4,
    "patience": 20,
    "weight_decay": 0.0005379135061375356
  },
  "loss": 0.7052838220629086,
  "region_losses": {
    "india_4x4_120_144_168h": 0.7052838220629086
  }
}