{
  "hyperparams": {
    "batch_size": 16,
    "dropout_rate": 0.12331719970535517,
    "lead_time_embedding_dim": 4,
    "learning_rate": 4.021138539399644e-05,
    "min_delta": 0.00015953028680546107,
    "mlp_hidden_dim": 128,
    "mlp_layers": 2,
    "month_embedding_dim": 16,
    "patience": 20,
    "weight_decay": 1.2691150467761426e-05
  },
  "loss": 0.06397927083493235,
  "region_losses": {
    "india_4x4_120_144_168h": 0.06397927083493235
  }
}