{
  "hyperparams": {
    "batch_size": 16,
    "dropout_rate": 0.21742845244838713,
    "lead_time_embedding_dim": 32,
    "learning_rate": 0.00010639732515307422,
    "min_delta": 0.00013590149276555697,
    "mlp_hidden_dim": 1024,
    "mlp_layers": 5,
    "month_embedding_dim": 16,
    "patience": 20,
    "weight_decay": 2.0004100263181258e-06
  },
  "loss": 0.03653379974146411,
  "region_losses": {
    "india_4x4_120_144_168h": 0.03653379974146411
  }
}