{
  "hyperparams": {
    "batch_size": 32,
    "dropout_rate": 0.15900723943583606,
    "lead_time_embedding_dim": 16,
    "learning_rate": 9.767703786021898e-05,
    "min_delta": 1.6749804215887094e-06,
    "mlp_hidden_dim": 1024,
    "mlp_layers": 4,
    "month_embedding_dim": 32,
    "patience": 70,
    "weight_decay": 1.489344314825487e-06
  },
  "loss": 0.037057314341181605,
  "region_losses": {
    "india_4x4_120_144_168h": 0.037057314341181605
  }
}