{
  "hyperparams": {
    "batch_size": 16,
    "dropout_rate": 0.2476626606220237,
    "lead_time_embedding_dim": 32,
    "learning_rate": 0.00025913707763015886,
    "min_delta": 1.8903642949115652e-05,
    "mlp_hidden_dim": 1024,
    "mlp_layers": 4,
    "month_embedding_dim": 16,
    "patience": 70,
    "weight_decay": 1.1466930904268507e-06
  },
  "loss": 0.042387933196139364,
  "region_losses": {
    "india_4x4_120_144_168h": 0.042387933196139364
  }
}