{
  "hyperparams": {
    "batch_size": 32,
    "dropout_rate": 0.019782941771114084,
    "lead_time_embedding_dim": 8,
    "learning_rate": 9.46468215211201e-05,
    "min_delta": 1.4270271200134672e-06,
    "mlp_hidden_dim": 1024,
    "mlp_layers": 4,
    "month_embedding_dim": 8,
    "patience": 70,
    "weight_decay": 9.939645630176103e-06
  },
  "loss": 0.03296121721073798,
  "region_losses": {
    "india_4x4_120_144_168h": 0.03296121721073798
  }
}