{
  "hyperparams": {
    "batch_size": 32,
    "dropout_rate": 0.15276098569644053,
    "lead_time_embedding_dim": 16,
    "learning_rate": 2.6394911255365397e-05,
    "min_delta": 3.0077358810956208e-06,
    "mlp_hidden_dim": 128,
    "mlp_layers": 6,
    "month_embedding_dim": 8,
    "patience": 70,
    "weight_decay": 0.001061345503875114
  },
  "loss": 0.16968060982118086,
  "region_losses": {
    "india_4x4_120_144_168h": 0.16968060982118086
  }
}