{
  "hyperparams": {
    "batch_size": 64,
    "dropout_rate": 0.0005189088422692415,
    "lead_time_embedding_dim": 8,
    "learning_rate": 0.00017910773929913284,
    "min_delta": 2.458994615973773e-06,
    "mlp_hidden_dim": 1024,
    "mlp_layers": 6,
    "month_embedding_dim": 4,
    "patience": 50,
    "weight_decay": 1.8453966381415776e-06
  },
  "loss": 0.03239945824954654,
  "region_losses": {
    "india_4x4_120_144_168h": 0.03239945824954654
  }
}