{
  "hyperparams": {
    "batch_size": 32,
    "dropout_rate": 0.0002611521195895333,
    "lead_time_embedding_dim": 8,
    "learning_rate": 0.0001113515154282417,
    "min_delta": 6.091414651037745e-06,
    "mlp_hidden_dim": 64,
    "mlp_layers": 4,
    "month_embedding_dim": 8,
    "patience": 50,
    "weight_decay": 7.950491287990551e-06
  },
  "loss": 0.06258078306520791,
  "region_losses": {
    "india_4x4_120_144_168h": 0.06258078306520791
  }
}