{
  "hyperparams": {
    "batch_size": 32,
    "dropout_rate": 0.488637797852822,
    "lead_time_embedding_dim": 32,
    "learning_rate": 0.0021589356593674637,
    "min_delta": 0.0001451898043789871,
    "mlp_hidden_dim": 1024,
    "mlp_layers": 4,
    "month_embedding_dim": 16,
    "patience": 20,
    "weight_decay": 5.273654958826108e-06
  },
  "loss": 0.28520701851222113,
  "region_losses": {
    "india_4x4_120_144_168h": 0.28520701851222113
  }
}