{
  "hyperparams": {
    "batch_size": 16,
    "dropout_rate": 0.14435274546424157,
    "lead_time_embedding_dim": 4,
    "learning_rate": 0.0001288777726148733,
    "min_delta": 1.615025461513752e-05,
    "mlp_hidden_dim": 128,
    "mlp_layers": 4,
    "month_embedding_dim": 16,
    "patience": 20,
    "weight_decay": 2.9341039158174583e-06
  },
  "loss": 0.08464300923501776,
  "region_losses": {
    "india_4x4_120_144_168h": 0.08464300923501776
  }
}