{
  "hyperparams": {
    "batch_size": 16,
    "dropout_rate": 0.20017826387294094,
    "lead_time_embedding_dim": 16,
    "learning_rate": 0.00011960918020905056,
    "min_delta": 1.4413027989354223e-05,
    "mlp_hidden_dim": 1024,
    "mlp_layers": 2,
    "month_embedding_dim": 16,
    "patience": 20,
    "weight_decay": 3.9076289560740745e-05
  },
  "loss": 0.05245125144805422,
  "region_losses": {
    "india_4x4_120_144_168h": 0.05245125144805422
  }
}