{
  "hyperparams": {
    "batch_size": 32,
    "dropout_rate": 0.03355720980698903,
    "lead_time_embedding_dim": 8,
    "learning_rate": 2.6229976441368573e-05,
    "min_delta": 3.455069870300494e-06,
    "mlp_hidden_dim": 1024,
    "mlp_layers": 4,
    "month_embedding_dim": 4,
    "patience": 50,
    "weight_decay": 2.831413822693712e-06
  },
  "loss": 0.0436864840709535,
  "region_losses": {
    "india_4x4_120_144_168h": 0.0436864840709535
  }
}