{
  "hyperparams": {
    "batch_size": 128,
    "dropout_rate": 0.09409053570970287,
    "lead_time_embedding_dim": 16,
    "learning_rate": 0.00994538644677591,
    "min_delta": 8.588086507325099e-05,
    "mlp_hidden_dim": 128,
    "mlp_layers": 7,
    "month_embedding_dim": 16,
    "patience": 70,
    "weight_decay": 1.4955650478196243e-06
  },
  "loss": 0.1313036106535386,
  "region_losses": {
    "india_4x4_120_144_168h": 0.1313036106535386
  }
}