{
  "hyperparams": {
    "batch_size": 16,
    "dropout_rate": 0.3242952132170051,
    "lead_time_embedding_dim": 4,
    "learning_rate": 0.00019805379884849374,
    "min_delta": 0.000572278583102188,
    "mlp_hidden_dim": 1024,
    "mlp_layers": 6,
    "month_embedding_dim": 8,
    "patience": 20,
    "weight_decay": 6.218517803528133e-05
  },
  "loss": 0.0740159467750262,
  "region_losses": {
    "india_4x4_120_144_168h": 0.0740159467750262
  }
}