{
  "hyperparams": {
    "batch_size": 64,
    "dropout_rate": 0.20419857905872693,
    "lead_time_embedding_dim": 8,
    "learning_rate": 0.0004083317736128502,
    "min_delta": 9.292097899171195e-05,
    "mlp_hidden_dim": 512,
    "mlp_layers": 3,
    "month_embedding_dim": 16,
    "patience": 30,
    "weight_decay": 1.5958949651537675e-06
  },
  "loss": 0.054384813971501716,
  "region_losses": {
    "india_4x4_120_144_168h": 0.054384813971501716
  }
}