{
  "hyperparams": {
    "batch_size": 32,
    "dropout_rate": 0.19521021287972753,
    "lead_time_embedding_dim": 8,
    "learning_rate": 4.693918249944853e-05,
    "min_delta": 5.7698658232372165e-06,
    "mlp_hidden_dim": 1024,
    "mlp_layers": 4,
    "month_embedding_dim": 16,
    "patience": 70,
    "weight_decay": 9.7988066460444e-06
  },
  "loss": 0.04257545520776599,
  "region_losses": {
    "india_4x4_120_144_168h": 0.04257545520776599
  }
}