{
  "hyperparams": {
    "batch_size": 16,
    "dropout_rate": 0.12383365983989736,
    "lead_time_embedding_dim": 32,
    "learning_rate": 0.0001343752140899266,
    "min_delta": 0.00011452637313973041,
    "mlp_hidden_dim": 1024,
    "mlp_layers": 5,
    "month_embedding_dim": 16,
    "patience": 20,
    "weight_decay": 1.2059308658593645e-06
  },
  "loss": 0.035415129576044806,
  "region_losses": {
    "india_4x4_120_144_168h": 0.035415129576044806
  }
}