{
  "hyperparams": {
    "batch_size": 128,
    "dropout_rate": 0.23541740331707567,
    "lead_time_embedding_dim": 32,
    "learning_rate": 3.2430365264096936e-05,
    "min_delta": 0.0005222447827481858,
    "mlp_hidden_dim": 1024,
    "mlp_layers": 5,
    "month_embedding_dim": 32,
    "patience": 70,
    "weight_decay": 1.0256619662437825e-06
  },
  "loss": 0.05972368204443452,
  "region_losses": {
    "india_4x4_120_144_168h": 0.05972368204443452
  }
}