{
  "hyperparams": {
    "batch_size": 16,
    "dropout_rate": 0.19468365262285706,
    "lead_time_embedding_dim": 32,
    "learning_rate": 0.0003663906101228467,
    "min_delta": 0.0001749447313565165,
    "mlp_hidden_dim": 1024,
    "mlp_layers": 5,
    "month_embedding_dim": 16,
    "patience": 20,
    "weight_decay": 3.533697089202923e-06
  },
  "loss": 0.06023935314784208,
  "region_losses": {
    "india_4x4_120_144_168h": 0.06023935314784208
  }
}