{
  "hyperparams": {
    "batch_size": 32,
    "dropout_rate": 0.015479372996439967,
    "lead_time_embedding_dim": 8,
    "learning_rate": 0.0005428124422430335,
    "min_delta": 1.3789995822312915e-06,
    "mlp_hidden_dim": 1024,
    "mlp_layers": 4,
    "month_embedding_dim": 8,
    "patience": 70,
    "weight_decay": 7.544726414717062e-06
  },
  "loss": 0.036800307745512954,
  "region_losses": {
    "india_4x4_120_144_168h": 0.036800307745512954
  }
}