{
  "hyperparams": {
    "batch_size": 16,
    "dropout_rate": 0.181074251075087,
    "lead_time_embedding_dim": 32,
    "learning_rate": 2.1441830173356193e-05,
    "min_delta": 0.00013581575116315944,
    "mlp_hidden_dim": 1024,
    "mlp_layers": 5,
    "month_embedding_dim": 16,
    "patience": 20,
    "weight_decay": 1.684699086549085e-06
  },
  "loss": 0.050294472632197856,
  "region_losses": {
    "india_4x4_120_144_168h": 0.050294472632197856
  }
}