{
  "hyperparams": {
    "batch_size": 16,
    "dropout_rate": 0.1789102653899697,
    "lead_time_embedding_dim": 4,
    "learning_rate": 0.005164098021088677,
    "min_delta": 0.00037607592757026405,
    "mlp_hidden_dim": 1024,
    "mlp_layers": 3,
    "month_embedding_dim": 16,
    "patience": 20,
    "weight_decay": 6.662907283248513e-05
  },
  "loss": 0.1846666863318298,
  "region_losses": {
    "india_4x4_120_144_168h": 0.1846666863318298
  }
}