{
  "hyperparams": {
    "batch_size": 16,
    "dropout_rate": 0.1545915520963725,
    "lead_time_embedding_dim": 4,
    "learning_rate": 0.00023436799081575743,
    "min_delta": 9.395913964666179e-06,
    "mlp_hidden_dim": 1024,
    "mlp_layers": 4,
    "month_embedding_dim": 16,
    "patience": 20,
    "weight_decay": 2.135266412314728e-06
  },
  "loss": 0.04038106739939215,
  "region_losses": {
    "india_4x4_120_144_168h": 0.04038106739939215
  }
}