{
  "hyperparams": {
    "batch_size": 16,
    "dropout_rate": 0.18422645218331712,
    "lead_time_embedding_dim": 32,
    "learning_rate": 9.6447652991805e-05,
    "min_delta": 0.000610361034660156,
    "mlp_hidden_dim": 1024,
    "mlp_layers": 4,
    "month_embedding_dim": 16,
    "patience": 70,
    "weight_decay": 1.3082973352683049e-06
  },
  "loss": 0.03347367178840736,
  "region_losses": {
    "india_4x4_120_144_168h": 0.03347367178840736
  }
}