{
  "hyperparams": {
    "batch_size": 32,
    "dropout_rate": 0.043438611033453665,
    "lead_time_embedding_dim": 8,
    "learning_rate": 0.0002448541373546878,
    "min_delta": 2.0161579031067454e-06,
    "mlp_hidden_dim": 1024,
    "mlp_layers": 4,
    "month_embedding_dim": 8,
    "patience": 70,
    "weight_decay": 1.3096963904515355e-05
  },
  "loss": 0.03327077820914171,
  "region_losses": {
    "india_4x4_120_144_168h": 0.03327077820914171
  }
}