{
  "hyperparams": {
    "batch_size": 32,
    "dropout_rate": 0.025965524590097225,
    "lead_time_embedding_dim": 8,
    "learning_rate": 1.0184638896847716e-06,
    "min_delta": 1.1835876561783164e-06,
    "mlp_hidden_dim": 1024,
    "mlp_layers": 4,
    "month_embedding_dim": 8,
    "patience": 70,
    "weight_decay": 2.7645957686943556e-05
  },
  "loss": 0.10778778883599743,
  "region_losses": {
    "india_4x4_120_144_168h": 0.10778778883599743
  }
}