{
  "hyperparams": {
    "batch_size": 16,
    "dropout_rate": 0.1736349459681682,
    "lead_time_embedding_dim": 8,
    "learning_rate": 0.0002647573618504121,
    "min_delta": 2.101026325313189e-06,
    "mlp_hidden_dim": 1024,
    "mlp_layers": 7,
    "month_embedding_dim": 4,
    "patience": 70,
    "weight_decay": 0.00022973366034830656
  },
  "loss": 0.09755344030032316,
  "region_losses": {
    "india_4x4_120_144_168h": 0.09755344030032316
  }
}