{
  "hyperparams": {
    "batch_size": 32,
    "dropout_rate": 0.0018499879575396144,
    "lead_time_embedding_dim": 8,
    "learning_rate": 0.0002628244901985038,
    "min_delta": 1.932955067685272e-06,
    "mlp_hidden_dim": 1024,
    "mlp_layers": 4,
    "month_embedding_dim": 8,
    "patience": 70,
    "weight_decay": 6.5766391963255945e-06
  },
  "loss": 0.0322448552670416,
  "region_losses": {
    "india_4x4_120_144_168h": 0.0322448552670416
  }
}