{
  "hyperparams": {
    "batch_size": 16,
    "dropout_rate": 0.10888513174495026,
    "lead_time_embedding_dim": 8,
    "learning_rate": 1.1660650942688474e-05,
    "min_delta": 1.544010513376743e-06,
    "mlp_hidden_dim": 1024,
    "mlp_layers": 4,
    "month_embedding_dim": 16,
    "patience": 70,
    "weight_decay": 1.3314938614691358e-05
  },
  "loss": 0.050505892470700905,
  "region_losses": {
    "india_4x4_120_144_168h": 0.050505892470700905
  }
}