{
  "hyperparams": {
    "batch_size": 32,
    "dropout_rate": 0.1709778661564677,
    "lead_time_embedding_dim": 16,
    "learning_rate": 4.366612626975344e-05,
    "min_delta": 6.3816776189241936e-06,
    "mlp_hidden_dim": 512,
    "mlp_layers": 7,
    "month_embedding_dim": 8,
    "patience": 70,
    "weight_decay": 0.00030989351046637614
  },
  "loss": 0.0897925745222167,
  "region_losses": {
    "india_4x4_120_144_168h": 0.0897925745222167
  }
}