{
  "hyperparams": {
    "batch_size": 16,
    "dropout_rate": 0.045981672556992814,
    "lead_time_embedding_dim": 8,
    "learning_rate": 0.00026958532465807297,
    "min_delta": 8.717078693353607e-05,
    "mlp_hidden_dim": 128,
    "mlp_layers": 7,
    "month_embedding_dim": 8,
    "patience": 20,
    "weight_decay": 0.0007775882576260591
  },
  "loss": 0.1580524625681247,
  "region_losses": {
    "india_4x4_120_144_168h": 0.1580524625681247
  }
}