{
  "hyperparams": {
    "batch_size": 32,
    "dropout_rate": 0.03650249185919184,
    "lead_time_embedding_dim": 8,
    "learning_rate": 0.00018736262507747887,
    "min_delta": 8.285138764231552e-06,
    "mlp_hidden_dim": 128,
    "mlp_layers": 3,
    "month_embedding_dim": 4,
    "patience": 70,
    "weight_decay": 9.941983882265212e-06
  },
  "loss": 0.0520897181950006,
  "region_losses": {
    "india_4x4_120_144_168h": 0.0520897181950006
  }
}