{
  "hyperparams": {
    "batch_size": 16,
    "dropout_rate": 0.2846124281839138,
    "lead_time_embedding_dim": 8,
    "learning_rate": 0.00013968007914347264,
    "min_delta": 1.712557707109247e-05,
    "mlp_hidden_dim": 1024,
    "mlp_layers": 4,
    "month_embedding_dim": 16,
    "patience": 70,
    "weight_decay": 5.5282481283641945e-06
  },
  "loss": 0.04168147362879598,
  "region_losses": {
    "india_4x4_120_144_168h": 0.04168147362879598
  }
}