{
  "hyperparams": {
    "batch_size": 16,
    "dropout_rate": 0.16570747667702113,
    "lead_time_embedding_dim": 8,
    "learning_rate": 4.1924742591550514e-05,
    "min_delta": 3.166698941644253e-06,
    "mlp_hidden_dim": 1024,
    "mlp_layers": 6,
    "month_embedding_dim": 16,
    "patience": 70,
    "weight_decay": 4.098464157591427e-06
  },
  "loss": 0.03972118058991869,
  "region_losses": {
    "india_4x4_120_144_168h": 0.03972118058991869
  }
}