{
  "hyperparams": {
    "batch_size": 16,
    "dropout_rate": 0.18392454354124524,
    "lead_time_embedding_dim": 32,
    "learning_rate": 2.3657366548394604e-05,
    "min_delta": 9.02060936205839e-06,
    "mlp_hidden_dim": 256,
    "mlp_layers": 4,
    "month_embedding_dim": 16,
    "patience": 70,
    "weight_decay": 1.2335267447084907e-06
  },
  "loss": 0.06645268006388948,
  "region_losses": {
    "india_4x4_120_144_168h": 0.06645268006388948
  }
}