{
  "hyperparams": {
    "batch_size": 32,
    "dropout_rate": 0.0901119382643406,
    "lead_time_embedding_dim": 32,
    "learning_rate": 0.0015142884670213536,
    "min_delta": 0.00010555626661074074,
    "mlp_hidden_dim": 1024,
    "mlp_layers": 2,
    "month_embedding_dim": 8,
    "patience": 30,
    "weight_decay": 3.6730266299409144e-06
  },
  "loss": 0.07184973459814559,
  "region_losses": {
    "india_4x4_120_144_168h": 0.07184973459814559
  }
}