{
  "hyperparams": {
    "batch_size": 64,
    "dropout_rate": 0.022775222484019607,
    "lead_time_embedding_dim": 8,
    "learning_rate": 0.0003123262363317091,
    "min_delta": 1.9695132929304923e-06,
    "mlp_hidden_dim": 1024,
    "mlp_layers": 7,
    "month_embedding_dim": 8,
    "patience": 70,
    "weight_decay": 1.2885827609963111e-05
  },
  "loss": 0.0390230350298775,
  "region_losses": {
    "india_4x4_120_144_168h": 0.0390230350298775
  }
}