{
  "hyperparams": {
    "batch_size": 32,
    "dropout_rate": 0.03897035229156627,
    "lead_time_embedding_dim": 8,
    "learning_rate": 0.00020402738002315988,
    "min_delta": 2.629927313780174e-06,
    "mlp_hidden_dim": 1024,
    "mlp_layers": 4,
    "month_embedding_dim": 8,
    "patience": 30,
    "weight_decay": 1.739475467015518e-05
  },
  "loss": 0.038555170640878524,
  "region_losses": {
    "india_4x4_120_144_168h": 0.038555170640878524
  }
}