{
  "hyperparams": {
    "batch_size": 16,
    "dropout_rate": 0.12713720070391168,
    "lead_time_embedding_dim": 32,
    "learning_rate": 5.2438240915668025e-05,
    "min_delta": 2.3210662303894233e-05,
    "mlp_hidden_dim": 256,
    "mlp_layers": 7,
    "month_embedding_dim": 4,
    "patience": 20,
    "weight_decay": 2.3541792028990255e-06
  },
  "loss": 0.0699772768721138,
  "region_losses": {
    "india_4x4_120_144_168h": 0.0699772768721138
  }
}