{
  "hyperparams": {
    "batch_size": 16,
    "dropout_rate": 0.18124433482037952,
    "lead_time_embedding_dim": 32,
    "learning_rate": 9.61665402870381e-05,
    "min_delta": 0.0009863067188991019,
    "mlp_hidden_dim": 1024,
    "mlp_layers": 3,
    "month_embedding_dim": 4,
    "patience": 20,
    "weight_decay": 2.7758018712217057e-06
  },
  "loss": 0.05543183390678409,
  "region_losses": {
    "india_4x4_120_144_168h": 0.05543183390678409
  }
}