{
  "hyperparams": {
    "batch_size": 32,
    "dropout_rate": 0.0721202687230201,
    "lead_time_embedding_dim": 8,
    "learning_rate": 0.0003374550458623131,
    "min_delta": 2.136252516450644e-06,
    "mlp_hidden_dim": 1024,
    "mlp_layers": 2,
    "month_embedding_dim": 8,
    "patience": 70,
    "weight_decay": 0.0019756575316132656
  },
  "loss": 0.10828235816265983,
  "region_losses": {
    "india_4x4_120_144_168h": 0.10828235816265983
  }
}