{
  "hyperparams": {
    "batch_size": 16,
    "dropout_rate": 0.14159254886917122,
    "lead_time_embedding_dim": 8,
    "learning_rate": 0.00011695304927320238,
    "min_delta": 1.9030553585088109e-06,
    "mlp_hidden_dim": 1024,
    "mlp_layers": 4,
    "month_embedding_dim": 8,
    "patience": 70,
    "weight_decay": 3.872424615804393e-06
  },
  "loss": 0.03290590785128008,
  "region_losses": {
    "india_4x4_120_144_168h": 0.03290590785128008
  }
}