{
  "hyperparams": {
    "batch_size": 16,
    "dropout_rate": 0.24678950041355047,
    "lead_time_embedding_dim": 32,
    "learning_rate": 2.7483583171100946e-05,
    "min_delta": 0.0004131224928541758,
    "mlp_hidden_dim": 128,
    "mlp_layers": 5,
    "month_embedding_dim": 32,
    "patience": 50,
    "weight_decay": 6.507625350317309e-06
  },
  "loss": 0.19782818263270738,
  "region_losses": {
    "india_4x4_120_144_168h": 0.19782818263270738
  }
}