{
  "hyperparams": {
    "batch_size": 32,
    "dropout_rate": 0.025584966631317985,
    "lead_time_embedding_dim": 4,
    "learning_rate": 7.402721945585117e-05,
    "min_delta": 2.4723227232995816e-06,
    "mlp_hidden_dim": 64,
    "mlp_layers": 3,
    "month_embedding_dim": 8,
    "patience": 70,
    "weight_decay": 1.008868852373054e-06
  },
  "loss": 0.06562213734526268,
  "region_losses": {
    "india_4x4_120_144_168h": 0.06562213734526268
  }
}