{
  "hyperparams": {
    "batch_size": 32,
    "dropout_rate": 0.11592227115402741,
    "lead_time_embedding_dim": 16,
    "learning_rate": 6.742346604775271e-05,
    "min_delta": 7.832475845301671e-06,
    "mlp_hidden_dim": 1024,
    "mlp_layers": 2,
    "month_embedding_dim": 8,
    "patience": 70,
    "weight_decay": 1.002027642069759e-06
  },
  "loss": 0.040842489005500644,
  "region_losses": {
    "india_4x4_120_144_168h": 0.040842489005500644
  }
}