{
  "hyperparams": {
    "batch_size": 16,
    "dropout_rate": 0.06663930194544342,
    "lead_time_embedding_dim": 4,
    "learning_rate": 0.0005689715261923501,
    "min_delta": 8.391341887287259e-05,
    "mlp_hidden_dim": 1024,
    "mlp_layers": 5,
    "month_embedding_dim": 16,
    "patience": 20,
    "weight_decay": 1.4943251456071129e-05
  },
  "loss": 0.05807720609478661,
  "region_losses": {
    "india_4x4_120_144_168h": 0.05807720609478661
  }
}