{
  "hyperparams": {
    "batch_size": 128,
    "dropout_rate": 0.0784364546849955,
    "lead_time_embedding_dim": 16,
    "learning_rate": 3.4537121629688314e-05,
    "min_delta": 9.097390945557671e-06,
    "mlp_hidden_dim": 1024,
    "mlp_layers": 5,
    "month_embedding_dim": 16,
    "patience": 20,
    "weight_decay": 0.00017976205183441215
  },
  "loss": 0.06331246004857012,
  "region_losses": {
    "india_4x4_120_144_168h": 0.06331246004857012
  }
}