{
  "hyperparams": {
    "batch_size": 16,
    "dropout_rate": 0.08968925942393481,
    "lead_time_embedding_dim": 8,
    "learning_rate": 0.000581979369262543,
    "min_delta": 5.744244699296023e-06,
    "mlp_hidden_dim": 1024,
    "mlp_layers": 2,
    "month_embedding_dim": 16,
    "patience": 70,
    "weight_decay": 3.1091568590872725e-06
  },
  "loss": 0.048799690593115105,
  "region_losses": {
    "india_4x4_120_144_168h": 0.048799690593115105
  }
}