{
  "hyperparams": {
    "batch_size": 32,
    "dropout_rate": 0.09154504873921374,
    "lead_time_embedding_dim": 16,
    "learning_rate": 0.0006452678306224221,
    "min_delta": 2.304233344754994e-06,
    "mlp_hidden_dim": 1024,
    "mlp_layers": 6,
    "month_embedding_dim": 32,
    "patience": 50,
    "weight_decay": 1.577927790819117e-06
  },
  "loss": 0.040245201050347616,
  "region_losses": {
    "india_4x4_120_144_168h": 0.040245201050347616
  }
}