{
  "hyperparams": {
    "batch_size": 64,
    "dropout_rate": 0.08099464098297743,
    "lead_time_embedding_dim": 16,
    "learning_rate": 8.947051723695878e-05,
    "min_delta": 1.1287845788884956e-05,
    "mlp_hidden_dim": 64,
    "mlp_layers": 4,
    "month_embedding_dim": 32,
    "patience": 50,
    "weight_decay": 2.014102421959528e-06
  },
  "loss": 0.08068679789463133,
  "region_losses": {
    "india_4x4_120_144_168h": 0.08068679789463133
  }
}