{
  "hyperparams": {
    "batch_size": 32,
    "dropout_rate": 0.01200314350282754,
    "lead_time_embedding_dim": 16,
    "learning_rate": 5.8731928784527766e-05,
    "min_delta": 3.480501985497925e-06,
    "mlp_hidden_dim": 1024,
    "mlp_layers": 4,
    "month_embedding_dim": 8,
    "patience": 70,
    "weight_decay": 1.0739170193480444e-06
  },
  "loss": 0.03341532329615859,
  "region_losses": {
    "india_4x4_120_144_168h": 0.03341532329615859
  }
}