{
  "hyperparams": {
    "batch_size": 16,
    "dropout_rate": 0.18497352916061233,
    "lead_time_embedding_dim": 32,
    "learning_rate": 0.0001164399173316586,
    "min_delta": 8.036677027046424e-06,
    "mlp_hidden_dim": 1024,
    "mlp_layers": 4,
    "month_embedding_dim": 16,
    "patience": 70,
    "weight_decay": 1.3291435951345143e-06
  },
  "loss": 0.03355609595707328,
  "region_losses": {
    "india_4x4_120_144_168h": 0.03355609595707328
  }
}