{
  "hyperparams": {
    "batch_size": 32,
    "dropout_rate": 0.05601829731059575,
    "lead_time_embedding_dim": 8,
    "learning_rate": 0.00046397904306096115,
    "min_delta": 2.3461043386156563e-06,
    "mlp_hidden_dim": 1024,
    "mlp_layers": 4,
    "month_embedding_dim": 8,
    "patience": 70,
    "weight_decay": 8.49150810100807e-06
  },
  "loss": 0.03687818189666853,
  "region_losses": {
    "india_4x4_120_144_168h": 0.03687818189666853
  }
}