{
  "hyperparams": {
    "batch_size": 16,
    "dropout_rate": 0.3034103899638796,
    "lead_time_embedding_dim": 32,
    "learning_rate": 0.00013660453102651052,
    "min_delta": 0.0008002645297923681,
    "mlp_hidden_dim": 1024,
    "mlp_layers": 2,
    "month_embedding_dim": 8,
    "patience": 20,
    "weight_decay": 1.534685804002046e-05
  },
  "loss": 0.054827170824164786,
  "region_losses": {
    "india_4x4_120_144_168h": 0.054827170824164786
  }
}