{
  "hyperparams": {
    "batch_size": 32,
    "dropout_rate": 0.4109540050743419,
    "lead_time_embedding_dim": 16,
    "learning_rate": 7.947154716516848e-05,
    "min_delta": 4.378095289348808e-06,
    "mlp_hidden_dim": 1024,
    "mlp_layers": 4,
    "month_embedding_dim": 8,
    "patience": 50,
    "weight_decay": 1.5216237258472485e-06
  },
  "loss": 0.09549897019874053,
  "region_losses": {
    "india_4x4_120_144_168h": 0.09549897019874053
  }
}