{
  "hyperparams": {
    "batch_size": 16,
    "dropout_rate": 0.24607384883753938,
    "lead_time_embedding_dim": 32,
    "learning_rate": 2.3020710250617227e-05,
    "min_delta": 4.249601104789317e-06,
    "mlp_hidden_dim": 1024,
    "mlp_layers": 4,
    "month_embedding_dim": 16,
    "patience": 20,
    "weight_decay": 1.3751551667532151e-06
  },
  "loss": 0.06012783993253183,
  "region_losses": {
    "india_4x4_120_144_168h": 0.06012783993253183
  }
}