{
  "hyperparams": {
    "batch_size": 32,
    "dropout_rate": 0.11097729454005884,
    "lead_time_embedding_dim": 8,
    "learning_rate": 0.0012732780880737853,
    "min_delta": 1.2013335902618212e-06,
    "mlp_hidden_dim": 128,
    "mlp_layers": 4,
    "month_embedding_dim": 8,
    "patience": 70,
    "weight_decay": 2.786999549215878e-06
  },
  "loss": 0.06756709824142314,
  "region_losses": {
    "india_4x4_120_144_168h": 0.06756709824142314
  }
}