{
  "hyperparams": {
    "batch_size": 32,
    "dropout_rate": 0.04872941790588915,
    "lead_time_embedding_dim": 8,
    "learning_rate": 0.00015635431224810255,
    "min_delta": 1.3060882729579838e-06,
    "mlp_hidden_dim": 1024,
    "mlp_layers": 4,
    "month_embedding_dim": 8,
    "patience": 70,
    "weight_decay": 4.522647790682586e-06
  },
  "loss": 0.03188415197708899,
  "region_losses": {
    "india_4x4_120_144_168h": 0.03188415197708899
  }
}