{
  "hyperparams": {
    "batch_size": 64,
    "dropout_rate": 0.37818535585908486,
    "lead_time_embedding_dim": 32,
    "learning_rate": 6.158255965737987e-05,
    "min_delta": 6.078930531010686e-05,
    "mlp_hidden_dim": 1024,
    "mlp_layers": 5,
    "month_embedding_dim": 8,
    "patience": 50,
    "weight_decay": 1.8406386363893853e-06
  },
  "loss": 0.06815379272553246,
  "region_losses": {
    "india_4x4_120_144_168h": 0.06815379272553246
  }
}