{
  "hyperparams": {
    "batch_size": 32,
    "dropout_rate": 0.10748137077817291,
    "lead_time_embedding_dim": 16,
    "learning_rate": 0.00023871800302357096,
    "min_delta": 7.930905346977105e-06,
    "mlp_hidden_dim": 256,
    "mlp_layers": 4,
    "month_embedding_dim": 32,
    "patience": 50,
    "weight_decay": 1.0219068139618383e-06
  },
  "loss": 0.04434281121619379,
  "region_losses": {
    "india_4x4_120_144_168h": 0.04434281121619379
  }
}