{
  "hyperparams": {
    "batch_size": 32,
    "dropout_rate": 0.165013120891948,
    "lead_time_embedding_dim": 8,
    "learning_rate": 2.6212138728763567e-06,
    "min_delta": 1.29622051686432e-06,
    "mlp_hidden_dim": 1024,
    "mlp_layers": 4,
    "month_embedding_dim": 8,
    "patience": 70,
    "weight_decay": 8.422580080643835e-06
  },
  "loss": 0.08554373607295486,
  "region_losses": {
    "india_4x4_120_144_168h": 0.08554373607295486
  }
}