{
  "hyperparams": {
    "batch_size": 32,
    "dropout_rate": 0.014030525322578754,
    "lead_time_embedding_dim": 8,
    "learning_rate": 3.8398096245784685e-05,
    "min_delta": 6.543205494725758e-06,
    "mlp_hidden_dim": 1024,
    "mlp_layers": 4,
    "month_embedding_dim": 8,
    "patience": 50,
    "weight_decay": 1.832761961749512e-05
  },
  "loss": 0.04157077507857331,
  "region_losses": {
    "india_4x4_120_144_168h": 0.04157077507857331
  }
}