{
  "hyperparams": {
    "batch_size": 32,
    "dropout_rate": 0.12514374371311174,
    "lead_time_embedding_dim": 16,
    "learning_rate": 0.0018845736471356169,
    "min_delta": 0.0002979752042977806,
    "mlp_hidden_dim": 1024,
    "mlp_layers": 5,
    "month_embedding_dim": 16,
    "patience": 50,
    "weight_decay": 7.303829101157892e-05
  },
  "loss": 0.11680516726918783,
  "region_losses": {
    "india_4x4_120_144_168h": 0.11680516726918783
  }
}