{
  "hyperparams": {
    "batch_size": 16,
    "dropout_rate": 0.12859722349944436,
    "lead_time_embedding_dim": 32,
    "learning_rate": 5.452390063981153e-05,
    "min_delta": 4.754522911145625e-05,
    "mlp_hidden_dim": 1024,
    "mlp_layers": 4,
    "month_embedding_dim": 16,
    "patience": 20,
    "weight_decay": 2.298204738696677e-06
  },
  "loss": 0.036944263963560056,
  "region_losses": {
    "india_4x4_120_144_168h": 0.036944263963560056
  }
}