{
  "hyperparams": {
    "batch_size": 128,
    "dropout_rate": 0.01756702556077779,
    "lead_time_embedding_dim": 8,
    "learning_rate": 6.98300869185051e-05,
    "min_delta": 4.434787270735039e-06,
    "mlp_hidden_dim": 64,
    "mlp_layers": 7,
    "month_embedding_dim": 8,
    "patience": 50,
    "weight_decay": 6.033423864292807e-06
  },
  "loss": 0.09231662873140316,
  "region_losses": {
    "india_4x4_120_144_168h": 0.09231662873140316
  }
}