{
  "hyperparams": {
    "batch_size": 16,
    "dropout_rate": 0.16334098486680432,
    "lead_time_embedding_dim": 32,
    "learning_rate": 6.120845809019693e-05,
    "min_delta": 1.0207031919587847e-05,
    "mlp_hidden_dim": 1024,
    "mlp_layers": 4,
    "month_embedding_dim": 16,
    "patience": 70,
    "weight_decay": 2.1832640014186173e-06
  },
  "loss": 0.036644330886187286,
  "region_losses": {
    "india_4x4_120_144_168h": 0.036644330886187286
  }
}