{
  "hyperparams": {
    "batch_size": 16,
    "dropout_rate": 0.0337388042754212,
    "lead_time_embedding_dim": 4,
    "learning_rate": 8.68236124145427e-05,
    "min_delta": 0.0006664329851715552,
    "mlp_hidden_dim": 64,
    "mlp_layers": 6,
    "month_embedding_dim": 16,
    "patience": 20,
    "weight_decay": 6.2715135603303616e-06
  },
  "loss": 0.07007940754482153,
  "region_losses": {
    "india_4x4_120_144_168h": 0.07007940754482153
  }
}