{
  "hyperparams": {
    "batch_size": 64,
    "dropout_rate": 0.4387989607681999,
    "lead_time_embedding_dim": 32,
    "learning_rate": 0.009806626810646379,
    "min_delta": 0.00019541030414342792,
    "mlp_hidden_dim": 1024,
    "mlp_layers": 5,
    "month_embedding_dim": 32,
    "patience": 50,
    "weight_decay": 1.2171605312641468e-06
  },
  "loss": 1.134231259049965,
  "region_losses": {
    "india_4x4_120_144_168h": 1.134231259049965
  }
}