{
  "hyperparams": {
    "batch_size": 32,
    "dropout_rate": 0.0959493988824157,
    "lead_time_embedding_dim": 8,
    "learning_rate": 0.00021386900860759204,
    "min_delta": 1.1809712846181846e-06,
    "mlp_hidden_dim": 64,
    "mlp_layers": 4,
    "month_embedding_dim": 8,
    "patience": 30,
    "weight_decay": 1.8137873469350079e-06
  },
  "loss": 0.08474545654459917,
  "region_losses": {
    "india_4x4_120_144_168h": 0.08474545654459917
  }
}