{
  "hyperparams": {
    "batch_size": 16,
    "dropout_rate": 0.11352047333999296,
    "lead_time_embedding_dim": 8,
    "learning_rate": 0.00010596776326387254,
    "min_delta": 1.2088975584493224e-06,
    "mlp_hidden_dim": 1024,
    "mlp_layers": 4,
    "month_embedding_dim": 16,
    "patience": 70,
    "weight_decay": 8.421712235177955e-06
  },
  "loss": 0.03355047248841561,
  "region_losses": {
    "india_4x4_120_144_168h": 0.03355047248841561
  }
}