{
  "hyperparams": {
    "batch_size": 32,
    "dropout_rate": 0.06585614173723388,
    "lead_time_embedding_dim": 8,
    "learning_rate": 0.0011129469240114655,
    "min_delta": 1.6361419764787753e-06,
    "mlp_hidden_dim": 256,
    "mlp_layers": 4,
    "month_embedding_dim": 8,
    "patience": 50,
    "weight_decay": 1.0197430800511629e-06
  },
  "loss": 0.04822559434096974,
  "region_losses": {
    "india_4x4_120_144_168h": 0.04822559434096974
  }
}