{
  "hyperparams": {
    "batch_size": 64,
    "dropout_rate": 0.08371847116910291,
    "lead_time_embedding_dim": 32,
    "learning_rate": 0.00010927428873166806,
    "min_delta": 0.0001145989465033618,
    "mlp_hidden_dim": 128,
    "mlp_layers": 5,
    "month_embedding_dim": 8,
    "patience": 30,
    "weight_decay": 7.49747390753291e-05
  },
  "loss": 0.07414480833867981,
  "region_losses": {
    "india_4x4_120_144_168h": 0.07414480833867981
  }
}