{
  "hyperparams": {
    "batch_size": 32,
    "dropout_rate": 0.31564272907665586,
    "lead_time_embedding_dim": 16,
    "learning_rate": 0.0003586695443212784,
    "min_delta": 0.00014582613348443986,
    "mlp_hidden_dim": 512,
    "mlp_layers": 5,
    "month_embedding_dim": 8,
    "patience": 30,
    "weight_decay": 0.004644294699617951
  },
  "loss": 0.1958314331434027,
  "region_losses": {
    "india_4x4_120_144_168h": 0.1958314331434027
  }
}