{
  "hyperparams": {
    "batch_size": 128,
    "dropout_rate": 0.4654914586163276,
    "lead_time_embedding_dim": 32,
    "learning_rate": 0.00017081427455305695,
    "min_delta": 3.755900005253432e-06,
    "mlp_hidden_dim": 1024,
    "mlp_layers": 4,
    "month_embedding_dim": 8,
    "patience": 70,
    "weight_decay": 1.1354326706289573e-05
  },
  "loss": 0.08267629149136264,
  "region_losses": {
    "india_4x4_120_144_168h": 0.08267629149136264
  }
}