{
  "hyperparams": {
    "batch_size": 16,
    "dropout_rate": 0.14925701358064708,
    "lead_time_embedding_dim": 8,
    "learning_rate": 0.00011487615618488675,
    "min_delta": 2.760245694974205e-06,
    "mlp_hidden_dim": 1024,
    "mlp_layers": 4,
    "month_embedding_dim": 16,
    "patience": 70,
    "weight_decay": 1.0127269122410108e-06
  },
  "loss": 0.03104246549419248,
  "region_losses": {
    "india_4x4_120_144_168h": 0.03104246549419248
  }
}