{
  "hyperparams": {
    "batch_size": 64,
    "dropout_rate": 0.1108810279211427,
    "lead_time_embedding_dim": 32,
    "learning_rate": 8.880169983646221e-05,
    "min_delta": 0.00016180511366560983,
    "mlp_hidden_dim": 1024,
    "mlp_layers": 5,
    "month_embedding_dim": 16,
    "patience": 30,
    "weight_decay": 3.84583783052133e-06
  },
  "loss": 0.039093642274743504,
  "region_losses": {
    "india_4x4_120_144_168h": 0.039093642274743504
  }
}