{
  "hyperparams": {
    "batch_size": 128,
    "dropout_rate": 0.15245766596285726,
    "lead_time_embedding_dim": 8,
    "learning_rate": 0.005517034734786475,
    "min_delta": 0.00012076180964428599,
    "mlp_hidden_dim": 1024,
    "mlp_layers": 4,
    "month_embedding_dim": 16,
    "patience": 70,
    "weight_decay": 1.184949465054504e-06
  },
  "loss": 0.19337477307139395,
  "region_losses": {
    "india_4x4_120_144_168h": 0.19337477307139395
  }
}