{
  "hyperparams": {
    "batch_size": 16,
    "dropout_rate": 0.22560958177754592,
    "lead_time_embedding_dim": 8,
    "learning_rate": 0.001789406424461407,
    "min_delta": 1.8341195388182354e-06,
    "mlp_hidden_dim": 128,
    "mlp_layers": 3,
    "month_embedding_dim": 8,
    "patience": 30,
    "weight_decay": 6.616535977002943e-06
  },
  "loss": 0.11636161530243162,
  "region_losses": {
    "india_4x4_120_144_168h": 0.11636161530243162
  }
}