{
  "hyperparams": {
    "batch_size": 16,
    "dropout_rate": 0.23688722526227562,
    "lead_time_embedding_dim": 32,
    "learning_rate": 5.408339941856195e-06,
    "min_delta": 2.21466139254509e-05,
    "mlp_hidden_dim": 1024,
    "mlp_layers": 4,
    "month_embedding_dim": 32,
    "patience": 70,
    "weight_decay": 1.6194603496519367e-06
  },
  "loss": 0.0650845169850368,
  "region_losses": {
    "india_4x4_120_144_168h": 0.0650845169850368
  }
}