{
  "hyperparams": {
    "batch_size": 32,
    "dropout_rate": 0.024335100420242423,
    "lead_time_embedding_dim": 8,
    "learning_rate": 0.0003273766513779441,
    "min_delta": 1.5651632079132412e-06,
    "mlp_hidden_dim": 1024,
    "mlp_layers": 4,
    "month_embedding_dim": 8,
    "patience": 70,
    "weight_decay": 1.4048323322467129e-05
  },
  "loss": 0.03661861515178304,
  "region_losses": {
    "india_4x4_120_144_168h": 0.03661861515178304
  }
}