{
  "hyperparams": {
    "batch_size": 16,
    "dropout_rate": 0.11614780515835701,
    "lead_time_embedding_dim": 32,
    "learning_rate": 0.00014579289566883695,
    "min_delta": 3.1516462343326514e-05,
    "mlp_hidden_dim": 256,
    "mlp_layers": 4,
    "month_embedding_dim": 16,
    "patience": 20,
    "weight_decay": 1.2172127183037205e-06
  },
  "loss": 0.04408816930081563,
  "region_losses": {
    "india_4x4_120_144_168h": 0.04408816930081563
  }
}