{
  "hyperparams": {
    "batch_size": 16,
    "dropout_rate": 0.1828742852641535,
    "lead_time_embedding_dim": 8,
    "learning_rate": 0.00020484869601745056,
    "min_delta": 1.0049036300285472e-05,
    "mlp_hidden_dim": 64,
    "mlp_layers": 3,
    "month_embedding_dim": 16,
    "patience": 50,
    "weight_decay": 7.029602295025066e-06
  },
  "loss": 0.08900987579650485,
  "region_losses": {
    "india_4x4_120_144_168h": 0.08900987579650485
  }
}