{
  "hyperparams": {
    "batch_size": 128,
    "dropout_rate": 0.14553429230208256,
    "lead_time_embedding_dim": 32,
    "learning_rate": 0.0005531846839328136,
    "min_delta": 0.00045735033095126675,
    "mlp_hidden_dim": 128,
    "mlp_layers": 2,
    "month_embedding_dim": 4,
    "patience": 20,
    "weight_decay": 1.2846129491718975e-05
  },
  "loss": 0.06588843722591968,
  "region_losses": {
    "india_4x4_120_144_168h": 0.06588843722591968
  }
}