{
  "hyperparams": {
    "batch_size": 16,
    "dropout_rate": 0.37251631455319867,
    "lead_time_embedding_dim": 8,
    "learning_rate": 1.163587596924836e-06,
    "min_delta": 0.0005012901496507775,
    "mlp_hidden_dim": 1024,
    "mlp_layers": 6,
    "month_embedding_dim": 16,
    "patience": 20,
    "weight_decay": 0.000887616502117386
  },
  "loss": 0.1989508847975922,
  "region_losses": {
    "india_4x4_120_144_168h": 0.1989508847975922
  }
}