{
  "hyperparams": {
    "batch_size": 32,
    "dropout_rate": 0.13447870794108713,
    "lead_time_embedding_dim": 4,
    "learning_rate": 0.00041979281392479214,
    "min_delta": 4.034521174975711e-06,
    "mlp_hidden_dim": 256,
    "mlp_layers": 4,
    "month_embedding_dim": 8,
    "patience": 30,
    "weight_decay": 2.4929738124435242e-06
  },
  "loss": 0.048556594133274664,
  "region_losses": {
    "india_4x4_120_144_168h": 0.048556594133274664
  }
}