{
  "hyperparams": {
    "batch_size": 32,
    "dropout_rate": 0.28201717808780036,
    "lead_time_embedding_dim": 8,
    "learning_rate": 2.0009549500005954e-05,
    "min_delta": 0.00013058898839523944,
    "mlp_hidden_dim": 1024,
    "mlp_layers": 7,
    "month_embedding_dim": 32,
    "patience": 70,
    "weight_decay": 0.00039244226156503857
  },
  "loss": 0.08400802426082844,
  "region_losses": {
    "india_4x4_120_144_168h": 0.08400802426082844
  }
}