{
  "hyperparams": {
    "batch_size": 16,
    "dropout_rate": 0.17068826890007494,
    "lead_time_embedding_dim": 32,
    "learning_rate": 9.689995001414345e-05,
    "min_delta": 8.202368680636654e-06,
    "mlp_hidden_dim": 1024,
    "mlp_layers": 4,
    "month_embedding_dim": 32,
    "patience": 70,
    "weight_decay": 1.7729260254954531e-06
  },
  "loss": 0.03411947384707092,
  "region_losses": {
    "india_4x4_120_144_168h": 0.03411947384707092
  }
}