{
  "hyperparams": {
    "batch_size": 32,
    "dropout_rate": 0.12995274588198805,
    "lead_time_embedding_dim": 8,
    "learning_rate": 0.000187298400007109,
    "min_delta": 1.0066457473865323e-06,
    "mlp_hidden_dim": 1024,
    "mlp_layers": 6,
    "month_embedding_dim": 8,
    "patience": 30,
    "weight_decay": 5.4923672958264456e-06
  },
  "loss": 0.03385744487092257,
  "region_losses": {
    "india_4x4_120_144_168h": 0.03385744487092257
  }
}