{
  "hyperparams": {
    "batch_size": 32,
    "dropout_rate": 0.022842277597091835,
    "lead_time_embedding_dim": 32,
    "learning_rate": 0.0005626863718915403,
    "min_delta": 0.0004062410250803346,
    "mlp_hidden_dim": 1024,
    "mlp_layers": 3,
    "month_embedding_dim": 16,
    "patience": 20,
    "weight_decay": 1.0081751492076659e-05
  },
  "loss": 0.04684052062898294,
  "region_losses": {
    "india_4x4_120_144_168h": 0.04684052062898294
  }
}