{
  "hyperparams": {
    "batch_size": 32,
    "dropout_rate": 0.22574349575895278,
    "lead_time_embedding_dim": 4,
    "learning_rate": 2.2796726153850554e-05,
    "min_delta": 2.7542876627688657e-06,
    "mlp_hidden_dim": 512,
    "mlp_layers": 7,
    "month_embedding_dim": 16,
    "patience": 70,
    "weight_decay": 2.950847380398162e-06
  },
  "loss": 0.09229580237864082,
  "region_losses": {
    "india_4x4_120_144_168h": 0.09229580237864082
  }
}