{
  "hyperparams": {
    "batch_size": 32,
    "dropout_rate": 0.0026203392218382,
    "lead_time_embedding_dim": 8,
    "learning_rate": 7.404353588105235e-05,
    "min_delta": 3.7400579764269364e-06,
    "mlp_hidden_dim": 128,
    "mlp_layers": 3,
    "month_embedding_dim": 8,
    "patience": 70,
    "weight_decay": 1.2324654011875053e-05
  },
  "loss": 0.055770738786438484,
  "region_losses": {
    "india_4x4_120_144_168h": 0.055770738786438484
  }
}