{
  "hyperparams": {
    "batch_size": 64,
    "dropout_rate": 0.11426864378754359,
    "lead_time_embedding_dim": 16,
    "learning_rate": 0.00041959124075250585,
    "min_delta": 2.701329983699426e-06,
    "mlp_hidden_dim": 1024,
    "mlp_layers": 4,
    "month_embedding_dim": 32,
    "patience": 50,
    "weight_decay": 1.0037865761354669e-06
  },
  "loss": 0.030481641632072703,
  "region_losses": {
    "india_4x4_120_144_168h": 0.030481641632072703
  }
}