{
  "hyperparams": {
    "batch_size": 64,
    "dropout_rate": 0.122765529015959,
    "lead_time_embedding_dim": 4,
    "learning_rate": 0.0002939369194410076,
    "min_delta": 1.102429460318286e-05,
    "mlp_hidden_dim": 1024,
    "mlp_layers": 4,
    "month_embedding_dim": 8,
    "patience": 70,
    "weight_decay": 2.2599127592055986e-06
  },
  "loss": 0.03499894817055706,
  "region_losses": {
    "india_4x4_120_144_168h": 0.03499894817055706
  }
}