{
  "hyperparams": {
    "batch_size": 32,
    "dropout_rate": 0.001994968036032794,
    "lead_time_embedding_dim": 8,
    "learning_rate": 0.0005422074169923753,
    "min_delta": 1.0317920571158859e-06,
    "mlp_hidden_dim": 1024,
    "mlp_layers": 4,
    "month_embedding_dim": 8,
    "patience": 70,
    "weight_decay": 6.467220203394917e-06
  },
  "loss": 0.03388975297377145,
  "region_losses": {
    "india_4x4_120_144_168h": 0.03388975297377145
  }
}