{
  "hyperparams": {
    "batch_size": 128,
    "dropout_rate": 0.05852740267169935,
    "lead_time_embedding_dim": 32,
    "learning_rate": 1.8125481286214194e-05,
    "min_delta": 3.2362432397000434e-05,
    "mlp_hidden_dim": 1024,
    "mlp_layers": 3,
    "month_embedding_dim": 32,
    "patience": 70,
    "weight_decay": 2.5385757591981926e-06
  },
  "loss": 0.0575033620102299,
  "region_losses": {
    "india_4x4_120_144_168h": 0.0575033620102299
  }
}