{
  "hyperparams": {
    "batch_size": 32,
    "dropout_rate": 0.009711388848218178,
    "lead_time_embedding_dim": 8,
    "learning_rate": 0.00027764112466200795,
    "min_delta": 1.4545349722365789e-06,
    "mlp_hidden_dim": 1024,
    "mlp_layers": 4,
    "month_embedding_dim": 8,
    "patience": 50,
    "weight_decay": 4.253788831892855e-06
  },
  "loss": 0.0329491916962847,
  "region_losses": {
    "india_4x4_120_144_168h": 0.0329491916962847
  }
}