{
  "hyperparams": {
    "batch_size": 16,
    "dropout_rate": 0.16302466793570408,
    "lead_time_embedding_dim": 32,
    "learning_rate": 2.0969179078756946e-05,
    "min_delta": 0.00029040838034666907,
    "mlp_hidden_dim": 1024,
    "mlp_layers": 4,
    "month_embedding_dim": 16,
    "patience": 70,
    "weight_decay": 2.181341775328631e-06
  },
  "loss": 0.04585896771644399,
  "region_losses": {
    "india_4x4_120_144_168h": 0.04585896771644399
  }
}