{
  "hyperparams": {
    "batch_size": 32,
    "dropout_rate": 0.02971296493991116,
    "lead_time_embedding_dim": 8,
    "learning_rate": 0.00017215934339306256,
    "min_delta": 2.0333541528326025e-06,
    "mlp_hidden_dim": 1024,
    "mlp_layers": 4,
    "month_embedding_dim": 8,
    "patience": 70,
    "weight_decay": 2.2737794478853036e-05
  },
  "loss": 0.035028053981007716,
  "region_losses": {
    "india_4x4_120_144_168h": 0.035028053981007716
  }
}