{
  "hyperparams": {
    "batch_size": 128,
    "dropout_rate": 0.10956864190797964,
    "hidden_dim": 512,
    "lead_time_embedding_dim": 8,
    "learning_rate": 0.0010727915781948406,
    "min_delta": 0.0003571224413821472,
    "num_layers": 8,
    "patience": 15,
    "weight_decay": 2.521823896892579e-05
  },
  "loss": 0.4198569655418396,
  "epochs_trained": 210,
  "architecture": "mlp",
  "mode": "per_lt_snapshot",
  "snapshot_objective_runs": 3,
  "snapshot_epochs": 210,
  "n_snapshots": null,
  "cell_info": "india"
}