{
  "hyperparams": {
    "batch_size": 64,
    "dropout_rate": 0.1647205499899109,
    "hidden_dim": 128,
    "lead_time_embedding_dim": 4,
    "learning_rate": 0.0015785460843726672,
    "min_delta": 6.693768231832642e-05,
    "num_layers": 3,
    "patience": 15,
    "weight_decay": 0.0003720749258687544
  },
  "loss": 0.3953973650932312,
  "epochs_trained": 210,
  "architecture": "mlp",
  "mode": "per_lt_snapshot",
  "snapshot_objective_runs": 3,
  "snapshot_epochs": 210,
  "n_snapshots": null,
  "cell_info": "india"
}