{
  "hyperparams": {
    "batch_size": 64,
    "dropout_rate": 0.24433117701062032,
    "hidden_dim": 128,
    "lead_time_embedding_dim": 4,
    "learning_rate": 0.0008135597963719911,
    "min_delta": 4.0165010914759465e-05,
    "num_layers": 2,
    "patience": 15,
    "weight_decay": 0.00019868033495231468
  },
  "loss": 0.384344220161438,
  "epochs_trained": 210,
  "architecture": "mlp",
  "mode": "per_lt_snapshot",
  "snapshot_objective_runs": 3,
  "snapshot_epochs": 210,
  "n_snapshots": null,
  "cell_info": "india"
}