{
  "hyperparams": {
    "batch_size": 64,
    "dropout_rate": 0.11352893834269723,
    "hidden_dim": 64,
    "lead_time_embedding_dim": 16,
    "learning_rate": 4.4358412367697644e-05,
    "min_delta": 0.0004912119531523815,
    "num_layers": 3,
    "patience": 100,
    "weight_decay": 5.060963599150765e-06
  },
  "loss": 0.4277888834476471,
  "epochs_trained": 210,
  "architecture": "mlp",
  "mode": "per_lt_snapshot",
  "snapshot_objective_runs": 3,
  "snapshot_epochs": 210,
  "n_snapshots": null,
  "cell_info": "india"
}