{
  "hyperparams": {
    "batch_size": 64,
    "dropout_rate": 0.11609649861716424,
    "hidden_dim": 1024,
    "lead_time_embedding_dim": 8,
    "learning_rate": 4.171519990219398e-05,
    "min_delta": 0.00018187714546256497,
    "num_layers": 2,
    "patience": 100,
    "weight_decay": 5.897651796218002e-06
  },
  "loss": 0.3766361176967621,
  "epochs_trained": 210,
  "architecture": "mlp",
  "mode": "per_lt_snapshot",
  "snapshot_objective_runs": 3,
  "snapshot_epochs": 210,
  "n_snapshots": null,
  "cell_info": "india"
}