{
  "hyperparams": {
    "batch_size": 64,
    "dropout_rate": 0.10515220199845954,
    "hidden_dim": 256,
    "lead_time_embedding_dim": 8,
    "learning_rate": 0.00012614456261591197,
    "min_delta": 0.00014088698727180354,
    "num_layers": 6,
    "patience": 100,
    "weight_decay": 4.9065428763288016e-05
  },
  "loss": 0.41060012578964233,
  "epochs_trained": 210,
  "architecture": "mlp",
  "mode": "per_lt_snapshot",
  "snapshot_objective_runs": 3,
  "snapshot_epochs": 210,
  "n_snapshots": null,
  "cell_info": "india"
}