{
  "hyperparams": {
    "batch_size": 64,
    "dropout_rate": 0.10006289513360886,
    "hidden_dim": 64,
    "lead_time_embedding_dim": 8,
    "learning_rate": 1.2931391692105315e-05,
    "min_delta": 0.00019709924627663036,
    "num_layers": 4,
    "patience": 50,
    "weight_decay": 2.8566823466901215e-05
  },
  "loss": 0.46580803394317627,
  "epochs_trained": 210,
  "architecture": "mlp",
  "mode": "per_lt_snapshot",
  "snapshot_objective_runs": 3,
  "snapshot_epochs": 210,
  "n_snapshots": null,
  "cell_info": "india"
}