{
  "hyperparams": {
    "batch_size": 64,
    "dropout_rate": 0.2070791806232813,
    "hidden_dim": 128,
    "lead_time_embedding_dim": 16,
    "learning_rate": 0.0045237184487911305,
    "min_delta": 0.00031965894169018,
    "num_layers": 10,
    "patience": 100,
    "weight_decay": 1.1074401130732748e-06
  },
  "loss": 0.42014503479003906,
  "epochs_trained": 210,
  "architecture": "mlp",
  "mode": "per_lt_snapshot",
  "snapshot_objective_runs": 3,
  "snapshot_epochs": 210,
  "n_snapshots": null,
  "cell_info": "india"
}