{
  "hyperparams": {
    "batch_size": 128,
    "dropout_rate": 0.11934542484370254,
    "hidden_dim": 512,
    "lead_time_embedding_dim": 4,
    "learning_rate": 1.9968566709217214e-06,
    "min_delta": 0.000481341845385973,
    "num_layers": 2,
    "patience": 100,
    "weight_decay": 0.00016285884014140278
  },
  "loss": 0.4692976772785187,
  "epochs_trained": 210,
  "architecture": "mlp",
  "mode": "per_lt_snapshot",
  "snapshot_objective_runs": 3,
  "snapshot_epochs": 210,
  "n_snapshots": null,
  "cell_info": "india"
}