{
  "hyperparams": {
    "batch_size": 64,
    "dropout_rate": 0.25314225699935633,
    "hidden_dim": 128,
    "lead_time_embedding_dim": 4,
    "learning_rate": 1.7535352567922984e-05,
    "min_delta": 0.00010083108050324204,
    "num_layers": 5,
    "patience": 50,
    "weight_decay": 9.385914638167921e-05
  },
  "loss": 0.44524675607681274,
  "epochs_trained": 210,
  "architecture": "mlp",
  "mode": "per_lt_snapshot",
  "snapshot_objective_runs": 3,
  "snapshot_epochs": 210,
  "n_snapshots": null,
  "cell_info": "india"
}