{
  "hyperparams": {
    "batch_size": 256,
    "dropout_rate": 0.19521066145130225,
    "hidden_dim": 1024,
    "lead_time_embedding_dim": 4,
    "learning_rate": 3.7400449632012295e-05,
    "min_delta": 2.509756143873185e-05,
    "num_layers": 2,
    "patience": 15,
    "weight_decay": 0.00030336823750619823
  },
  "loss": 0.38667863607406616,
  "epochs_trained": 210,
  "architecture": "mlp",
  "mode": "per_lt_snapshot",
  "snapshot_objective_runs": 3,
  "snapshot_epochs": 210,
  "n_snapshots": null,
  "cell_info": "india"
}