{
  "hyperparams": {
    "batch_size": 64,
    "dropout_rate": 0.10940739388862292,
    "hidden_dim": 1024,
    "lead_time_embedding_dim": 8,
    "learning_rate": 9.109117907807794e-06,
    "min_delta": 0.00025473685164995844,
    "num_layers": 2,
    "patience": 100,
    "weight_decay": 2.0716394389829415e-05
  },
  "loss": 0.3944528102874756,
  "epochs_trained": 210,
  "architecture": "mlp",
  "mode": "per_lt_snapshot",
  "snapshot_objective_runs": 3,
  "snapshot_epochs": 210,
  "n_snapshots": null,
  "cell_info": "india"
}