{
  "hyperparams": {
    "batch_size": 64,
    "dropout_rate": 0.10115735109232196,
    "hidden_dim": 1024,
    "lead_time_embedding_dim": 8,
    "learning_rate": 8.618408301997543e-05,
    "min_delta": 0.0003195617784450529,
    "num_layers": 2,
    "patience": 100,
    "weight_decay": 7.169913069989355e-06
  },
  "loss": 0.3814879357814789,
  "epochs_trained": 210,
  "architecture": "mlp",
  "mode": "per_lt_snapshot",
  "snapshot_objective_runs": 3,
  "snapshot_epochs": 210,
  "n_snapshots": null,
  "cell_info": "india"
}