{
  "hyperparams": {
    "batch_size": 128,
    "dropout_rate": 0.1601165936244267,
    "hidden_dim": 1024,
    "lead_time_embedding_dim": 8,
    "learning_rate": 0.00020956485093929746,
    "min_delta": 0.00022279321695012886,
    "num_layers": 2,
    "patience": 20,
    "weight_decay": 1.144940182892608e-05
  },
  "loss": 0.38662877678871155,
  "epochs_trained": 210,
  "architecture": "mlp",
  "mode": "per_lt_snapshot",
  "snapshot_objective_runs": 3,
  "snapshot_epochs": 210,
  "n_snapshots": null,
  "cell_info": "india"
}