{
  "hyperparams": {
    "batch_size": 128,
    "dropout_rate": 0.14390649996837104,
    "hidden_dim": 256,
    "lead_time_embedding_dim": 16,
    "learning_rate": 8.116262766459358e-05,
    "min_delta": 2.1398746784117052e-05,
    "num_layers": 4,
    "patience": 100,
    "weight_decay": 3.978556017884354e-06
  },
  "loss": 0.40490278601646423,
  "epochs_trained": 210,
  "architecture": "mlp",
  "mode": "per_lt_snapshot",
  "snapshot_objective_runs": 3,
  "snapshot_epochs": 210,
  "n_snapshots": null,
  "cell_info": "india"
}