{
  "hyperparams": {
    "batch_size": 64,
    "dropout_rate": 0.17074541480131775,
    "hidden_dim": 1024,
    "lead_time_embedding_dim": 16,
    "learning_rate": 1.1375402031094275e-05,
    "min_delta": 0.00022948463894751522,
    "num_layers": 2,
    "patience": 30,
    "weight_decay": 1.382571076431266e-05
  },
  "loss": 0.39177823066711426,
  "epochs_trained": 210,
  "architecture": "mlp",
  "mode": "per_lt_snapshot",
  "snapshot_objective_runs": 3,
  "snapshot_epochs": 210,
  "n_snapshots": null,
  "cell_info": "india"
}