{
  "hyperparams": {
    "batch_size": 64,
    "dropout_rate": 0.1269187763346652,
    "hidden_dim": 1024,
    "lead_time_embedding_dim": 8,
    "learning_rate": 4.432074325020468e-05,
    "min_delta": 0.00044751142372012706,
    "num_layers": 3,
    "patience": 30,
    "weight_decay": 6.606140259805021e-06
  },
  "loss": 0.38580232858657837,
  "epochs_trained": 210,
  "architecture": "mlp",
  "mode": "per_lt_snapshot",
  "snapshot_objective_runs": 3,
  "snapshot_epochs": 210,
  "n_snapshots": null,
  "cell_info": "india"
}