{
  "hyperparams": {
    "batch_size": 64,
    "dropout_rate": 0.11176217603626967,
    "hidden_dim": 1024,
    "lead_time_embedding_dim": 8,
    "learning_rate": 5.262701763075802e-06,
    "min_delta": 0.0005581355705275604,
    "num_layers": 5,
    "patience": 100,
    "weight_decay": 1.351787627864636e-05
  },
  "loss": 0.4199329614639282,
  "epochs_trained": 210,
  "architecture": "mlp",
  "mode": "per_lt_snapshot",
  "snapshot_objective_runs": 3,
  "snapshot_epochs": 210,
  "n_snapshots": null,
  "cell_info": "india"
}