{
  "hyperparams": {
    "batch_size": 64,
    "dropout_rate": 0.16763132635829267,
    "hidden_dim": 1024,
    "lead_time_embedding_dim": 8,
    "learning_rate": 2.1058574971652325e-05,
    "min_delta": 0.0008582933940535004,
    "num_layers": 2,
    "patience": 100,
    "weight_decay": 1.040553171390652e-05
  },
  "loss": 0.3815012574195862,
  "epochs_trained": 210,
  "architecture": "mlp",
  "mode": "per_lt_snapshot",
  "snapshot_objective_runs": 3,
  "snapshot_epochs": 210,
  "n_snapshots": null,
  "cell_info": "india"
}