{
  "hyperparams": {
    "batch_size": 64,
    "dropout_rate": 0.2046097013573947,
    "hidden_dim": 256,
    "lead_time_embedding_dim": 16,
    "learning_rate": 0.0003022655881941961,
    "min_delta": 0.0005214814444652163,
    "num_layers": 4,
    "patience": 100,
    "weight_decay": 1.0068410672761584e-05
  },
  "loss": 0.3977360725402832,
  "epochs_trained": 210,
  "architecture": "mlp",
  "mode": "per_lt_snapshot",
  "snapshot_objective_runs": 3,
  "snapshot_epochs": 210,
  "n_snapshots": null,
  "cell_info": "india"
}