{
  "hyperparams": {
    "batch_size": 64,
    "dropout_rate": 0.12257537392453818,
    "hidden_dim": 1024,
    "lead_time_embedding_dim": 8,
    "learning_rate": 3.4744975673234185e-06,
    "min_delta": 0.0009529992113120393,
    "num_layers": 6,
    "patience": 100,
    "weight_decay": 5.537420304970221e-06
  },
  "loss": 0.4328116178512573,
  "epochs_trained": 210,
  "architecture": "mlp",
  "mode": "per_lt_snapshot",
  "snapshot_objective_runs": 3,
  "snapshot_epochs": 210,
  "n_snapshots": null,
  "cell_info": "india"
}