{
  "hyperparams": {
    "batch_size": 64,
    "dropout_rate": 0.19558390948439633,
    "hidden_dim": 1024,
    "lead_time_embedding_dim": 8,
    "learning_rate": 0.0003367504548795605,
    "min_delta": 0.0003788293095037782,
    "num_layers": 6,
    "patience": 100,
    "weight_decay": 4.2322146945250775e-06
  },
  "loss": 0.4115979075431824,
  "epochs_trained": 210,
  "architecture": "mlp",
  "mode": "per_lt_snapshot",
  "snapshot_objective_runs": 3,
  "snapshot_epochs": 210,
  "n_snapshots": null,
  "cell_info": "india"
}