{
  "hyperparams": {
    "batch_size": 64,
    "dropout_rate": 0.12682909409007395,
    "hidden_dim": 1024,
    "lead_time_embedding_dim": 8,
    "learning_rate": 3.369604594493674e-06,
    "min_delta": 0.0005692934988836962,
    "num_layers": 10,
    "patience": 100,
    "weight_decay": 2.4664959894809684e-06
  },
  "loss": 0.43529894948005676,
  "epochs_trained": 210,
  "architecture": "mlp",
  "mode": "per_lt_snapshot",
  "snapshot_objective_runs": 3,
  "snapshot_epochs": 210,
  "n_snapshots": null,
  "cell_info": "india"
}