{
  "hyperparams": {
    "batch_size": 256,
    "dropout_rate": 0.15556692175389444,
    "hidden_dim": 1024,
    "lead_time_embedding_dim": 16,
    "learning_rate": 4.6008123337473175e-06,
    "min_delta": 8.925492679637585e-05,
    "num_layers": 10,
    "patience": 100,
    "weight_decay": 5.864752776524745e-06
  },
  "loss": 0.45257413387298584,
  "epochs_trained": 210,
  "architecture": "mlp",
  "mode": "per_lt_snapshot",
  "snapshot_objective_runs": 3,
  "snapshot_epochs": 210,
  "n_snapshots": null,
  "cell_info": "india"
}