{
  "hyperparams": {
    "batch_size": 64,
    "dropout_rate": 0.2650489679689838,
    "hidden_dim": 128,
    "lead_time_embedding_dim": 4,
    "learning_rate": 0.0009460523604451635,
    "min_delta": 3.450657594717713e-05,
    "num_layers": 10,
    "patience": 15,
    "weight_decay": 0.0009878906809980923
  },
  "loss": 0.42323464155197144,
  "epochs_trained": 210,
  "architecture": "mlp",
  "mode": "per_lt_snapshot",
  "snapshot_objective_runs": 3,
  "snapshot_epochs": 210,
  "n_snapshots": null,
  "cell_info": "india"
}