{
  "hyperparams": {
    "batch_size": 128,
    "dropout_rate": 0.16324225045094007,
    "hidden_dim": 1024,
    "lead_time_embedding_dim": 8,
    "learning_rate": 2.5143038958488673e-06,
    "min_delta": 0.00014143096874175137,
    "num_layers": 2,
    "patience": 50,
    "weight_decay": 1.668139766877893e-06
  },
  "loss": 0.43886083364486694,
  "epochs_trained": 210,
  "architecture": "mlp",
  "mode": "per_lt_snapshot",
  "snapshot_objective_runs": 3,
  "snapshot_epochs": 210,
  "n_snapshots": null,
  "cell_info": "india"
}