{
  "hyperparams": {
    "batch_size": 256,
    "dropout_rate": 0.18188830619877153,
    "hidden_dim": 1024,
    "lead_time_embedding_dim": 4,
    "learning_rate": 5.4606000823723636e-05,
    "min_delta": 1.3017400904222574e-05,
    "num_layers": 3,
    "patience": 100,
    "weight_decay": 1.0320241755262198e-06
  },
  "loss": 0.3871307969093323,
  "epochs_trained": 210,
  "architecture": "mlp",
  "mode": "per_lt_snapshot",
  "snapshot_objective_runs": 3,
  "snapshot_epochs": 210,
  "n_snapshots": null,
  "cell_info": "india"
}