{
  "hyperparams": {
    "batch_size": 256,
    "dropout_rate": 0.1187200066576605,
    "hidden_dim": 64,
    "lead_time_embedding_dim": 8,
    "learning_rate": 0.0001493108465736839,
    "min_delta": 1.9668721581158593e-05,
    "patience": 20,
    "weight_decay": 2.560887701759536e-05
  },
  "loss": 0.057724387012207244,
  "epochs_trained": 178,
  "architecture": "unet"
}