{
  "hyperparams": {
    "batch_size": 256,
    "dropout_rate": 0.17335975441661938,
    "hidden_dim": 128,
    "lead_time_embedding_dim": 8,
    "learning_rate": 0.00087247626506068,
    "min_delta": 2.3241634384946135e-05,
    "patience": 20,
    "weight_decay": 3.9964635640313685e-05
  },
  "loss": 0.057075674094543324,
  "epochs_trained": 300,
  "architecture": "unet"
}