{
  "hyperparams": {
    "batch_size": 64,
    "dropout_rate": 0.06843186509812549,
    "hidden_dim": 128,
    "lead_time_embedding_dim": 8,
    "learning_rate": 0.0006525131082908956,
    "min_delta": 2.6119717953961604e-05,
    "patience": 25,
    "weight_decay": 5.88098650653455e-06
  },
  "loss": 0.05723972583776114,
  "epochs_trained": 174,
  "architecture": "unet"
}