{
  "hyperparams": {
    "batch_size": 256,
    "dropout_rate": 0.146484068252208,
    "hidden_dim": 128,
    "lead_time_embedding_dim": 8,
    "learning_rate": 0.0005954767766113548,
    "min_delta": 0.00016784802633127896,
    "patience": 30,
    "weight_decay": 1.807859130579711e-05
  },
  "loss": 0.056229285229826745,
  "epochs_trained": 274,
  "architecture": "unet"
}