{
  "hyperparams": {
    "batch_size": 128,
    "dropout_rate": 0.073911474557525,
    "hidden_dim": 128,
    "lead_time_embedding_dim": 16,
    "learning_rate": 0.0025133022656550308,
    "min_delta": 1.0012998934080844e-05,
    "patience": 20,
    "weight_decay": 0.0003740836043576331
  },
  "loss": 0.06449342201944042,
  "epochs_trained": 273,
  "architecture": "unet"
}