{
  "hyperparams": {
    "batch_size": 256,
    "dropout_rate": 0.06290739171436881,
    "hidden_dim": 64,
    "lead_time_embedding_dim": 8,
    "learning_rate": 0.00019839358036646457,
    "min_delta": 3.080084265362507e-05,
    "patience": 20,
    "weight_decay": 0.00010975829532864219
  },
  "loss": 0.05509877515550716,
  "epochs_trained": 210,
  "architecture": "unet"
}