{
  "hyperparams": {
    "batch_size": 256,
    "dropout_rate": 0.09694393064819404,
    "hidden_dim": 128,
    "lead_time_embedding_dim": 8,
    "learning_rate": 0.000495351393602914,
    "min_delta": 0.00011013674344329749,
    "patience": 30,
    "weight_decay": 0.00023859166476658373
  },
  "loss": 0.05803044587631539,
  "epochs_trained": 283,
  "architecture": "unet"
}