{
  "hyperparams": {
    "batch_size": 32,
    "dropout_rate": 0.1328482855520622,
    "hidden_dim": 64,
    "lead_time_embedding_dim": 4,
    "learning_rate": 1.8118315479859848e-05,
    "min_delta": 0.00042512855339442104,
    "patience": 30,
    "weight_decay": 0.0003909874557511248
  },
  "loss": 0.828201413154602,
  "epochs_trained": 31,
  "architecture": "unet"
}