{
  "hyperparams": {
    "T_0": 10,
    "T_mult": 1,
    "batch_size": 8,
    "dropout_rate": 0.089380648533397,
    "eta_min": 4.1266201375594484e-06,
    "lead_time_embedding_dim": 4,
    "learning_rate": 4.233631711784234e-05,
    "num_epochs": 300,
    "unet_hidden_dim": 16,
    "weight_decay": 0.0005747839054345159
  },
  "loss": 10000000000.0,
  "region_losses": {},
  "architecture": "unet"
}