{
  "hyperparams": {
    "batch_size": 32,
    "dropout_rate": 0.06873396303258111,
    "hidden_dim": 64,
    "lead_time_embedding_dim": 8,
    "learning_rate": 0.0017906213108867077,
    "min_delta": 1.083124585262706e-05,
    "patience": 50,
    "weight_decay": 8.113957222705426e-05
  },
  "loss": 0.06098317657525723,
  "epochs_trained": 275,
  "architecture": "unet"
}