{
  "hyperparams": {
    "batch_size": 64,
    "dropout_rate": 0.17792042862188362,
    "hidden_dim": 64,
    "lead_time_embedding_dim": 16,
    "learning_rate": 0.00043333411895522594,
    "min_delta": 5.020773250816259e-05,
    "patience": 25,
    "weight_decay": 0.00015059023801138667
  },
  "loss": 0.058916640426048356,
  "epochs_trained": 272,
  "architecture": "unet"
}