{
  "hyperparams": {
    "T_0": 10,
    "T_mult": 3,
    "batch_size": 8,
    "dropout_rate": 0.290136364697301,
    "eta_min": 2.9275109417815964e-07,
    "lead_time_embedding_dim": 8,
    "learning_rate": 2.1821124465087745e-05,
    "num_epochs": 300,
    "unet_hidden_dim": 64,
    "weight_decay": 0.00047244008552712024
  },
  "loss": 10000000000.0,
  "region_losses": {},
  "architecture": "unet"
}