{
  "hyperparams": {
    "batch_size": 256,
    "dropout_rate": 0.15064986318269458,
    "hidden_dim": 128,
    "lead_time_embedding_dim": 8,
    "learning_rate": 0.000280295713543836,
    "min_delta": 9.808212083654194e-05,
    "patience": 25,
    "weight_decay": 3.525918476828652e-05
  },
  "loss": 0.05805949765368179,
  "epochs_trained": 289,
  "architecture": "unet"
}