{
  "hyperparams": {
    "batch_size": 256,
    "dropout_rate": 0.08414075794155582,
    "hidden_dim": 64,
    "lead_time_embedding_dim": 8,
    "learning_rate": 0.00010044782173555393,
    "min_delta": 3.352110731766854e-05,
    "patience": 20,
    "weight_decay": 5.580509677614814e-05
  },
  "loss": 0.05837187534488196,
  "epochs_trained": 185,
  "architecture": "unet"
}