{
  "hyperparams": {
    "T_0": 30,
    "T_mult": 3,
    "batch_size": 8,
    "dropout_rate": 0.01601215026049293,
    "eta_min": 1.501894815588265e-08,
    "lead_time_embedding_dim": 32,
    "learning_rate": 1.447341997708947e-06,
    "num_epochs": 500,
    "unet_hidden_dim": 64,
    "weight_decay": 0.0012936009646900063
  },
  "loss": 10000000000.0,
  "region_losses": {},
  "architecture": "unet"
}