{
  "hyperparams": {
    "batch_size": 256,
    "dropout_rate": 0.0775073911805812,
    "hidden_dim": 128,
    "lead_time_embedding_dim": 8,
    "learning_rate": 0.0007909988662343415,
    "min_delta": 1.0529802169626755e-05,
    "patience": 20,
    "weight_decay": 0.0006183496202659733
  },
  "loss": 0.057463447020884344,
  "epochs_trained": 262,
  "architecture": "unet"
}