{
  "hyperparams": {
    "batch_size": 256,
    "dropout_rate": 0.05593122440042418,
    "hidden_dim": 64,
    "lead_time_embedding_dim": 4,
    "learning_rate": 7.96863604262008e-06,
    "min_delta": 0.0007153221917826139,
    "patience": 100,
    "weight_decay": 6.566881006209105e-05
  },
  "loss": 0.73430335521698,
  "epochs_trained": 101,
  "architecture": "unet"
}