{
  "hyperparams": {
    "batch_size": 64,
    "dropout_rate": 0.08846066186801545,
    "hidden_dim": 128,
    "lead_time_embedding_dim": 4,
    "learning_rate": 0.001745755044620152,
    "min_delta": 0.00022768694863888186,
    "patience": 50,
    "weight_decay": 0.001381145419940819
  },
  "loss": 0.8173554539680481,
  "epochs_trained": 51,
  "architecture": "unet"
}