{
  "hyperparams": {
    "batch_size": 128,
    "dropout_rate": 0.11345711119389287,
    "hidden_dim": 128,
    "lead_time_embedding_dim": 8,
    "learning_rate": 0.0014617713238118531,
    "min_delta": 6.410114565790286e-05,
    "patience": 30,
    "weight_decay": 9.88065089707895e-06
  },
  "loss": 0.05880348411020248,
  "epochs_trained": 300,
  "architecture": "unet"
}