{
  "hyperparams": {
    "batch_size": 64,
    "dropout_rate": 0.11071144171917652,
    "hidden_dim": 128,
    "lead_time_embedding_dim": 16,
    "learning_rate": 0.00012142599639654251,
    "min_delta": 0.0002696177704409149,
    "patience": 30,
    "weight_decay": 3.2489867483924235e-06
  },
  "loss": 0.05751801232325027,
  "epochs_trained": 163,
  "architecture": "unet"
}