{
  "hyperparams": {
    "T_0": 20,
    "T_mult": 3,
    "batch_size": 32,
    "dropout_rate": 0.1542593020274906,
    "eta_min": 1.468489779481672e-08,
    "lead_time_embedding_dim": 8,
    "learning_rate": 2.0266777816825105e-06,
    "num_epochs": 200,
    "unet_hidden_dim": 32,
    "weight_decay": 0.009166146506337914
  },
  "loss": 10000000000.0,
  "region_losses": {},
  "architecture": "unet"
}