{
  "hyperparams": {
    "batch_size": 32,
    "dropout_rate": 0.0861070006314037,
    "hidden_dim": 64,
    "lead_time_embedding_dim": 16,
    "learning_rate": 2.6857769971306854e-06,
    "min_delta": 0.0003377824691511561,
    "patience": 50,
    "weight_decay": 4.506490715348701e-06
  },
  "loss": 0.7438578605651855,
  "epochs_trained": 51,
  "architecture": "unet"
}