{
  "hyperparams": {
    "batch_size": 64,
    "dropout_rate": 0.2935971749501531,
    "hidden_dim": 1024,
    "lead_time_embedding_dim": 4,
    "learning_rate": 0.00022672031058236066,
    "min_delta": 3.8549801597343265e-05,
    "num_layers": 4,
    "patience": 100,
    "weight_decay": 0.0002279464414445599
  },
  "loss": 0.34107101952456775,
  "epochs_trained": 299,
  "architecture": "mlp",
  "mode": "early-stopping",
  "snapshot_objective_runs": null,
  "snapshot_epochs": 210,
  "n_snapshots": null,
  "cell_info": "india"
}