{
  "hyperparams": {
    "batch_size": 256,
    "dropout_rate": 0.22732553311794407,
    "hidden_dim": 1024,
    "lead_time_embedding_dim": 4,
    "learning_rate": 0.00023197349654434726,
    "min_delta": 2.277320449398738e-05,
    "num_layers": 3,
    "patience": 50,
    "weight_decay": 0.0005066026901343948
  },
  "loss": 0.3425086663707716,
  "epochs_trained": 298,
  "architecture": "mlp",
  "mode": "early-stopping",
  "snapshot_objective_runs": null,
  "snapshot_epochs": 210,
  "n_snapshots": null,
  "cell_info": "india"
}