{
  "hyperparams": {
    "batch_size": 64,
    "dropout_rate": 0.26809799094782033,
    "hidden_dim": 64,
    "lead_time_embedding_dim": 8,
    "learning_rate": 0.0001401907436608361,
    "min_delta": 0.00018575311020113035,
    "num_layers": 2,
    "patience": 50,
    "weight_decay": 0.00014792494305403942
  },
  "loss": 0.35952573394066134,
  "epochs_trained": 287,
  "architecture": "mlp",
  "mode": "early-stopping",
  "snapshot_objective_runs": null,
  "snapshot_epochs": 210,
  "n_snapshots": null,
  "cell_info": "india"
}