{
  "hyperparams": {
    "batch_size": 64,
    "dropout_rate": 0.22365625773253844,
    "hidden_dim": 1024,
    "lead_time_embedding_dim": 16,
    "learning_rate": 0.0027851589566271697,
    "min_delta": 0.0009258412782493332,
    "num_layers": 2,
    "patience": 50,
    "weight_decay": 0.0003137022881396263
  },
  "loss": 0.3496242826399596,
  "epochs_trained": 300,
  "architecture": "mlp",
  "mode": "early-stopping",
  "snapshot_objective_runs": null,
  "snapshot_epochs": 210,
  "n_snapshots": null,
  "cell_info": "india"
}