{
  "hyperparams": {
    "batch_size": 256,
    "dropout_rate": 0.27018898672441766,
    "hidden_dim": 128,
    "lead_time_embedding_dim": 16,
    "learning_rate": 1.1002326341876098e-05,
    "min_delta": 0.00011607460084987417,
    "num_layers": 2,
    "patience": 50,
    "weight_decay": 6.2515143527393485e-06
  },
  "loss": 0.3948501714034266,
  "epochs_trained": 300,
  "architecture": "mlp",
  "mode": "early-stopping",
  "snapshot_objective_runs": null,
  "snapshot_epochs": 210,
  "n_snapshots": null,
  "cell_info": "india"
}