{
  "hyperparams": {
    "batch_size": 128,
    "dropout_rate": 0.16157650195050866,
    "hidden_dim": 128,
    "lead_time_embedding_dim": 8,
    "learning_rate": 0.00027152409760931845,
    "min_delta": 0.00024998849145131674,
    "num_layers": 8,
    "patience": 100,
    "weight_decay": 2.8561907602317052e-05
  },
  "loss": 0.39197404522372054,
  "epochs_trained": 300,
  "architecture": "mlp",
  "mode": "early-stopping",
  "snapshot_objective_runs": null,
  "snapshot_epochs": 210,
  "n_snapshots": null,
  "cell_info": "india"
}