{
  "hyperparams": {
    "batch_size": 64,
    "dropout_rate": 0.26224518214678116,
    "hidden_dim": 1024,
    "lead_time_embedding_dim": 4,
    "learning_rate": 0.0004257600201471943,
    "min_delta": 0.00031440848707421615,
    "num_layers": 3,
    "patience": 100,
    "weight_decay": 6.047731464582805e-06
  },
  "loss": 0.348515399465299,
  "epochs_trained": 122,
  "architecture": "mlp",
  "mode": "early-stopping",
  "snapshot_objective_runs": null,
  "snapshot_epochs": 210,
  "n_snapshots": null,
  "cell_info": "india"
}