{
  "hyperparams": {
    "batch_size": 128,
    "dropout_rate": 0.18959264214542446,
    "hidden_dim": 512,
    "lead_time_embedding_dim": 16,
    "learning_rate": 0.00026869759074132167,
    "min_delta": 1.4587000190262492e-05,
    "num_layers": 2,
    "patience": 20,
    "weight_decay": 2.0691430703509413e-05
  },
  "loss": 0.33388359166119136,
  "epochs_trained": 93,
  "architecture": "mlp",
  "mode": "early-stopping",
  "snapshot_objective_runs": null,
  "snapshot_epochs": 210,
  "n_snapshots": null,
  "cell_info": "india"
}