{
  "hyperparams": {
    "batch_size": 64,
    "dropout_rate": 0.24096036336145069,
    "hidden_dim": 1024,
    "lead_time_embedding_dim": 4,
    "learning_rate": 0.0027212681507100592,
    "min_delta": 2.4295819436720796e-05,
    "num_layers": 2,
    "patience": 100,
    "weight_decay": 0.0008293076131902431
  },
  "loss": 0.3708081037419884,
  "epochs_trained": 300,
  "architecture": "mlp",
  "mode": "early-stopping",
  "snapshot_objective_runs": null,
  "snapshot_epochs": 210,
  "n_snapshots": null,
  "cell_info": "india"
}