{
  "hyperparams": {
    "batch_size": 64,
    "dropout_rate": 0.24420756977804509,
    "hidden_dim": 128,
    "lead_time_embedding_dim": 4,
    "learning_rate": 0.0013992589394244191,
    "min_delta": 0.00020199575919843614,
    "num_layers": 4,
    "patience": 100,
    "weight_decay": 2.182989918215359e-06
  },
  "loss": 0.35904092224020706,
  "epochs_trained": 300,
  "architecture": "mlp",
  "mode": "early-stopping",
  "snapshot_objective_runs": null,
  "snapshot_epochs": 210,
  "n_snapshots": null,
  "cell_info": "india"
}