{
  "hyperparams": {
    "batch_size": 128,
    "dropout_rate": 0.25588011985348147,
    "hidden_dim": 512,
    "lead_time_embedding_dim": 4,
    "learning_rate": 8.003966004091908e-06,
    "min_delta": 0.00048441142768805687,
    "num_layers": 3,
    "patience": 25,
    "weight_decay": 0.00012530137595836497
  },
  "loss": 0.36428569240209985,
  "epochs_trained": 300,
  "architecture": "mlp",
  "mode": "early-stopping",
  "snapshot_objective_runs": null,
  "snapshot_epochs": 210,
  "n_snapshots": null,
  "cell_info": "india"
}