{
  "hyperparams": {
    "batch_size": 64,
    "dropout_rate": 0.21425692182848202,
    "hidden_dim": 1024,
    "lead_time_embedding_dim": 4,
    "learning_rate": 0.00011775571338383754,
    "min_delta": 1.9306924671925398e-05,
    "num_layers": 2,
    "patience": 100,
    "weight_decay": 0.0009977500979027269
  },
  "loss": 0.34513818610723834,
  "epochs_trained": 300,
  "architecture": "mlp",
  "mode": "early-stopping",
  "snapshot_objective_runs": null,
  "snapshot_epochs": 210,
  "n_snapshots": null,
  "cell_info": "india"
}