{
  "hyperparams": {
    "batch_size": 64,
    "dropout_rate": 0.1329314285412308,
    "hidden_dim": 1024,
    "lead_time_embedding_dim": 16,
    "learning_rate": 0.0006684161146355357,
    "min_delta": 0.00014466158452770126,
    "num_layers": 2,
    "patience": 100,
    "weight_decay": 1.2803177625521099e-05
  },
  "loss": 0.3473339815297989,
  "epochs_trained": 109,
  "architecture": "mlp",
  "mode": "early-stopping",
  "snapshot_objective_runs": null,
  "snapshot_epochs": 210,
  "n_snapshots": null,
  "cell_info": "india"
}