{
  "hyperparams": {
    "batch_size": 128,
    "dropout_rate": 0.2273731362863335,
    "hidden_dim": 64,
    "lead_time_embedding_dim": 16,
    "learning_rate": 2.6320725486079024e-05,
    "min_delta": 0.00021041796215242041,
    "num_layers": 2,
    "patience": 50,
    "weight_decay": 0.00013366542294655746
  },
  "loss": 0.37990077232059677,
  "epochs_trained": 300,
  "architecture": "mlp",
  "mode": "early-stopping",
  "snapshot_objective_runs": null,
  "snapshot_epochs": 210,
  "n_snapshots": null,
  "cell_info": "india"
}