{
  "hyperparams": {
    "batch_size": 64,
    "dropout_rate": 0.22252372390609065,
    "hidden_dim": 64,
    "lead_time_embedding_dim": 4,
    "learning_rate": 0.00016012929311681824,
    "min_delta": 0.0002594740048649122,
    "num_layers": 10,
    "patience": 30,
    "weight_decay": 0.00019408600920938586
  },
  "loss": 0.41919505712096694,
  "epochs_trained": 149,
  "architecture": "mlp",
  "mode": "early-stopping",
  "snapshot_objective_runs": null,
  "snapshot_epochs": 210,
  "n_snapshots": null,
  "cell_info": "india"
}