{
  "hyperparams": {
    "batch_size": 64,
    "dropout_rate": 0.28693730254498906,
    "hidden_dim": 1024,
    "lead_time_embedding_dim": 4,
    "learning_rate": 0.00013940120273880246,
    "min_delta": 2.960888815916266e-05,
    "num_layers": 10,
    "patience": 20,
    "weight_decay": 0.00039640560000857674
  },
  "loss": 0.409368280892514,
  "epochs_trained": 230,
  "architecture": "mlp",
  "mode": "early-stopping",
  "snapshot_objective_runs": null,
  "snapshot_epochs": 210,
  "n_snapshots": null,
  "cell_info": "india"
}