{
  "hyperparams": {
    "batch_size": 256,
    "dropout_rate": 0.24995721944018,
    "hidden_dim": 256,
    "lead_time_embedding_dim": 16,
    "learning_rate": 0.00024498801738110656,
    "min_delta": 3.5849671066169107e-05,
    "num_layers": 8,
    "patience": 30,
    "weight_decay": 0.00010019809739874896
  },
  "loss": 0.4042561224041596,
  "epochs_trained": 131,
  "architecture": "mlp",
  "mode": "early-stopping",
  "snapshot_objective_runs": null,
  "snapshot_epochs": 210,
  "n_snapshots": null,
  "cell_info": "india"
}