{
  "hyperparams": {
    "batch_size": 64,
    "dropout_rate": 0.2906925357519166,
    "hidden_dim": 1024,
    "lead_time_embedding_dim": 4,
    "learning_rate": 0.0012652863948315776,
    "min_delta": 5.627605174516726e-05,
    "num_layers": 2,
    "patience": 50,
    "weight_decay": 0.0009777013811692933
  },
  "loss": 0.35214027162274725,
  "epochs_trained": 300,
  "architecture": "mlp",
  "mode": "early-stopping",
  "snapshot_objective_runs": null,
  "snapshot_epochs": 210,
  "n_snapshots": null,
  "cell_info": "india"
}