{
  "hyperparams": {
    "batch_size": 256,
    "dropout_rate": 0.2945740347498802,
    "hidden_dim": 64,
    "lead_time_embedding_dim": 16,
    "learning_rate": 4.464351474365186e-05,
    "min_delta": 0.0001001511688208654,
    "num_layers": 3,
    "patience": 50,
    "weight_decay": 0.00011082100095475062
  },
  "loss": 0.39223124322138336,
  "epochs_trained": 300,
  "architecture": "mlp",
  "mode": "early-stopping",
  "snapshot_objective_runs": null,
  "snapshot_epochs": 210,
  "n_snapshots": null,
  "cell_info": "india"
}