{
  "hyperparams": {
    "batch_size": 64,
    "dropout_rate": 0.27171152500231455,
    "hidden_dim": 1024,
    "lead_time_embedding_dim": 4,
    "learning_rate": 0.000585697225186649,
    "min_delta": 6.482166177411612e-05,
    "num_layers": 6,
    "patience": 100,
    "weight_decay": 0.00017144898571569452
  },
  "loss": 0.35926253933382796,
  "epochs_trained": 300,
  "architecture": "mlp",
  "mode": "early-stopping",
  "snapshot_objective_runs": null,
  "snapshot_epochs": 210,
  "n_snapshots": null,
  "cell_info": "india"
}