{
  "hyperparams": {
    "batch_size": 64,
    "dropout_rate": 0.26950939764617043,
    "hidden_dim": 1024,
    "lead_time_embedding_dim": 4,
    "learning_rate": 7.447809593019378e-05,
    "min_delta": 0.00012747179342287939,
    "num_layers": 2,
    "patience": 100,
    "weight_decay": 0.00015700304532036081
  },
  "loss": 0.33148724018027087,
  "epochs_trained": 300,
  "architecture": "mlp",
  "mode": "early-stopping",
  "snapshot_objective_runs": null,
  "snapshot_epochs": 210,
  "n_snapshots": null,
  "cell_info": "india"
}