{
  "hyperparams": {
    "batch_size": 256,
    "dropout_rate": 0.15519276066681037,
    "hidden_dim": 1024,
    "lead_time_embedding_dim": 4,
    "learning_rate": 1.198995591111489e-06,
    "min_delta": 0.00042137796212318273,
    "num_layers": 4,
    "patience": 100,
    "weight_decay": 1.220303759669335e-06
  },
  "loss": 0.41180677040217945,
  "epochs_trained": 300,
  "architecture": "mlp",
  "mode": "early-stopping",
  "snapshot_objective_runs": null,
  "snapshot_epochs": 210,
  "n_snapshots": null,
  "cell_info": "india"
}