{
  "hyperparams": {
    "batch_size": 64,
    "dropout_rate": 0.13149439424575127,
    "hidden_dim": 1024,
    "lead_time_embedding_dim": 16,
    "learning_rate": 3.1899026465948676e-05,
    "min_delta": 0.000203763452128088,
    "num_layers": 2,
    "patience": 100,
    "weight_decay": 1.605779461093048e-05
  },
  "loss": 0.33375663451799265,
  "epochs_trained": 274,
  "architecture": "mlp",
  "mode": "early-stopping",
  "snapshot_objective_runs": null,
  "snapshot_epochs": 210,
  "n_snapshots": null,
  "cell_info": "india"
}