{
  "hyperparams": {
    "batch_size": 64,
    "dropout_rate": 0.25996153648468123,
    "hidden_dim": 1024,
    "lead_time_embedding_dim": 4,
    "learning_rate": 0.0008599101154173734,
    "min_delta": 1.4849862983684787e-05,
    "num_layers": 2,
    "patience": 100,
    "weight_decay": 0.00034802720543243847
  },
  "loss": 0.336244416386912,
  "epochs_trained": 300,
  "architecture": "mlp",
  "mode": "early-stopping",
  "snapshot_objective_runs": null,
  "snapshot_epochs": 210,
  "n_snapshots": null,
  "cell_info": "india"
}