{
  "hyperparams": {
    "batch_size": 64,
    "dropout_rate": 0.1972172655856983,
    "hidden_dim": 1024,
    "lead_time_embedding_dim": 16,
    "learning_rate": 0.00010325851715351351,
    "min_delta": 2.707577411288833e-05,
    "num_layers": 2,
    "patience": 50,
    "weight_decay": 3.4086358158357205e-05
  },
  "loss": 0.33373713186458265,
  "epochs_trained": 124,
  "architecture": "mlp",
  "mode": "early-stopping",
  "snapshot_objective_runs": null,
  "snapshot_epochs": 210,
  "n_snapshots": null,
  "cell_info": "india"
}