{
  "hyperparams": {
    "batch_size": 128,
    "dropout_rate": 0.27469146569250236,
    "hidden_dim": 1024,
    "lead_time_embedding_dim": 4,
    "learning_rate": 5.592564958539418e-05,
    "min_delta": 1.512141969914892e-05,
    "num_layers": 10,
    "patience": 100,
    "weight_decay": 0.0002640033186150812
  },
  "loss": 0.4055330939505684,
  "epochs_trained": 262,
  "architecture": "mlp",
  "mode": "early-stopping",
  "snapshot_objective_runs": null,
  "snapshot_epochs": 210,
  "n_snapshots": null,
  "cell_info": "india"
}