{
  "hyperparams": {
    "batch_size": 64,
    "dropout_rate": 0.23938486029095085,
    "hidden_dim": 1024,
    "lead_time_embedding_dim": 4,
    "learning_rate": 0.00013480094128743653,
    "min_delta": 6.664778540630815e-05,
    "num_layers": 2,
    "patience": 100,
    "weight_decay": 0.00026847688015499334
  },
  "loss": 0.33189602697468457,
  "epochs_trained": 237,
  "architecture": "mlp",
  "mode": "early-stopping",
  "snapshot_objective_runs": null,
  "snapshot_epochs": 210,
  "n_snapshots": null,
  "cell_info": "india"
}