{
  "hyperparams": {
    "batch_size": 64,
    "dropout_rate": 0.13472765520600047,
    "hidden_dim": 1024,
    "lead_time_embedding_dim": 8,
    "learning_rate": 0.00022542635451538702,
    "min_delta": 0.0008439010636045357,
    "num_layers": 3,
    "patience": 30,
    "weight_decay": 9.658979342575714e-05
  },
  "loss": 0.35412560011211197,
  "epochs_trained": 133,
  "architecture": "mlp"
}