{
  "hyperparams": {
    "batch_size": 64,
    "dropout_rate": 0.14328001256765818,
    "hidden_dim": 1024,
    "lead_time_embedding_dim": 8,
    "learning_rate": 0.003863302141781991,
    "min_delta": 0.0009417711555235768,
    "num_layers": 3,
    "patience": 30,
    "weight_decay": 2.9903032778273444e-06
  },
  "loss": 0.3803743395434364,
  "epochs_trained": 300,
  "architecture": "mlp"
}