{
  "hyperparams": {
    "batch_size": 64,
    "dropout_rate": 0.1249879529756574,
    "hidden_dim": 1024,
    "lead_time_embedding_dim": 16,
    "learning_rate": 0.00016621973433335677,
    "min_delta": 3.079546674507818e-05,
    "num_layers": 2,
    "patience": 20,
    "weight_decay": 3.538581675247087e-05
  },
  "loss": 0.3491043717828441,
  "epochs_trained": 136,
  "architecture": "mlp"
}