{
  "hyperparams": {
    "batch_size": 64,
    "dropout_rate": 0.10863618195071612,
    "hidden_dim": 1024,
    "lead_time_embedding_dim": 8,
    "learning_rate": 0.0005832088129503276,
    "min_delta": 0.0002007916079538686,
    "num_layers": 2,
    "patience": 20,
    "weight_decay": 1.969843858892675e-05
  },
  "loss": 0.36347765378330066,
  "epochs_trained": 83,
  "architecture": "mlp"
}