{
  "hyperparams": {
    "batch_size": 128,
    "dropout_rate": 0.22123761992474647,
    "hidden_dim": 128,
    "lead_time_embedding_dim": 8,
    "learning_rate": 0.00010649991609690124,
    "min_delta": 0.0005862141543442361,
    "num_layers": 6,
    "patience": 15,
    "weight_decay": 2.4190921715448964e-05
  },
  "loss": 0.4248245444395995,
  "epochs_trained": 207,
  "architecture": "mlp"
}