{
  "hyperparams": {
    "batch_size": 64,
    "dropout_rate": 0.19986435342842068,
    "hidden_dim": 64,
    "lead_time_embedding_dim": 8,
    "learning_rate": 0.00010729857344062197,
    "min_delta": 9.291980470692385e-05,
    "num_layers": 6,
    "patience": 30,
    "weight_decay": 0.0002134418845136128
  },
  "loss": 0.4432529836415699,
  "epochs_trained": 300,
  "architecture": "mlp"
}