{
  "hyperparams": {
    "batch_size": 64,
    "dropout_rate": 0.17504061805936977,
    "hidden_dim": 1024,
    "lead_time_embedding_dim": 32,
    "learning_rate": 0.00020100872031767443,
    "min_delta": 0.00017366824248643694,
    "num_layers": 2,
    "patience": 20,
    "weight_decay": 6.38011466865573e-05
  },
  "loss": 0.34858447313308716,
  "epochs_trained": 146,
  "architecture": "mlp"
}