{
  "hyperparams": {
    "batch_size": 64,
    "dropout_rate": 0.16283280871725148,
    "hidden_dim": 1024,
    "lead_time_embedding_dim": 32,
    "learning_rate": 0.00015729679872432213,
    "min_delta": 6.170679738861455e-05,
    "num_layers": 2,
    "patience": 30,
    "weight_decay": 4.7776123276682365e-05
  },
  "loss": 0.3483885147478815,
  "epochs_trained": 141,
  "architecture": "mlp"
}