{
  "hyperparams": {
    "batch_size": 64,
    "dropout_rate": 0.19116187714208782,
    "hidden_dim": 1024,
    "lead_time_embedding_dim": 32,
    "learning_rate": 0.007018127703396448,
    "min_delta": 5.4289096740108825e-05,
    "num_layers": 2,
    "patience": 30,
    "weight_decay": 7.978201135213462e-05
  },
  "loss": 0.4212623035334886,
  "epochs_trained": 300,
  "architecture": "mlp"
}