{
  "hyperparams": {
    "batch_size": 64,
    "dropout_rate": 0.12761006431070165,
    "hidden_dim": 1024,
    "lead_time_embedding_dim": 8,
    "learning_rate": 0.0001437573144399147,
    "min_delta": 0.0001713710310218923,
    "num_layers": 3,
    "patience": 30,
    "weight_decay": 1.2600223657723819e-05
  },
  "loss": 0.3537703696595722,
  "epochs_trained": 161,
  "architecture": "mlp"
}