{
  "hyperparams": {
    "batch_size": 128,
    "dropout_rate": 0.12432285613031413,
    "hidden_dim": 1024,
    "lead_time_embedding_dim": 16,
    "learning_rate": 0.0003926905737194014,
    "min_delta": 0.0004096930975635112,
    "num_layers": 4,
    "patience": 25,
    "weight_decay": 2.993043388078885e-06
  },
  "loss": 0.36869686766947435,
  "epochs_trained": 111,
  "architecture": "mlp"
}