{
  "hyperparams": {
    "batch_size": 64,
    "dropout_rate": 0.10999350674075584,
    "hidden_dim": 1024,
    "lead_time_embedding_dim": 8,
    "learning_rate": 0.0006099260282660617,
    "min_delta": 0.0006252927257934629,
    "num_layers": 2,
    "patience": 25,
    "weight_decay": 0.00024188650994161332
  },
  "loss": 0.3543358914366576,
  "epochs_trained": 116,
  "architecture": "mlp"
}