{
  "hyperparams": {
    "batch_size": 128,
    "dropout_rate": 0.11206496231973591,
    "hidden_dim": 512,
    "lead_time_embedding_dim": 32,
    "learning_rate": 0.00017478991694326335,
    "min_delta": 6.340387978007105e-05,
    "num_layers": 4,
    "patience": 25,
    "weight_decay": 1.126133979576726e-05
  },
  "loss": 0.3672713475723834,
  "epochs_trained": 133,
  "architecture": "mlp"
}