{
  "hyperparams": {
    "batch_size": 64,
    "dropout_rate": 0.18243877092595878,
    "hidden_dim": 1024,
    "lead_time_embedding_dim": 8,
    "learning_rate": 0.0024625383417952655,
    "min_delta": 6.724658691825373e-05,
    "num_layers": 2,
    "patience": 20,
    "weight_decay": 0.00025846413772816207
  },
  "loss": 0.3857168369762412,
  "epochs_trained": 269,
  "architecture": "mlp"
}