{
  "hyperparams": {
    "batch_size": 256,
    "dropout_rate": 0.2238197835583329,
    "hidden_dim": 512,
    "lead_time_embedding_dim": 16,
    "learning_rate": 0.0001923731387751343,
    "min_delta": 1.6800691192750105e-05,
    "num_layers": 2,
    "patience": 20,
    "weight_decay": 2.6121936487384967e-06
  },
  "loss": 0.35620844159573656,
  "epochs_trained": 172,
  "architecture": "mlp"
}