{
  "hyperparams": {
    "batch_size": 64,
    "dropout_rate": 0.15897271540597183,
    "hidden_dim": 64,
    "lead_time_embedding_dim": 32,
    "learning_rate": 0.0002292634995622374,
    "min_delta": 1.1798681208568144e-05,
    "num_layers": 2,
    "patience": 25,
    "weight_decay": 5.3013829049521974e-05
  },
  "loss": 0.38786200241311464,
  "epochs_trained": 175,
  "architecture": "mlp"
}