{
  "hyperparams": {
    "batch_size": 64,
    "dropout_rate": 0.1988021387708987,
    "hidden_dim": 1024,
    "lead_time_embedding_dim": 8,
    "learning_rate": 0.008476022986956577,
    "min_delta": 0.00024264350136953144,
    "num_layers": 3,
    "patience": 25,
    "weight_decay": 2.0667540514265907e-05
  },
  "loss": 0.5277627130940522,
  "epochs_trained": 40,
  "architecture": "mlp"
}