{
  "hyperparams": {
    "batch_size": 64,
    "dropout_rate": 0.19380299299354137,
    "hidden_dim": 512,
    "lead_time_embedding_dim": 8,
    "learning_rate": 0.00029291945874185575,
    "min_delta": 0.000115309555408768,
    "num_layers": 4,
    "patience": 30,
    "weight_decay": 4.009196843454681e-05
  },
  "loss": 0.3645821133931114,
  "epochs_trained": 207,
  "architecture": "mlp"
}