{
  "hyperparams": {
    "batch_size": 256,
    "dropout_rate": 0.15489286988088066,
    "hidden_dim": 512,
    "lead_time_embedding_dim": 32,
    "learning_rate": 0.00021379337557762902,
    "min_delta": 8.494412446476519e-05,
    "num_layers": 6,
    "patience": 30,
    "weight_decay": 4.540470088097216e-06
  },
  "loss": 0.37538808897921916,
  "epochs_trained": 230,
  "architecture": "mlp"
}