{
  "hyperparams": {
    "batch_size": 64,
    "dropout_rate": 0.15729253615032002,
    "hidden_dim": 256,
    "lead_time_embedding_dim": 8,
    "learning_rate": 0.00019253717252196707,
    "min_delta": 0.00041643020505542096,
    "num_layers": 5,
    "patience": 20,
    "weight_decay": 2.4200696710408294e-05
  },
  "loss": 0.3804949460640652,
  "epochs_trained": 160,
  "architecture": "mlp"
}