{
  "hyperparams": {
    "batch_size": 64,
    "dropout_rate": 0.14643721721953165,
    "hidden_dim": 64,
    "lead_time_embedding_dim": 8,
    "learning_rate": 0.00025062119715728277,
    "min_delta": 0.00012910395246599303,
    "num_layers": 3,
    "patience": 20,
    "weight_decay": 5.826033804901827e-05
  },
  "loss": 0.39664341860559493,
  "epochs_trained": 154,
  "architecture": "mlp"
}