{
  "hyperparams": {
    "batch_size": 256,
    "dropout_rate": 0.2108683361889115,
    "hidden_dim": 64,
    "lead_time_embedding_dim": 8,
    "learning_rate": 0.00018919921745266588,
    "min_delta": 0.0007669207683094144,
    "num_layers": 4,
    "patience": 15,
    "weight_decay": 1.3669345407575103e-05
  },
  "loss": 0.4225274980477392,
  "epochs_trained": 166,
  "architecture": "mlp"
}