{
  "hyperparams": {
    "batch_size": 128,
    "dropout_rate": 0.17244156638520064,
    "hidden_dim": 512,
    "lead_time_embedding_dim": 8,
    "learning_rate": 0.0015344820890230014,
    "min_delta": 0.00010891362333695705,
    "num_layers": 2,
    "patience": 15,
    "weight_decay": 3.144910267764083e-05
  },
  "loss": 0.3616680543128086,
  "epochs_trained": 180,
  "architecture": "mlp"
}