{
  "hyperparams": {
    "batch_size": 64,
    "dropout_rate": 0.1046309371733036,
    "hidden_dim": 512,
    "lead_time_embedding_dim": 16,
    "learning_rate": 0.0002952704280383572,
    "min_delta": 6.477594062861177e-05,
    "num_layers": 5,
    "patience": 30,
    "weight_decay": 1.0456301174272189e-05
  },
  "loss": 0.37174981443778327,
  "epochs_trained": 129,
  "architecture": "mlp"
}