{
  "hyperparams": {
    "batch_size": 64,
    "dropout_rate": 0.1729548395131737,
    "hidden_dim": 128,
    "lead_time_embedding_dim": 8,
    "learning_rate": 0.00018145233514232846,
    "min_delta": 0.00034606468251745606,
    "num_layers": 2,
    "patience": 30,
    "weight_decay": 0.00011401090162162183
  },
  "loss": 0.37603406229608394,
  "epochs_trained": 191,
  "architecture": "mlp"
}