{
  "hyperparams": {
    "batch_size": 64,
    "dropout_rate": 0.14883446345304216,
    "hidden_dim": 128,
    "lead_time_embedding_dim": 32,
    "learning_rate": 0.00010095635391459667,
    "min_delta": 3.507489816064359e-05,
    "num_layers": 6,
    "patience": 15,
    "weight_decay": 6.036717499215719e-06
  },
  "loss": 0.4121396399062613,
  "epochs_trained": 185,
  "architecture": "mlp"
}