{
  "hyperparams": {
    "batch_size": 128,
    "dropout_rate": 0.23363824718963683,
    "hidden_dim": 1024,
    "lead_time_embedding_dim": 32,
    "learning_rate": 0.0017790441087444573,
    "min_delta": 0.00032339382915276614,
    "num_layers": 3,
    "patience": 20,
    "weight_decay": 0.0003751862607357637
  },
  "loss": 0.38122589446314414,
  "epochs_trained": 199,
  "architecture": "mlp"
}