{
  "hyperparams": {
    "batch_size": 64,
    "dropout_rate": 0.15468579482699468,
    "hidden_dim": 256,
    "lead_time_embedding_dim": 8,
    "learning_rate": 0.00035268004383076,
    "min_delta": 0.0001287225703479609,
    "num_layers": 2,
    "patience": 15,
    "weight_decay": 2.134921454799247e-06
  },
  "loss": 0.3663389893500156,
  "epochs_trained": 100,
  "architecture": "mlp"
}