{
  "hyperparams": {
    "batch_size": 64,
    "dropout_rate": 0.25763101580699405,
    "hidden_dim": 1024,
    "lead_time_embedding_dim": 1,
    "learning_rate": 2.7131404869134046e-05,
    "min_delta": 0.00013121301382785803,
    "num_layers": 5,
    "patience": 100,
    "weight_decay": 2.605913115366362e-06
  },
  "loss": 0.15958393007925112,
  "epochs_trained": 134,
  "architecture": "mlp"
}