{
  "hyperparams": {
    "batch_size": 64,
    "dropout_rate": 0.2744575769831591,
    "hidden_dim": 128,
    "lead_time_embedding_dim": 1,
    "learning_rate": 0.0015645068282568763,
    "min_delta": 0.00038115635319263357,
    "num_layers": 3,
    "patience": 50,
    "weight_decay": 0.00015916349351655424
  },
  "loss": 0.15702551991155703,
  "epochs_trained": 127,
  "architecture": "mlp"
}