{
  "hyperparams": {
    "batch_size": 256,
    "dropout_rate": 0.1607403810406716,
    "hidden_dim": 256,
    "lead_time_embedding_dim": 8,
    "learning_rate": 0.0003861773338388438,
    "min_delta": 1.232971937687163e-05,
    "num_layers": 3,
    "patience": 25,
    "weight_decay": 0.0003964634956467234
  },
  "loss": 0.1569917085644317,
  "epochs_trained": 123,
  "architecture": "mlp"
}