{
  "hyperparams": {
    "batch_size": 128,
    "dropout_rate": 0.12117454104307752,
    "hidden_dim": 128,
    "lead_time_embedding_dim": 8,
    "learning_rate": 0.009555031519096584,
    "min_delta": 0.0003046140222260399,
    "num_layers": 3,
    "patience": 30,
    "weight_decay": 0.00041551242868043684
  },
  "loss": 0.16066516466336708,
  "epochs_trained": 60,
  "architecture": "mlp"
}