{
  "hyperparams": {
    "batch_size": 64,
    "dropout_rate": 0.2425275181938066,
    "hidden_dim": 512,
    "lead_time_embedding_dim": 1,
    "learning_rate": 0.00010158645420507577,
    "min_delta": 1.130061447809559e-05,
    "num_layers": 2,
    "patience": 50,
    "weight_decay": 0.00013546458668965542
  },
  "loss": 0.15590050449110057,
  "epochs_trained": 82,
  "architecture": "mlp"
}