{
  "hyperparams": {
    "batch_size": 64,
    "dropout_rate": 0.2820553132206189,
    "hidden_dim": 64,
    "lead_time_embedding_dim": 1,
    "learning_rate": 2.171932587849973e-06,
    "min_delta": 0.0005187967249304971,
    "num_layers": 8,
    "patience": 50,
    "weight_decay": 2.6436761288375962e-05
  },
  "loss": 0.17708101092952572,
  "epochs_trained": 300,
  "architecture": "mlp"
}