{
  "hyperparams": {
    "batch_size": 128,
    "dropout_rate": 0.11153806853294454,
    "hidden_dim": 512,
    "lead_time_embedding_dim": 1,
    "learning_rate": 6.925245889337122e-06,
    "min_delta": 7.794342253312276e-05,
    "num_layers": 6,
    "patience": 50,
    "weight_decay": 0.0009548193107936737
  },
  "loss": 0.1605612421280717,
  "epochs_trained": 300,
  "architecture": "mlp"
}