{
  "hyperparams": {
    "batch_size": 64,
    "dropout_rate": 0.23316652481127606,
    "hidden_dim": 1024,
    "lead_time_embedding_dim": 1,
    "learning_rate": 1.423545245708969e-06,
    "min_delta": 3.575524100567247e-05,
    "num_layers": 5,
    "patience": 25,
    "weight_decay": 9.757933627157865e-06
  },
  "loss": 0.16030926696241718,
  "epochs_trained": 300,
  "architecture": "mlp"
}