{
  "hyperparams": {
    "batch_size": 64,
    "dropout_rate": 0.24833578189497452,
    "hidden_dim": 256,
    "lead_time_embedding_dim": 1,
    "learning_rate": 4.320327167843301e-06,
    "min_delta": 4.280047851747223e-05,
    "num_layers": 2,
    "patience": 100,
    "weight_decay": 2.2435513393811794e-06
  },
  "loss": 0.15948009593029544,
  "epochs_trained": 300,
  "architecture": "mlp"
}