{
  "hyperparams": {
    "batch_size": 128,
    "dropout_rate": 0.2967654553319313,
    "hidden_dim": 1024,
    "lead_time_embedding_dim": 1,
    "learning_rate": 4.890215669674857e-05,
    "min_delta": 5.07090980895074e-05,
    "num_layers": 6,
    "patience": 100,
    "weight_decay": 5.950451291106647e-05
  },
  "loss": 0.15968831659179844,
  "epochs_trained": 158,
  "architecture": "mlp"
}