{
  "hyperparams": {
    "batch_size": 128,
    "dropout_rate": 0.12930996848732138,
    "hidden_dim": 256,
    "lead_time_embedding_dim": 16,
    "learning_rate": 0.0022056249417269306,
    "min_delta": 6.460060283607087e-05,
    "num_layers": 2,
    "patience": 30,
    "weight_decay": 2.460091809169026e-05
  },
  "loss": 0.16010174277710587,
  "epochs_trained": 49,
  "architecture": "mlp"
}