{
  "hyperparams": {
    "batch_size": 64,
    "dropout_rate": 0.17501362494498518,
    "hidden_dim": 128,
    "lead_time_embedding_dim": 1,
    "learning_rate": 0.0006034463814286363,
    "min_delta": 2.1510705100712215e-05,
    "num_layers": 3,
    "patience": 20,
    "weight_decay": 0.00025214559913867303
  },
  "loss": 0.15640015104045607,
  "epochs_trained": 87,
  "architecture": "mlp"
}