{
  "hyperparams": {
    "batch_size": 128,
    "dropout_rate": 0.11411184007378654,
    "hidden_dim": 256,
    "lead_time_embedding_dim": 8,
    "learning_rate": 0.00021248511704169992,
    "min_delta": 5.5454888413242916e-05,
    "num_layers": 5,
    "patience": 30,
    "weight_decay": 0.0005970540488011728
  },
  "loss": 0.1599153225144295,
  "epochs_trained": 65,
  "architecture": "mlp"
}