{
  "hyperparams": {
    "batch_size": 128,
    "dropout_rate": 0.16458153464459296,
    "hidden_dim": 1024,
    "lead_time_embedding_dim": 8,
    "learning_rate": 0.0005257816562474879,
    "min_delta": 0.00013426917180931697,
    "num_layers": 3,
    "patience": 30,
    "weight_decay": 1.813718106809795e-06
  },
  "loss": 0.15892241119521938,
  "epochs_trained": 40,
  "architecture": "mlp"
}