{
  "hyperparams": {
    "batch_size": 64,
    "dropout_rate": 0.1799110065135641,
    "hidden_dim": 1024,
    "lead_time_embedding_dim": 1,
    "learning_rate": 5.35406199809037e-06,
    "min_delta": 2.6699453952947223e-05,
    "num_layers": 6,
    "patience": 20,
    "weight_decay": 5.003929093200155e-06
  },
  "loss": 0.16006078622112535,
  "epochs_trained": 134,
  "architecture": "mlp"
}