{
  "hyperparams": {
    "batch_size": 128,
    "dropout_rate": 0.13984121195552135,
    "hidden_dim": 64,
    "lead_time_embedding_dim": 8,
    "learning_rate": 0.00017006240661627216,
    "min_delta": 2.1544493213897494e-05,
    "num_layers": 2,
    "patience": 25,
    "weight_decay": 0.0002460899712791236
  },
  "loss": 0.1559997025417955,
  "epochs_trained": 158,
  "architecture": "mlp"
}