{
  "hyperparams": {
    "batch_size": 256,
    "dropout_rate": 0.27905243558249726,
    "hidden_dim": 128,
    "lead_time_embedding_dim": 1,
    "learning_rate": 0.008618632149326629,
    "min_delta": 1.5057239480716218e-05,
    "num_layers": 2,
    "patience": 50,
    "weight_decay": 0.00023170099439769244
  },
  "loss": 0.15599296252204947,
  "epochs_trained": 254,
  "architecture": "mlp"
}