{
  "hyperparams": {
    "batch_size": 64,
    "dropout_rate": 0.19833071300711252,
    "hidden_dim": 1024,
    "lead_time_embedding_dim": 1,
    "learning_rate": 9.124593017966707e-05,
    "min_delta": 2.4164388385136444e-05,
    "num_layers": 2,
    "patience": 50,
    "weight_decay": 3.873365872510996e-05
  },
  "loss": 0.15609321855518915,
  "epochs_trained": 68,
  "architecture": "mlp"
}