{
  "hyperparams": {
    "batch_size": 64,
    "dropout_rate": 0.2795865083597698,
    "hidden_dim": 64,
    "lead_time_embedding_dim": 1,
    "learning_rate": 2.782608612339463e-06,
    "min_delta": 1.6480675838076598e-05,
    "num_layers": 2,
    "patience": 50,
    "weight_decay": 1.9951647054885218e-06
  },
  "loss": 0.17491466072324205,
  "epochs_trained": 300,
  "architecture": "mlp"
}