{
  "hyperparams": {
    "batch_size": 64,
    "dropout_rate": 0.2325023727942956,
    "hidden_dim": 1024,
    "lead_time_embedding_dim": 1,
    "learning_rate": 1.6402410733085096e-05,
    "min_delta": 0.00013977402679672752,
    "num_layers": 2,
    "patience": 30,
    "weight_decay": 4.552871874166247e-06
  },
  "loss": 0.15622297480498273,
  "epochs_trained": 111,
  "architecture": "mlp"
}