{
  "hyperparams": {
    "batch_size": 64,
    "dropout_rate": 0.19499645215473294,
    "hidden_dim": 64,
    "lead_time_embedding_dim": 1,
    "learning_rate": 8.999126265630145e-05,
    "min_delta": 1.7748768945000962e-05,
    "num_layers": 2,
    "patience": 20,
    "weight_decay": 0.0005318671170644611
  },
  "loss": 0.15690279251908604,
  "epochs_trained": 176,
  "architecture": "mlp"
}