{
  "hyperparams": {
    "batch_size": 128,
    "dropout_rate": 0.13168880290344195,
    "hidden_dim": 1024,
    "lead_time_embedding_dim": 8,
    "learning_rate": 0.0002213333044481305,
    "min_delta": 2.6469596067825462e-05,
    "num_layers": 4,
    "patience": 30,
    "weight_decay": 1.7140890834514088e-05
  },
  "loss": 0.15845635084256735,
  "epochs_trained": 42,
  "architecture": "mlp"
}