{
  "hyperparams": {
    "batch_size": 64,
    "dropout_rate": 0.2142463575095484,
    "hidden_dim": 128,
    "lead_time_embedding_dim": 1,
    "learning_rate": 0.00843941418334671,
    "min_delta": 1.7619244290820576e-05,
    "num_layers": 8,
    "patience": 20,
    "weight_decay": 1.4670428502674744e-05
  },
  "loss": 0.1602053364662275,
  "epochs_trained": 81,
  "architecture": "mlp"
}