{
  "hyperparams": {
    "batch_size": 128,
    "dropout_rate": 0.28296053001282856,
    "hidden_dim": 1024,
    "lead_time_embedding_dim": 1,
    "learning_rate": 0.0003309590235660841,
    "min_delta": 1.0549050011515e-05,
    "num_layers": 3,
    "patience": 100,
    "weight_decay": 0.000380651452819689
  },
  "loss": 0.1565863216576511,
  "epochs_trained": 169,
  "architecture": "mlp"
}