{
  "hyperparams": {
    "batch_size": 128,
    "dropout_rate": 0.1477325365063762,
    "hidden_dim": 256,
    "lead_time_embedding_dim": 8,
    "learning_rate": 0.0003625203153308358,
    "min_delta": 1.1139901838432113e-05,
    "num_layers": 2,
    "patience": 30,
    "weight_decay": 0.00034393492777813606
  },
  "loss": 0.15567396050446655,
  "epochs_trained": 62,
  "architecture": "mlp"
}