{
  "hyperparams": {
    "batch_size": 64,
    "dropout_rate": 0.13133456005183142,
    "hidden_dim": 256,
    "lead_time_embedding_dim": 32,
    "learning_rate": 0.0002529259999485214,
    "min_delta": 3.971320380981517e-05,
    "num_layers": 4,
    "patience": 30,
    "weight_decay": 4.244007871481361e-06
  },
  "loss": 0.15834259803164497,
  "epochs_trained": 58,
  "architecture": "mlp"
}