{
  "hyperparams": {
    "batch_size": 128,
    "dropout_rate": 0.28804885008968717,
    "hidden_dim": 512,
    "lead_time_embedding_dim": 16,
    "learning_rate": 0.0018383169797999135,
    "min_delta": 0.0004110669260021473,
    "num_layers": 2,
    "patience": 30,
    "weight_decay": 0.0002894342080619686
  },
  "loss": 0.15709667356863413,
  "epochs_trained": 88,
  "architecture": "mlp"
}