{
  "hyperparams": {
    "batch_size": 64,
    "dropout_rate": 0.12122424741165025,
    "hidden_dim": 1024,
    "lead_time_embedding_dim": 1,
    "learning_rate": 1.5794337144026636e-05,
    "min_delta": 0.00013231421871608563,
    "num_layers": 5,
    "patience": 100,
    "weight_decay": 1.3959337280998349e-05
  },
  "loss": 0.15808229434163604,
  "epochs_trained": 144,
  "architecture": "mlp"
}