{
  "hyperparams": {
    "batch_size": 64,
    "dropout_rate": 0.23128944749978192,
    "hidden_dim": 1024,
    "lead_time_embedding_dim": 1,
    "learning_rate": 0.001534222294236735,
    "min_delta": 1.9006462644365306e-05,
    "num_layers": 3,
    "patience": 50,
    "weight_decay": 0.0001869082937365602
  },
  "loss": 0.15663183756070595,
  "epochs_trained": 181,
  "architecture": "mlp"
}