{
  "hyperparams": {
    "batch_size": 256,
    "dropout_rate": 0.24304174340648257,
    "hidden_dim": 128,
    "lead_time_embedding_dim": 8,
    "learning_rate": 0.00015565074846684605,
    "min_delta": 1.9022639090739377e-05,
    "num_layers": 2,
    "patience": 30,
    "weight_decay": 8.339896972696904e-05
  },
  "loss": 0.1561548993603824,
  "epochs_trained": 157,
  "architecture": "mlp"
}