{
  "hyperparams": {
    "batch_size": 64,
    "dropout_rate": 0.2959125122656344,
    "hidden_dim": 128,
    "lead_time_embedding_dim": 1,
    "learning_rate": 0.00021487681006019326,
    "min_delta": 2.6772237509122193e-05,
    "num_layers": 2,
    "patience": 50,
    "weight_decay": 0.00023668461496822914
  },
  "loss": 0.15534695493031855,
  "epochs_trained": 108,
  "architecture": "mlp"
}