{
  "hyperparams": {
    "batch_size": 64,
    "dropout_rate": 0.25077930318055164,
    "hidden_dim": 256,
    "lead_time_embedding_dim": 8,
    "learning_rate": 0.0004776368337726375,
    "min_delta": 9.290591622509165e-05,
    "num_layers": 6,
    "patience": 15,
    "weight_decay": 4.160348910296173e-05
  },
  "loss": 0.15849134877119977,
  "epochs_trained": 73,
  "architecture": "mlp"
}