{
  "hyperparams": {
    "batch_size": 128,
    "dropout_rate": 0.15489026707502193,
    "hidden_dim": 128,
    "lead_time_embedding_dim": 1,
    "learning_rate": 0.0008005831681541591,
    "min_delta": 6.307591863074701e-05,
    "num_layers": 4,
    "patience": 30,
    "weight_decay": 0.0006478644069718039
  },
  "loss": 0.1597658773399379,
  "epochs_trained": 109,
  "architecture": "mlp"
}