{
  "hyperparams": {
    "batch_size": 128,
    "dropout_rate": 0.1885190760795503,
    "hidden_dim": 1024,
    "lead_time_embedding_dim": 1,
    "learning_rate": 2.0377571672625124e-06,
    "min_delta": 2.8513894861482715e-05,
    "num_layers": 3,
    "patience": 50,
    "weight_decay": 2.2269201614167316e-05
  },
  "loss": 0.15931235723299522,
  "epochs_trained": 300,
  "architecture": "mlp"
}