{
  "hyperparams": {
    "batch_size": 128,
    "dropout_rate": 0.21561770928919693,
    "hidden_dim": 64,
    "lead_time_embedding_dim": 1,
    "learning_rate": 0.00016549315131634876,
    "min_delta": 3.103546809871397e-05,
    "num_layers": 6,
    "patience": 50,
    "weight_decay": 0.00010738924561170704
  },
  "loss": 0.1601917119058844,
  "epochs_trained": 116,
  "architecture": "mlp"
}