{
  "hyperparams": {
    "batch_size": 128,
    "dropout_rate": 0.2947147599586945,
    "hidden_dim": 128,
    "lead_time_embedding_dim": 8,
    "learning_rate": 0.00010213107961195158,
    "min_delta": 0.00018777016578407549,
    "num_layers": 2,
    "patience": 20,
    "weight_decay": 0.0009697303790519959
  },
  "loss": 0.15979616343975067,
  "epochs_trained": 75,
  "architecture": "mlp"
}