{
  "hyperparams": {
    "batch_size": 256,
    "dropout_rate": 0.21275088707515907,
    "hidden_dim": 256,
    "lead_time_embedding_dim": 16,
    "learning_rate": 0.000554288449255649,
    "min_delta": 5.0047708847951396e-05,
    "num_layers": 4,
    "patience": 25,
    "weight_decay": 6.632733796418514e-05
  },
  "loss": 0.1576970542130405,
  "epochs_trained": 67,
  "architecture": "mlp"
}