{
  "hyperparams": {
    "batch_size": 128,
    "dropout_rate": 0.21107959386004485,
    "hidden_dim": 128,
    "lead_time_embedding_dim": 1,
    "learning_rate": 0.0009432633559753162,
    "min_delta": 0.00010316805111643395,
    "num_layers": 6,
    "patience": 20,
    "weight_decay": 0.0004867543406211225
  },
  "loss": 0.16074803471565247,
  "epochs_trained": 32,
  "architecture": "mlp"
}