{
  "hyperparams": {
    "batch_size": 64,
    "dropout_rate": 0.16713872428961055,
    "hidden_dim": 64,
    "lead_time_embedding_dim": 16,
    "learning_rate": 0.0007452943090599384,
    "min_delta": 0.0001584951496915795,
    "num_layers": 3,
    "patience": 30,
    "weight_decay": 0.0005438626798522354
  },
  "loss": 0.15723271790432602,
  "epochs_trained": 140,
  "architecture": "mlp"
}