{
  "hyperparams": {
    "batch_size": 128,
    "dropout_rate": 0.24145059280039494,
    "hidden_dim": 1024,
    "lead_time_embedding_dim": 1,
    "learning_rate": 0.00016140010726812298,
    "min_delta": 4.28456131482162e-05,
    "num_layers": 3,
    "patience": 25,
    "weight_decay": 3.858761171013228e-06
  },
  "loss": 0.1570035800950168,
  "epochs_trained": 49,
  "architecture": "mlp"
}