{
  "hyperparams": {
    "batch_size": 128,
    "dropout_rate": 0.10233958179060171,
    "hidden_dim": 256,
    "lead_time_embedding_dim": 8,
    "learning_rate": 0.00011605086574352388,
    "min_delta": 1.9353606850348658e-05,
    "num_layers": 2,
    "patience": 30,
    "weight_decay": 0.0008663793461768201
  },
  "loss": 0.15554103418572307,
  "epochs_trained": 241,
  "architecture": "mlp"
}