{
  "hyperparams": {
    "batch_size": 256,
    "dropout_rate": 0.19755771572987152,
    "hidden_dim": 256,
    "lead_time_embedding_dim": 1,
    "learning_rate": 0.00030589127091142294,
    "min_delta": 3.566460836707721e-05,
    "num_layers": 10,
    "patience": 20,
    "weight_decay": 0.0002750212711688193
  },
  "loss": 0.16135391837930027,
  "epochs_trained": 35,
  "architecture": "mlp"
}