{
  "hyperparams": {
    "batch_size": 128,
    "dropout_rate": 0.19810675059710287,
    "hidden_dim": 64,
    "lead_time_embedding_dim": 1,
    "learning_rate": 0.00011805317088351162,
    "min_delta": 3.099717557419823e-05,
    "num_layers": 2,
    "patience": 15,
    "weight_decay": 0.0007154432329461276
  },
  "loss": 0.15796668623408225,
  "epochs_trained": 181,
  "architecture": "mlp"
}