{
  "hyperparams": {
    "batch_size": 64,
    "dropout_rate": 0.18392386174109765,
    "hidden_dim": 1024,
    "lead_time_embedding_dim": 1,
    "learning_rate": 0.0007189688451810358,
    "min_delta": 5.131488867905065e-05,
    "num_layers": 2,
    "patience": 20,
    "weight_decay": 0.0008048044763052657
  },
  "loss": 0.155927204105952,
  "epochs_trained": 146,
  "architecture": "mlp"
}