{
  "hyperparams": {
    "batch_size": 256,
    "dropout_rate": 0.24463376254603603,
    "hidden_dim": 256,
    "lead_time_embedding_dim": 1,
    "learning_rate": 0.00231540066529879,
    "min_delta": 8.147286637874172e-05,
    "num_layers": 2,
    "patience": 30,
    "weight_decay": 3.9912255677866184e-06
  },
  "loss": 0.15983730146329697,
  "epochs_trained": 54,
  "architecture": "mlp"
}