{
  "hyperparams": {
    "batch_size": 256,
    "dropout_rate": 0.27672658878299555,
    "hidden_dim": 256,
    "lead_time_embedding_dim": 1,
    "learning_rate": 0.00012111676459552047,
    "min_delta": 2.287754689147033e-05,
    "num_layers": 5,
    "patience": 30,
    "weight_decay": 0.0009684553060021226
  },
  "loss": 0.15996974665824681,
  "epochs_trained": 132,
  "architecture": "mlp"
}