{
  "hyperparams": {
    "batch_size": 128,
    "dropout_rate": 0.27130402196689746,
    "hidden_dim": 512,
    "lead_time_embedding_dim": 1,
    "learning_rate": 0.0001392642712994898,
    "min_delta": 7.455988785676181e-05,
    "num_layers": 6,
    "patience": 15,
    "weight_decay": 4.108332936178648e-05
  },
  "loss": 0.16005406538917594,
  "epochs_trained": 51,
  "architecture": "mlp"
}