{
  "hyperparams": {
    "batch_size": 64,
    "dropout_rate": 0.2639725499428504,
    "hidden_dim": 64,
    "lead_time_embedding_dim": 1,
    "learning_rate": 2.6884546966588645e-05,
    "min_delta": 8.036208827286661e-05,
    "num_layers": 5,
    "patience": 20,
    "weight_decay": 4.796876298625662e-06
  },
  "loss": 0.160430519548181,
  "epochs_trained": 177,
  "architecture": "mlp"
}