{
  "hyperparams": {
    "batch_size": 256,
    "dropout_rate": 0.1142089327468019,
    "hidden_dim": 256,
    "lead_time_embedding_dim": 8,
    "learning_rate": 0.00013368566955188567,
    "min_delta": 6.825838529341392e-05,
    "num_layers": 5,
    "patience": 15,
    "weight_decay": 0.00045332189644406993
  },
  "loss": 0.15992028970424443,
  "epochs_trained": 75,
  "architecture": "mlp"
}