{
  "hyperparams": {
    "batch_size": 128,
    "dropout_rate": 0.1856302804201039,
    "hidden_dim": 128,
    "lead_time_embedding_dim": 8,
    "learning_rate": 0.0001962885037225063,
    "min_delta": 7.453467304317936e-05,
    "num_layers": 2,
    "patience": 20,
    "weight_decay": 0.00017196232624903856
  },
  "loss": 0.15567351755214065,
  "epochs_trained": 85,
  "architecture": "mlp"
}