{
  "hyperparams": {
    "batch_size": 64,
    "dropout_rate": 0.26213931885324215,
    "hidden_dim": 128,
    "lead_time_embedding_dim": 1,
    "learning_rate": 0.0005548177794221462,
    "min_delta": 2.7936342038622504e-05,
    "num_layers": 2,
    "patience": 20,
    "weight_decay": 0.0001447440746922432
  },
  "loss": 0.15584248733030606,
  "epochs_trained": 73,
  "architecture": "mlp"
}