{
  "hyperparams": {
    "batch_size": 64,
    "dropout_rate": 0.24239521029185757,
    "hidden_dim": 128,
    "lead_time_embedding_dim": 1,
    "learning_rate": 0.0015723109746684882,
    "min_delta": 5.453264381093364e-05,
    "num_layers": 2,
    "patience": 20,
    "weight_decay": 0.00034587958711871275
  },
  "loss": 0.15589720255708042,
  "epochs_trained": 109,
  "architecture": "mlp"
}