{
  "hyperparams": {
    "batch_size": 64,
    "dropout_rate": 0.20129651415383762,
    "hidden_dim": 128,
    "lead_time_embedding_dim": 1,
    "learning_rate": 0.00010244225027117141,
    "min_delta": 0.0003066451388543705,
    "num_layers": 6,
    "patience": 100,
    "weight_decay": 0.0003754299865843868
  },
  "loss": 0.16009780927880168,
  "epochs_trained": 134,
  "architecture": "mlp"
}