{
  "hyperparams": {
    "batch_size": 64,
    "dropout_rate": 0.25714658555061115,
    "hidden_dim": 128,
    "lead_time_embedding_dim": 1,
    "learning_rate": 5.825896634439855e-05,
    "min_delta": 1.0234878999408415e-05,
    "num_layers": 2,
    "patience": 100,
    "weight_decay": 2.0696032899357507e-05
  },
  "loss": 0.1570490194510107,
  "epochs_trained": 225,
  "architecture": "mlp"
}