{
  "hyperparams": {
    "batch_size": 64,
    "dropout_rate": 0.28779304164044384,
    "hidden_dim": 128,
    "lead_time_embedding_dim": 1,
    "learning_rate": 0.00044005440841557724,
    "min_delta": 1.0027566561439723e-05,
    "num_layers": 5,
    "patience": 50,
    "weight_decay": 0.00016994536001411196
  },
  "loss": 0.15976892840372373,
  "epochs_trained": 103,
  "architecture": "mlp"
}