{
  "hyperparams": {
    "batch_size": 128,
    "dropout_rate": 0.22002038255913411,
    "hidden_dim": 64,
    "lead_time_embedding_dim": 1,
    "learning_rate": 7.353461112360755e-05,
    "min_delta": 2.1517782746584028e-05,
    "num_layers": 2,
    "patience": 50,
    "weight_decay": 3.289532357989967e-05
  },
  "loss": 0.15791315718056403,
  "epochs_trained": 278,
  "architecture": "mlp"
}