{
  "hyperparams": {
    "batch_size": 256,
    "dropout_rate": 0.22973927006702488,
    "hidden_dim": 128,
    "lead_time_embedding_dim": 1,
    "learning_rate": 5.8849751675792916e-06,
    "min_delta": 0.00022960530379340013,
    "num_layers": 10,
    "patience": 30,
    "weight_decay": 4.02906817192887e-06
  },
  "loss": 0.1644842367466182,
  "epochs_trained": 300,
  "architecture": "mlp"
}