{
  "hyperparams": {
    "batch_size": 64,
    "dropout_rate": 0.28979450061231016,
    "hidden_dim": 128,
    "lead_time_embedding_dim": 1,
    "learning_rate": 1.5748930338942133e-06,
    "min_delta": 0.00020408070013939274,
    "num_layers": 4,
    "patience": 20,
    "weight_decay": 4.067967434516526e-06
  },
  "loss": 0.1698010059660428,
  "epochs_trained": 300,
  "architecture": "mlp"
}