{
  "hyperparams": {
    "batch_size": 256,
    "dropout_rate": 0.29608431948686753,
    "hidden_dim": 128,
    "lead_time_embedding_dim": 1,
    "learning_rate": 0.0064640715434632215,
    "min_delta": 1.330559195367765e-05,
    "num_layers": 2,
    "patience": 50,
    "weight_decay": 0.00010622475932735393
  },
  "loss": 0.1578598971644493,
  "epochs_trained": 300,
  "architecture": "mlp"
}