{
  "hyperparams": {
    "batch_size": 64,
    "dropout_rate": 0.2546180354447307,
    "hidden_dim": 1024,
    "lead_time_embedding_dim": 1,
    "learning_rate": 6.5344793733207e-06,
    "min_delta": 9.182819989451023e-05,
    "num_layers": 2,
    "patience": 15,
    "weight_decay": 1.3043849540051176e-06
  },
  "loss": 0.15600756545589395,
  "epochs_trained": 234,
  "architecture": "mlp"
}