{
  "hyperparams": {
    "batch_size": 64,
    "dropout_rate": 0.2801277656987614,
    "hidden_dim": 128,
    "lead_time_embedding_dim": 1,
    "learning_rate": 3.49932667445501e-05,
    "min_delta": 0.0003965127410675135,
    "num_layers": 3,
    "patience": 100,
    "weight_decay": 1.1037080115122062e-06
  },
  "loss": 0.15948924483501747,
  "epochs_trained": 222,
  "architecture": "mlp"
}