{
  "hyperparams": {
    "batch_size": 128,
    "dropout_rate": 0.1066449362532942,
    "hidden_dim": 1024,
    "lead_time_embedding_dim": 8,
    "learning_rate": 0.0006816202960976266,
    "min_delta": 0.00023820866903578427,
    "num_layers": 4,
    "patience": 20,
    "weight_decay": 0.0008400501979564408
  },
  "loss": 0.16045695869889978,
  "epochs_trained": 36,
  "architecture": "mlp"
}