{
  "hyperparams": {
    "batch_size": 64,
    "dropout_rate": 0.14536751388052938,
    "hidden_dim": 128,
    "lead_time_embedding_dim": 1,
    "learning_rate": 0.0004926517179164988,
    "min_delta": 1.2426825713290705e-05,
    "num_layers": 8,
    "patience": 50,
    "weight_decay": 0.0003238936308863482
  },
  "loss": 0.1601091400809484,
  "epochs_trained": 76,
  "architecture": "mlp"
}