{
  "hyperparams": {
    "batch_size": 64,
    "dropout_rate": 0.1589886132352091,
    "hidden_dim": 128,
    "lead_time_embedding_dim": 1,
    "learning_rate": 0.0035429670121325794,
    "min_delta": 2.2214850430710148e-05,
    "num_layers": 3,
    "patience": 50,
    "weight_decay": 6.171745794003777e-05
  },
  "loss": 0.15868186236244358,
  "epochs_trained": 113,
  "architecture": "mlp"
}