{
  "hyperparams": {
    "batch_size": 64,
    "dropout_rate": 0.14106927044289713,
    "hidden_dim": 1024,
    "lead_time_embedding_dim": 1,
    "learning_rate": 8.652420246276324e-05,
    "min_delta": 3.068620620474787e-05,
    "num_layers": 8,
    "patience": 30,
    "weight_decay": 2.324102901929384e-06
  },
  "loss": 0.1600770742109377,
  "epochs_trained": 42,
  "architecture": "mlp"
}