{
  "hyperparams": {
    "batch_size": 128,
    "dropout_rate": 0.16595802136999835,
    "hidden_dim": 256,
    "lead_time_embedding_dim": 1,
    "learning_rate": 2.0957111768580962e-05,
    "min_delta": 0.00016626920423719544,
    "num_layers": 3,
    "patience": 15,
    "weight_decay": 8.75973744726281e-06
  },
  "loss": 0.15916061564667583,
  "epochs_trained": 126,
  "architecture": "mlp"
}