{
  "hyperparams": {
    "batch_size": 64,
    "dropout_rate": 0.23565817969304434,
    "hidden_dim": 128,
    "lead_time_embedding_dim": 1,
    "learning_rate": 0.0003211621980967194,
    "min_delta": 3.7506443742088135e-05,
    "num_layers": 4,
    "patience": 50,
    "weight_decay": 0.0004452218583428072
  },
  "loss": 0.15936422021421667,
  "epochs_trained": 127,
  "architecture": "mlp"
}