{
  "hyperparams": {
    "batch_size": 128,
    "dropout_rate": 0.13804299546412419,
    "hidden_dim": 64,
    "lead_time_embedding_dim": 8,
    "learning_rate": 0.0001761271232546225,
    "min_delta": 2.3510929596930137e-05,
    "num_layers": 2,
    "patience": 25,
    "weight_decay": 0.00023516832182872066
  },
  "loss": 0.15590901672840118,
  "epochs_trained": 161,
  "architecture": "mlp"
}