{
  "hyperparams": {
    "batch_size": 64,
    "dropout_rate": 0.1820224683206037,
    "hidden_dim": 128,
    "lead_time_embedding_dim": 1,
    "learning_rate": 3.9760851000496375e-05,
    "min_delta": 2.7059177233699362e-05,
    "num_layers": 2,
    "patience": 20,
    "weight_decay": 0.0006669171918650113
  },
  "loss": 0.15712784312359274,
  "epochs_trained": 237,
  "architecture": "mlp"
}