{
  "hyperparams": {
    "batch_size": 128,
    "dropout_rate": 0.18217889444513113,
    "hidden_dim": 128,
    "lead_time_embedding_dim": 8,
    "learning_rate": 0.00021804847647880027,
    "min_delta": 7.185679186250472e-05,
    "num_layers": 2,
    "patience": 20,
    "weight_decay": 0.00035442768358699353
  },
  "loss": 0.15536720907851442,
  "epochs_trained": 112,
  "architecture": "mlp"
}