{
  "hyperparams": {
    "batch_size": 64,
    "dropout_rate": 0.28455599853970026,
    "hidden_dim": 1024,
    "lead_time_embedding_dim": 1,
    "learning_rate": 9.208929465349967e-06,
    "min_delta": 0.00023936770490571495,
    "num_layers": 2,
    "patience": 100,
    "weight_decay": 4.668601258318083e-06
  },
  "loss": 0.1554455485654204,
  "epochs_trained": 300,
  "architecture": "mlp"
}