{
  "hyperparams": {
    "batch_size": 128,
    "dropout_rate": 0.2851907769948515,
    "hidden_dim": 1024,
    "lead_time_embedding_dim": 8,
    "learning_rate": 0.00012577177466083643,
    "min_delta": 8.173889725769215e-05,
    "num_layers": 4,
    "patience": 25,
    "weight_decay": 0.000583242006210608
  },
  "loss": 0.159900890841876,
  "epochs_trained": 61,
  "architecture": "mlp"
}