{
  "hyperparams": {
    "batch_size": 64,
    "dropout_rate": 0.2914734649834535,
    "hidden_dim": 512,
    "lead_time_embedding_dim": 1,
    "learning_rate": 0.00036825453209517395,
    "min_delta": 2.4724493025673468e-05,
    "num_layers": 2,
    "patience": 15,
    "weight_decay": 3.296566536076012e-05
  },
  "loss": 0.15781826862733658,
  "epochs_trained": 35,
  "architecture": "mlp"
}