{
  "hyperparams": {
    "batch_size": 128,
    "dropout_rate": 0.12982068565323668,
    "hidden_dim": 1024,
    "lead_time_embedding_dim": 1,
    "learning_rate": 0.0009289295765598278,
    "min_delta": 0.00025326979920944263,
    "num_layers": 3,
    "patience": 100,
    "weight_decay": 4.096149903299492e-05
  },
  "loss": 0.15867377797218218,
  "epochs_trained": 112,
  "architecture": "mlp"
}