{
  "hyperparams": {
    "batch_size": 256,
    "dropout_rate": 0.2120674884021086,
    "hidden_dim": 64,
    "lead_time_embedding_dim": 1,
    "learning_rate": 3.0325767352590265e-06,
    "min_delta": 0.0003025841965018873,
    "num_layers": 2,
    "patience": 25,
    "weight_decay": 4.301493020169682e-06
  },
  "loss": 0.18237154451135087,
  "epochs_trained": 300,
  "architecture": "mlp"
}