{
  "hyperparams": {
    "batch_size": 128,
    "dropout_rate": 0.1818999411598688,
    "hidden_dim": 256,
    "lead_time_embedding_dim": 1,
    "learning_rate": 0.0006413370364370248,
    "min_delta": 1.616019424943865e-05,
    "num_layers": 3,
    "patience": 20,
    "weight_decay": 0.0004498402683813861
  },
  "loss": 0.15694524306957036,
  "epochs_trained": 87,
  "architecture": "mlp"
}