{
  "hyperparams": {
    "batch_size": 128,
    "dropout_rate": 0.2480490244440613,
    "hidden_dim": 128,
    "lead_time_embedding_dim": 1,
    "learning_rate": 2.1619344067683496e-06,
    "min_delta": 0.0004225586173221461,
    "num_layers": 2,
    "patience": 25,
    "weight_decay": 1.601058683072846e-05
  },
  "loss": 0.17395875878530007,
  "epochs_trained": 300,
  "architecture": "mlp"
}