{
  "hyperparams": {
    "batch_size": 128,
    "dropout_rate": 0.19457734703418758,
    "hidden_dim": 1024,
    "lead_time_embedding_dim": 16,
    "learning_rate": 0.0003237542218029555,
    "min_delta": 0.00010179554131181326,
    "num_layers": 3,
    "patience": 30,
    "weight_decay": 0.0007361312904987443
  },
  "loss": 0.1577770607928707,
  "epochs_trained": 111,
  "architecture": "mlp"
}