{
  "hyperparams": {
    "batch_size": 64,
    "dropout_rate": 0.28274084185531395,
    "hidden_dim": 1024,
    "lead_time_embedding_dim": 1,
    "learning_rate": 6.662751380590052e-06,
    "min_delta": 5.232335874358864e-05,
    "num_layers": 2,
    "patience": 100,
    "weight_decay": 2.0477455488656405e-06
  },
  "loss": 0.15579350843821485,
  "epochs_trained": 300,
  "architecture": "mlp"
}