{
  "hyperparams": {
    "batch_size": 256,
    "dropout_rate": 0.17691180052782865,
    "hidden_dim": 512,
    "lead_time_embedding_dim": 8,
    "learning_rate": 0.00028122726361557126,
    "min_delta": 1.5991106918751057e-05,
    "num_layers": 5,
    "patience": 20,
    "weight_decay": 2.080157565235743e-05
  },
  "loss": 0.1596098981083256,
  "epochs_trained": 49,
  "architecture": "mlp"
}