{
  "hyperparams": {
    "batch_size": 64,
    "dropout_rate": 0.2684167848800001,
    "hidden_dim": 1024,
    "lead_time_embedding_dim": 1,
    "learning_rate": 1.8246705402754e-05,
    "min_delta": 8.880002165524315e-05,
    "num_layers": 2,
    "patience": 20,
    "weight_decay": 6.184098700158281e-06
  },
  "loss": 0.15565450530346125,
  "epochs_trained": 106,
  "architecture": "mlp"
}