{
  "hyperparams": {
    "batch_size": 128,
    "dropout_rate": 0.15122042815229758,
    "hidden_dim": 64,
    "lead_time_embedding_dim": 1,
    "learning_rate": 0.000173943398970435,
    "min_delta": 9.20844451862779e-05,
    "num_layers": 4,
    "patience": 25,
    "weight_decay": 6.239977629789957e-06
  },
  "loss": 0.15936212323299825,
  "epochs_trained": 98,
  "architecture": "mlp"
}