{
  "hyperparams": {
    "batch_size": 128,
    "dropout_rate": 0.1091501710315644,
    "hidden_dim": 256,
    "lead_time_embedding_dim": 8,
    "learning_rate": 0.0001510106922629421,
    "min_delta": 2.7653590138703934e-05,
    "num_layers": 2,
    "patience": 30,
    "weight_decay": 0.0004966868949492818
  },
  "loss": 0.15563494477370013,
  "epochs_trained": 88,
  "architecture": "mlp"
}