{
  "hyperparams": {
    "batch_size": 128,
    "dropout_rate": 0.25774332011049117,
    "hidden_dim": 128,
    "lead_time_embedding_dim": 8,
    "learning_rate": 0.002510874837159117,
    "min_delta": 6.206262041439009e-05,
    "num_layers": 6,
    "patience": 20,
    "weight_decay": 5.045990540182522e-05
  },
  "loss": 0.1601200912096729,
  "epochs_trained": 48,
  "architecture": "mlp"
}