{
  "hyperparams": {
    "batch_size": 128,
    "dropout_rate": 0.20827424568759623,
    "hidden_dim": 256,
    "lead_time_embedding_dim": 8,
    "learning_rate": 0.0003486321839014573,
    "min_delta": 2.0709281115673794e-05,
    "num_layers": 2,
    "patience": 20,
    "weight_decay": 7.818034001873727e-06
  },
  "loss": 0.15778317761747804,
  "epochs_trained": 55,
  "architecture": "mlp"
}