{
  "hyperparams": {
    "batch_size": 128,
    "dropout_rate": 0.16145874693792028,
    "hidden_dim": 128,
    "lead_time_embedding_dim": 1,
    "learning_rate": 0.007190525440182877,
    "min_delta": 2.301670370113525e-05,
    "num_layers": 2,
    "patience": 30,
    "weight_decay": 9.334923244586406e-05
  },
  "loss": 0.1593993851175047,
  "epochs_trained": 173,
  "architecture": "mlp"
}