{
  "hyperparams": {
    "batch_size": 64,
    "dropout_rate": 0.2981745239264639,
    "hidden_dim": 128,
    "lead_time_embedding_dim": 1,
    "learning_rate": 0.0005594778707440365,
    "min_delta": 2.6965295462619083e-05,
    "num_layers": 10,
    "patience": 50,
    "weight_decay": 0.0002842370072843213
  },
  "loss": 0.1612962931394577,
  "epochs_trained": 120,
  "architecture": "mlp"
}