{
  "hyperparams": {
    "batch_size": 64,
    "dropout_rate": 0.26513904876814476,
    "hidden_dim": 64,
    "lead_time_embedding_dim": 1,
    "learning_rate": 0.00019488968264008786,
    "min_delta": 3.278378138763489e-05,
    "num_layers": 5,
    "patience": 20,
    "weight_decay": 0.0001950456731662459
  },
  "loss": 0.15981045426571205,
  "epochs_trained": 86,
  "architecture": "mlp"
}