{
  "hyperparams": {
    "batch_size": 128,
    "dropout_rate": 0.13462649905675694,
    "hidden_dim": 1024,
    "lead_time_embedding_dim": 1,
    "learning_rate": 0.00034386827652574105,
    "min_delta": 0.00021822048140247082,
    "num_layers": 3,
    "patience": 20,
    "weight_decay": 0.0008142591028786311
  },
  "loss": 0.1589307719714021,
  "epochs_trained": 55,
  "architecture": "mlp"
}