{
  "hyperparams": {
    "batch_size": 256,
    "dropout_rate": 0.1509086224613864,
    "hidden_dim": 128,
    "lead_time_embedding_dim": 8,
    "learning_rate": 0.00022144545256551002,
    "min_delta": 0.0001230117755810708,
    "num_layers": 2,
    "patience": 30,
    "weight_decay": 4.284260407083154e-05
  },
  "loss": 0.15673771378112167,
  "epochs_trained": 101,
  "architecture": "mlp"
}