{
  "hyperparams": {
    "batch_size": 64,
    "dropout_rate": 0.252685435083088,
    "hidden_dim": 1024,
    "lead_time_embedding_dim": 1,
    "learning_rate": 8.857142722891355e-06,
    "min_delta": 0.0005845515931771418,
    "num_layers": 2,
    "patience": 15,
    "weight_decay": 0.00011789779088919974
  },
  "loss": 0.15823525986442827,
  "epochs_trained": 82,
  "architecture": "mlp"
}