{
  "hyperparams": {
    "batch_size": 128,
    "dropout_rate": 0.17734618600096147,
    "hidden_dim": 128,
    "lead_time_embedding_dim": 1,
    "learning_rate": 0.0022978514764537624,
    "min_delta": 3.3275954955442375e-05,
    "num_layers": 10,
    "patience": 20,
    "weight_decay": 0.0002930365463761742
  },
  "loss": 0.1613975653093155,
  "epochs_trained": 29,
  "architecture": "mlp"
}