{
  "hyperparams": {
    "batch_size": 128,
    "dropout_rate": 0.21766677881503438,
    "hidden_dim": 1024,
    "lead_time_embedding_dim": 1,
    "learning_rate": 0.00022059306464767216,
    "min_delta": 1.117800086677693e-05,
    "num_layers": 2,
    "patience": 20,
    "weight_decay": 0.0003156878085326157
  },
  "loss": 0.15604956386840507,
  "epochs_trained": 44,
  "architecture": "mlp"
}