{
  "hyperparams": {
    "batch_size": 64,
    "dropout_rate": 0.2616902764916499,
    "hidden_dim": 128,
    "lead_time_embedding_dim": 1,
    "learning_rate": 0.00024019351175936642,
    "min_delta": 2.9149904387737027e-05,
    "num_layers": 2,
    "patience": 20,
    "weight_decay": 0.0005288254970474606
  },
  "loss": 0.15561995318491165,
  "epochs_trained": 109,
  "architecture": "mlp"
}