{
  "hyperparams": {
    "batch_size": 64,
    "dropout_rate": 0.24831391390165303,
    "hidden_dim": 256,
    "lead_time_embedding_dim": 1,
    "learning_rate": 3.33078938628257e-06,
    "min_delta": 1.0791595669546363e-05,
    "num_layers": 6,
    "patience": 50,
    "weight_decay": 7.366978953018754e-05
  },
  "loss": 0.16083759743056886,
  "epochs_trained": 300,
  "architecture": "mlp"
}