{
  "hyperparams": {
    "batch_size": 256,
    "dropout_rate": 0.14891472226018396,
    "hidden_dim": 128,
    "lead_time_embedding_dim": 8,
    "learning_rate": 0.0002975107279455791,
    "min_delta": 0.00015853202087103186,
    "patience": 30,
    "weight_decay": 4.0118902660337086e-05
  },
  "loss": 0.058188895350096546,
  "epochs_trained": 242,
  "architecture": "unet"
}