{
  "hyperparams": {
    "batch_size": 64,
    "dropout_rate": 0.13341665542892905,
    "hidden_dim": 128,
    "lead_time_embedding_dim": 8,
    "learning_rate": 0.0007419177334279118,
    "min_delta": 0.0002150857918311191,
    "patience": 30,
    "weight_decay": 5.853551125829875e-06
  },
  "loss": 0.05658817547776295,
  "epochs_trained": 206,
  "architecture": "unet"
}