{
  "hyperparams": {
    "batch_size": 64,
    "dropout_rate": 0.11777873661526449,
    "hidden_dim": 64,
    "lead_time_embedding_dim": 16,
    "learning_rate": 0.0015868362927239344,
    "min_delta": 0.00023103433982087285,
    "patience": 25,
    "weight_decay": 4.581735721809512e-06
  },
  "loss": 0.058105370874120287,
  "epochs_trained": 204,
  "architecture": "unet"
}