{
  "hyperparams": {
    "batch_size": 64,
    "dropout_rate": 0.18928201056717314,
    "hidden_dim": 64,
    "lead_time_embedding_dim": 16,
    "learning_rate": 0.0038000781501896824,
    "min_delta": 1.15984652746577e-05,
    "patience": 20,
    "weight_decay": 1.1667614114608866e-06
  },
  "loss": 0.05913424431727694,
  "epochs_trained": 266,
  "architecture": "unet"
}