{
  "hyperparams": {
    "batch_size": 256,
    "dropout_rate": 0.08187340022645913,
    "hidden_dim": 128,
    "lead_time_embedding_dim": 8,
    "learning_rate": 0.000570449674150376,
    "min_delta": 2.4347403621385516e-05,
    "patience": 20,
    "weight_decay": 1.4474243885149098e-05
  },
  "loss": 0.05788614964832347,
  "epochs_trained": 199,
  "architecture": "unet"
}