{
  "hyperparams": {
    "batch_size": 64,
    "dropout_rate": 0.13857224496180706,
    "hidden_dim": 64,
    "lead_time_embedding_dim": 16,
    "learning_rate": 0.0024057422279664966,
    "min_delta": 0.0006718065284271458,
    "patience": 20,
    "weight_decay": 0.0004589879418933148
  },
  "loss": 0.07844036033821766,
  "epochs_trained": 66,
  "architecture": "unet"
}