{
  "hyperparams": {
    "batch_size": 256,
    "dropout_rate": 0.05224979613970224,
    "hidden_dim": 64,
    "lead_time_embedding_dim": 8,
    "learning_rate": 0.0003265709106972286,
    "min_delta": 5.508722647866295e-05,
    "patience": 20,
    "weight_decay": 0.00010308482063876094
  },
  "loss": 0.0580606308723816,
  "epochs_trained": 133,
  "architecture": "unet"
}