{
  "hyperparams": {
    "batch_size": 256,
    "dropout_rate": 0.11040266562576928,
    "hidden_dim": 128,
    "lead_time_embedding_dim": 8,
    "learning_rate": 0.006130889752850666,
    "min_delta": 4.195046818013404e-05,
    "patience": 20,
    "weight_decay": 0.00018004853708665307
  },
  "loss": 0.06504587699350876,
  "epochs_trained": 272,
  "architecture": "unet"
}