{
  "hyperparams": {
    "batch_size": 256,
    "dropout_rate": 0.07167126120791546,
    "hidden_dim": 128,
    "lead_time_embedding_dim": 16,
    "learning_rate": 0.0011617396920962446,
    "min_delta": 4.8664819746064235e-05,
    "patience": 20,
    "weight_decay": 0.0001481928191111603
  },
  "loss": 0.05751174269834879,
  "epochs_trained": 240,
  "architecture": "unet"
}