{
  "hyperparams": {
    "batch_size": 64,
    "dropout_rate": 0.17482908536382882,
    "hidden_dim": 128,
    "lead_time_embedding_dim": 8,
    "learning_rate": 0.0030590895089111165,
    "min_delta": 0.0003629797809080758,
    "patience": 15,
    "weight_decay": 7.56656657769234e-05
  },
  "loss": 0.0708639471691785,
  "epochs_trained": 104,
  "architecture": "unet"
}