{
  "hyperparams": {
    "batch_size": 128,
    "dropout_rate": 0.15707924331362572,
    "hidden_dim": 128,
    "lead_time_embedding_dim": 8,
    "learning_rate": 0.002871913828426921,
    "min_delta": 5.431064058400817e-05,
    "patience": 25,
    "weight_decay": 1.1860674364105855e-06
  },
  "loss": 0.060874324390769965,
  "epochs_trained": 245,
  "architecture": "unet"
}