{
  "hyperparams": {
    "batch_size": 256,
    "dropout_rate": 0.1664043226707263,
    "hidden_dim": 64,
    "lead_time_embedding_dim": 8,
    "learning_rate": 0.0002790734804759084,
    "min_delta": 5.101060984891158e-05,
    "patience": 20,
    "weight_decay": 0.0001308684611530897
  },
  "loss": 0.05953781934070477,
  "epochs_trained": 261,
  "architecture": "unet"
}