{
  "hyperparams": {
    "batch_size": 256,
    "dropout_rate": 0.15365860449557112,
    "hidden_dim": 64,
    "lead_time_embedding_dim": 16,
    "learning_rate": 0.00022096879661134152,
    "min_delta": 2.3887651121868723e-05,
    "patience": 20,
    "weight_decay": 0.00046905952733753
  },
  "loss": 0.06375701857393451,
  "epochs_trained": 295,
  "architecture": "unet"
}