{
  "hyperparams": {
    "batch_size": 256,
    "dropout_rate": 0.1050527519416977,
    "hidden_dim": 64,
    "lead_time_embedding_dim": 8,
    "learning_rate": 0.00014797502540550117,
    "min_delta": 2.49243191445399e-05,
    "patience": 15,
    "weight_decay": 0.0009295061878907237
  },
  "loss": 0.06277735033335707,
  "epochs_trained": 209,
  "architecture": "unet"
}