{
  "hyperparams": {
    "batch_size": 64,
    "dropout_rate": 0.1722336538635663,
    "hidden_dim": 128,
    "lead_time_embedding_dim": 8,
    "learning_rate": 0.0004043172324261113,
    "min_delta": 0.0004670162827193417,
    "patience": 25,
    "weight_decay": 3.4062906587473794e-05
  },
  "loss": 0.06332741152697094,
  "epochs_trained": 193,
  "architecture": "unet"
}