{
  "hyperparams": {
    "batch_size": 256,
    "dropout_rate": 0.1027490216700613,
    "hidden_dim": 64,
    "lead_time_embedding_dim": 8,
    "learning_rate": 0.00013672388618050368,
    "min_delta": 6.26340718171737e-05,
    "patience": 30,
    "weight_decay": 0.0001367644102693903
  },
  "loss": 0.06313447612998395,
  "epochs_trained": 300,
  "architecture": "unet"
}