{
  "hyperparams": {
    "batch_size": 128,
    "dropout_rate": 0.06690173483565998,
    "hidden_dim": 128,
    "lead_time_embedding_dim": 8,
    "learning_rate": 0.0008924377523457542,
    "min_delta": 3.8635212831152826e-05,
    "patience": 20,
    "weight_decay": 1.5051641707080567e-05
  },
  "loss": 0.06179517647197777,
  "epochs_trained": 201,
  "architecture": "unet"
}