{
  "hyperparams": {
    "batch_size": 64,
    "dropout_rate": 0.08911047112983188,
    "hidden_dim": 64,
    "lead_time_embedding_dim": 16,
    "learning_rate": 0.0002979124563710867,
    "min_delta": 1.5085413266638938e-05,
    "patience": 30,
    "weight_decay": 4.501221505141702e-06
  },
  "loss": 0.0628111021122718,
  "epochs_trained": 193,
  "architecture": "unet"
}