{
  "hyperparams": {
    "batch_size": 256,
    "dropout_rate": 0.14855752213230086,
    "hidden_dim": 128,
    "lead_time_embedding_dim": 16,
    "learning_rate": 0.0011174981791847506,
    "min_delta": 4.7313400604024324e-05,
    "patience": 15,
    "weight_decay": 1.8984636560926488e-05
  },
  "loss": 0.06465074884454959,
  "epochs_trained": 210,
  "architecture": "unet"
}