{
  "hyperparams": {
    "batch_size": 256,
    "dropout_rate": 0.12933803114509107,
    "hidden_dim": 64,
    "lead_time_embedding_dim": 8,
    "learning_rate": 0.00014929353733222602,
    "min_delta": 6.542453597508485e-05,
    "patience": 20,
    "weight_decay": 0.000394665183965602
  },
  "loss": 0.06185863191539029,
  "epochs_trained": 250,
  "architecture": "unet"
}