{
  "hyperparams": {
    "batch_size": 256,
    "dropout_rate": 0.09332307956975508,
    "hidden_dim": 64,
    "lead_time_embedding_dim": 16,
    "learning_rate": 0.000557025678623245,
    "min_delta": 6.637496088973953e-05,
    "patience": 30,
    "weight_decay": 0.00020340980431214774
  },
  "loss": 0.061294287675186014,
  "epochs_trained": 300,
  "architecture": "unet"
}