{
  "hyperparams": {
    "batch_size": 256,
    "dropout_rate": 0.06304654573451171,
    "hidden_dim": 128,
    "lead_time_embedding_dim": 16,
    "learning_rate": 0.0005210705083599975,
    "min_delta": 9.80633050240874e-05,
    "patience": 20,
    "weight_decay": 0.00029533901132537297
  },
  "loss": 0.05996789536605382,
  "epochs_trained": 250,
  "architecture": "unet"
}