{
  "hyperparams": {
    "batch_size": 128,
    "dropout_rate": 0.04809755472476199,
    "lead_time_embedding_dim": 8,
    "learning_rate": 0.0001767781604518722,
    "min_delta": 4.532569945012209e-05,
    "mlp_hidden_dim": 64,
    "mlp_layers": 2,
    "month_embedding_dim": 16,
    "patience": 20,
    "weight_decay": 2.995168358194249e-06
  },
  "loss": 0.05853404077748879,
  "region_losses": {
    "india_4x4_24_120_240h_mlp": 0.0537058411744872,
    "ethiopia_4x4_24_120_240h_mlp": 0.06336224038049039
  },
  "architecture": "mlp"
}