{
  "hyperparams": {
    "T_0": 10,
    "T_mult": 2,
    "batch_size": 16,
    "dropout_rate": 0.17657463680376742,
    "eta_min": 2.464850211127594e-08,
    "lead_time_embedding_dim": 8,
    "learning_rate": 0.00019922072561891942,
    "mlp_hidden_dim": 1024,
    "mlp_layers": 2,
    "num_epochs": 750,
    "weight_decay": 4.678624958168989e-05
  },
  "loss": 0.3849625324198123,
  "region_losses": {
    "india_6x6_24_120_216h_mlp": 1.044011156726403
  },
  "architecture": "mlp"
}