{
  "hyperparams": {
    "batch_size": 16,
    "dropout_rate": 0.08250225037444275,
    "lead_time_embedding_dim": 8,
    "learning_rate": 1.8377906197185905e-06,
    "min_delta": 1.061719203659975e-06,
    "mlp_hidden_dim": 512,
    "mlp_layers": 7,
    "month_embedding_dim": 8,
    "patience": 70,
    "weight_decay": 1.369833756732753e-06
  },
  "loss": 0.08401374094988477,
  "region_losses": {
    "india_4x4_24_120_240h_mlp": 0.08327878003812672,
    "ethiopia_4x4_24_120_240h_mlp": 0.08474870186164282
  },
  "architecture": "mlp"
}