{
  "hyperparams": {
    "T_0": 10,
    "T_mult": 3,
    "batch_size": 64,
    "dropout_rate": 0.36122950799616277,
    "eta_min": 1.97684088751419e-06,
    "lead_time_embedding_dim": 16,
    "learning_rate": 0.0018454073164660605,
    "mlp_hidden_dim": 128,
    "mlp_layers": 3,
    "num_epochs": 500,
    "weight_decay": 0.00013872788732661987
  },
  "loss": 0.37959462753272893,
  "region_losses": {
    "india_6x6_24_120_216h_mlp": 1.0075275542949649
  },
  "architecture": "mlp"
}