{
  "hyperparams": {
    "batch_size": 64,
    "dropout_rate": 0.35376285558093934,
    "lead_time_embedding_dim": 4,
    "learning_rate": 1.4216680477102276e-05,
    "min_delta": 0.0008125679464141993,
    "mlp_hidden_dim": 1024,
    "mlp_layers": 6,
    "month_embedding_dim": 4,
    "patience": 70,
    "weight_decay": 0.009658224061429221
  },
  "loss": 1.1062575252250582,
  "region_losses": {
    "india_4x4_24_120_240h_mlp": 1.0559245625629567,
    "ethiopia_4x4_24_120_240h_mlp": 1.1565904878871596
  },
  "architecture": "mlp"
}