{
  "hyperparams": {
    "batch_size": 64,
    "dropout_rate": 0.3627476655367787,
    "hidden_dim": 1024,
    "lead_time_embedding_dim": 16,
    "learning_rate": 3.676613100899739e-05,
    "min_delta": 1.007161438807267e-05,
    "num_layers": 2,
    "patience": 30,
    "weight_decay": 1.0177517379751984e-05
  },
  "loss": 0.05441997483270392,
  "epochs_trained": 461,
  "architecture": "mlp"
}