{
  "hyperparams": {
    "T_0": 30,
    "T_mult": 2,
    "batch_size": 16,
    "dropout_rate": 0.11181458964915647,
    "eta_min": 2.2956205436201393e-06,
    "lead_time_embedding_dim": 4,
    "learning_rate": 1.7954011643230313e-05,
    "mlp_hidden_dim": 512,
    "mlp_layers": 5,
    "num_epochs": 500,
    "weight_decay": 2.083036291979968e-06
  },
  "loss": 0.43957044999403755,
  "region_losses": {
    "india_6x6_24_120_216h_mlp": 1.2081869124788926
  },
  "architecture": "mlp"
}