{
  "hyperparams": {
    "T_0": 20,
    "T_mult": 1,
    "batch_size": 128,
    "dropout_rate": 0.4609637334254458,
    "eta_min": 1.623721260959316e-08,
    "lead_time_embedding_dim": 4,
    "learning_rate": 0.0009468979097129258,
    "mlp_hidden_dim": 256,
    "mlp_layers": 6,
    "num_epochs": 50,
    "weight_decay": 0.0032861450259290977
  },
  "loss": 0.4046279192530056,
  "region_losses": {
    "india_6x6_24_120_216h_mlp": 1.0435890089224384
  },
  "architecture": "mlp"
}