{
  "hyperparams": {
    "batch_size": 16,
    "dropout_rate": 0.4416036680913558,
    "lead_time_embedding_dim": 32,
    "learning_rate": 0.0005207353935160028,
    "min_delta": 3.880602755174115e-06,
    "mlp_hidden_dim": 64,
    "mlp_layers": 3,
    "month_embedding_dim": 16,
    "patience": 30,
    "weight_decay": 7.994670529276046e-05
  },
  "loss": 0.13271525271754714,
  "region_losses": {
    "india_4x4_24_120_240h_mlp": 0.1606940257350718,
    "ethiopia_4x4_24_120_240h_mlp": 0.10473647970002249
  },
  "architecture": "mlp"
}