{
  "hyperparams": {
    "batch_size": 32,
    "dropout_rate": 0.18790654748546123,
    "lead_time_embedding_dim": 8,
    "learning_rate": 5.0638647196954176e-05,
    "min_delta": 0.00036481352997606674,
    "mlp_hidden_dim": 256,
    "mlp_layers": 6,
    "month_embedding_dim": 32,
    "patience": 50,
    "weight_decay": 6.687775845435377e-06
  },
  "loss": 0.07360671762546063,
  "region_losses": {
    "india_4x4_24_120_240h_mlp": 0.07915708144066458,
    "ethiopia_4x4_24_120_240h_mlp": 0.06805635381025668
  },
  "architecture": "mlp"
}