{
  "hyperparams": {
    "T_0": 30,
    "T_mult": 3,
    "batch_size": 16,
    "dropout_rate": 0.11425052897308426,
    "eta_min": 8.839609844199502e-06,
    "lead_time_embedding_dim": 32,
    "learning_rate": 0.000787581899777239,
    "mlp_hidden_dim": 64,
    "mlp_layers": 4,
    "num_epochs": 750,
    "weight_decay": 3.583096190271458e-06
  },
  "loss": 0.28671427940064714,
  "region_losses": {
    "india_6x6_24_120_216h_mlp": 0.7387701271521265
  },
  "architecture": "mlp"
}