{
  "hyperparams": {
    "T_0": 30,
    "T_mult": 1,
    "batch_size": 32,
    "dropout_rate": 0.054009130985328,
    "eta_min": 6.716803221684664e-07,
    "lead_time_embedding_dim": 8,
    "learning_rate": 3.1187189600711805e-06,
    "mlp_hidden_dim": 128,
    "mlp_layers": 6,
    "num_epochs": 50,
    "weight_decay": 6.703520682947551e-05
  },
  "loss": 0.3731151901466738,
  "region_losses": {
    "india_6x6_24_120_216h_mlp": 0.9457453775059513
  },
  "architecture": "mlp"
}