{
  "hyperparams": {
    "batch_size": 128,
    "dropout_rate": 0.3366639711203463,
    "lead_time_embedding_dim": 4,
    "learning_rate": 0.00022796533676030245,
    "min_delta": 0.0009418930328224364,
    "mlp_hidden_dim": 1024,
    "mlp_layers": 2,
    "month_embedding_dim": 16,
    "patience": 20,
    "weight_decay": 1.6185380766422686e-05
  },
  "loss": 0.0585353263171838,
  "region_losses": {
    "india_4x4_24_120_240h_mlp": 0.05494308834793854,
    "ethiopia_4x4_24_120_240h_mlp": 0.06212756428642906
  },
  "architecture": "mlp"
}