{
  "hyperparams": {
    "T_0": 20,
    "T_mult": 1,
    "batch_size": 16,
    "dropout_rate": 0.2760832366779681,
    "eta_min": 9.765181851217374e-08,
    "lead_time_embedding_dim": 32,
    "learning_rate": 0.0032997659360525446,
    "mlp_hidden_dim": 128,
    "mlp_layers": 6,
    "num_epochs": 750,
    "weight_decay": 4.641498225284048e-06
  },
  "loss": 0.3925754509528649,
  "region_losses": {
    "india_6x6_24_120_216h_mlp": 1.0287339557458355
  },
  "architecture": "mlp"
}