{
  "hyperparams": {
    "batch_size": 128,
    "dropout_rate": 0.04434900860015578,
    "lead_time_embedding_dim": 4,
    "learning_rate": 0.0020645762133648026,
    "min_delta": 1.1375257367037816e-05,
    "mlp_hidden_dim": 128,
    "mlp_layers": 7,
    "month_embedding_dim": 8,
    "patience": 20,
    "weight_decay": 0.0020578126786357904
  },
  "loss": 0.651065941701019,
  "region_losses": {
    "india_4x4_24_120_240h_mlp": 0.14461753837922603,
    "ethiopia_4x4_24_120_240h_mlp": 1.1575143450228118
  },
  "architecture": "mlp"
}