{
  "hyperparams": {
    "batch_size": 64,
    "dropout_rate": 0.14290956336870658,
    "lead_time_embedding_dim": 8,
    "learning_rate": 0.006040662691944829,
    "min_delta": 0.00010403078019290188,
    "mlp_hidden_dim": 256,
    "mlp_layers": 4,
    "month_embedding_dim": 8,
    "patience": 20,
    "weight_decay": 0.0068627479005040825
  },
  "loss": 0.1848920989805155,
  "region_losses": {
    "india_4x4_24_120_240h_mlp": 0.15464803024416063,
    "ethiopia_4x4_24_120_240h_mlp": 0.2151361677168704
  },
  "architecture": "mlp"
}