{
  "hyperparams": {
    "T_0": 30,
    "T_mult": 1,
    "batch_size": 32,
    "dropout_rate": 0.11710991372385209,
    "eta_min": 3.17247493061137e-08,
    "lead_time_embedding_dim": 4,
    "learning_rate": 2.7316309129936998e-05,
    "mlp_hidden_dim": 512,
    "mlp_layers": 4,
    "num_epochs": 100,
    "weight_decay": 0.009009935786146103
  },
  "loss": 10000000000.0,
  "region_losses": {},
  "architecture": "mlp"
}