{
  "hyperparams": {
    "batch_size": 128,
    "dropout_rate": 0.15130336903562291,
    "lead_time_embedding_dim": 4,
    "learning_rate": 6.1614475043863e-06,
    "min_delta": 0.0004776559730934636,
    "mlp_hidden_dim": 64,
    "mlp_layers": 7,
    "month_embedding_dim": 4,
    "patience": 30,
    "weight_decay": 2.521825506107984e-06
  },
  "loss": 10000000000.0,
  "region_losses": {},
  "architecture": "mlp"
}