{
  "hyperparams": {
    "T_0": 5,
    "T_mult": 3,
    "batch_size": 16,
    "dropout_rate": 0.23734891524673923,
    "eta_min": 7.748940012771851e-07,
    "lead_time_embedding_dim": 32,
    "learning_rate": 2.1016000180060743e-05,
    "mlp_hidden_dim": 512,
    "mlp_layers": 2,
    "num_epochs": 100,
    "weight_decay": 0.00010607754970719968
  },
  "loss": 10000000000.0,
  "region_losses": {},
  "architecture": "mlp"
}