{
  "hyperparams": {
    "batch_size": 256,
    "dropout_rate": 0.12138395981465477,
    "hidden_dim": 1024,
    "lead_time_embedding_dim": 8,
    "learning_rate": 0.0005051246342479258,
    "min_delta": 8.009165051839355e-05,
    "num_layers": 3,
    "patience": 30,
    "weight_decay": 3.443820371349316e-06
  },
  "loss": 0.05824316035195618,
  "epochs_trained": 156,
  "architecture": "mlp"
}