{
  "hyperparams": {
    "batch_size": 32,
    "dropout_rate": 0.0778703520991358,
    "lead_time_embedding_dim": 32,
    "learning_rate": 5.579408696315725e-05,
    "min_delta": 5.570657326491346e-06,
    "mlp_hidden_dim": 128,
    "mlp_layers": 3,
    "month_embedding_dim": 4,
    "patience": 50,
    "weight_decay": 0.0004575989723067925
  },
  "loss": 10000000000.0,
  "region_losses": {},
  "architecture": "mlp"
}