{
  "hyperparams": {
    "T_0": 10,
    "T_mult": 3,
    "batch_size": 32,
    "dropout_rate": 0.1646304640953241,
    "eta_min": 6.287257398342057e-08,
    "lead_time_embedding_dim": 16,
    "learning_rate": 2.904213032435087e-06,
    "mlp_hidden_dim": 64,
    "mlp_layers": 2,
    "num_epochs": 250,
    "weight_decay": 0.00011769971698822607
  },
  "loss": 10000000000.0,
  "region_losses": {},
  "architecture": "mlp"
}