{
  "hyperparams": {
    "batch_size": 64,
    "dropout_rate": 0.427898240948647,
    "hidden_dim": 1024,
    "lead_time_embedding_dim": 4,
    "learning_rate": 8.314529200483712e-06,
    "min_delta": 6.411240933587939e-05,
    "num_layers": 3,
    "patience": 30,
    "weight_decay": 6.5140163497117115e-06
  },
  "loss": 0.062452815737345124,
  "epochs_trained": 279,
  "architecture": "mlp"
}