{
  "hyperparams": {
    "batch_size": 128,
    "dropout_rate": 0.28658652832658194,
    "hidden_dim": 1024,
    "lead_time_embedding_dim": 32,
    "learning_rate": 0.00036902078567202246,
    "min_delta": 0.0009138554618440901,
    "num_layers": 2,
    "patience": 15,
    "weight_decay": 3.5116050340975124e-06
  },
  "loss": 0.0673380282201569,
  "epochs_trained": 35,
  "architecture": "mlp"
}