{
  "hyperparams": {
    "T_0": 20,
    "T_mult": 1,
    "batch_size": 32,
    "dropout_rate": 0.08899904104649023,
    "eta_min": 1.508307922469111e-08,
    "lead_time_embedding_dim": 4,
    "learning_rate": 3.53809846392126e-06,
    "mlp_hidden_dim": 256,
    "mlp_layers": 4,
    "num_epochs": 50,
    "weight_decay": 0.0008145515641743388
  },
  "loss": 10000000000.0,
  "region_losses": {},
  "architecture": "mlp"
}