{
  "hyperparams": {
    "batch_size": 64,
    "dropout_rate": 0.4293839748206727,
    "hidden_dim": 64,
    "lead_time_embedding_dim": 16,
    "learning_rate": 0.00023745444227310365,
    "min_delta": 3.0332626620142426e-05,
    "num_layers": 2,
    "patience": 30,
    "weight_decay": 1.2343974357787008e-06
  },
  "loss": 0.06318961152086541,
  "epochs_trained": 206,
  "architecture": "mlp"
}