{
  "hyperparams": {
    "T_0": 30,
    "T_mult": 3,
    "batch_size": 16,
    "dropout_rate": 0.0927477251791836,
    "eta_min": 1.682403121323077e-08,
    "lead_time_embedding_dim": 8,
    "learning_rate": 0.00021146750169352994,
    "mlp_hidden_dim": 256,
    "mlp_layers": 2,
    "num_epochs": 750,
    "weight_decay": 0.0032269157257693417
  },
  "loss": 0.3434916947424129,
  "region_losses": {
    "india_6x6_24_120_216h_mlp": 0.8789149824412625
  },
  "architecture": "mlp"
}