{
  "hyperparams": {
    "T_0": 10,
    "T_mult": 2,
    "batch_size": 16,
    "dropout_rate": 0.1332730611942633,
    "eta_min": 1.3104669098340568e-07,
    "lead_time_embedding_dim": 4,
    "learning_rate": 6.980949767765097e-05,
    "mlp_hidden_dim": 128,
    "mlp_layers": 7,
    "num_epochs": 250,
    "weight_decay": 1.0772078141944427e-05
  },
  "loss": 0.30809932144841523,
  "region_losses": {
    "india_6x6_24_120_216h_mlp": 0.7943024244926167
  },
  "architecture": "mlp"
}