{
  "hyperparams": {
    "T_0": 30,
    "T_mult": 3,
    "batch_size": 16,
    "dropout_rate": 0.11252275954343184,
    "eta_min": 4.140542173468366e-06,
    "lead_time_embedding_dim": 32,
    "learning_rate": 0.0007321529295593725,
    "mlp_hidden_dim": 64,
    "mlp_layers": 4,
    "num_epochs": 750,
    "weight_decay": 1.0567903821296893e-06
  },
  "loss": 0.3637779383386337,
  "region_losses": {
    "india_6x6_24_120_216h_mlp": 0.9659590325690355
  },
  "architecture": "mlp"
}