{
  "hyperparams": {
    "T_0": 10,
    "T_mult": 3,
    "batch_size": 64,
    "dropout_rate": 0.3036492764928299,
    "eta_min": 3.87028228788753e-07,
    "lead_time_embedding_dim": 16,
    "learning_rate": 1.1645880769479425e-06,
    "mlp_hidden_dim": 64,
    "mlp_layers": 5,
    "num_epochs": 500,
    "weight_decay": 1.273175685820663e-05
  },
  "loss": 10000000000.0,
  "region_losses": {},
  "architecture": "mlp"
}