{
  "hyperparams": {
    "batch_size": 32,
    "dropout_rate": 0.32965760218343615,
    "lead_time_embedding_dim": 8,
    "learning_rate": 2.507189066922074e-05,
    "min_delta": 5.2570538505756615e-05,
    "mlp_hidden_dim": 256,
    "mlp_layers": 2,
    "month_embedding_dim": 4,
    "patience": 70,
    "weight_decay": 4.0787050676677726e-05
  },
  "loss": 0.06117603701038103,
  "region_losses": {
    "india_4x4_24_120_240h_mlp": 0.05466849537055976,
    "ethiopia_4x4_24_120_240h_mlp": 0.0676835786502023
  },
  "architecture": "mlp"
}