{
  "hyperparams": {
    "T_0": 5,
    "T_mult": 1,
    "batch_size": 16,
    "dropout_rate": 0.2584223963029935,
    "eta_min": 1.182153042900986e-07,
    "lead_time_embedding_dim": 4,
    "learning_rate": 0.005409120849408976,
    "mlp_hidden_dim": 256,
    "mlp_layers": 2,
    "num_epochs": 500,
    "weight_decay": 0.00032527757811687545
  },
  "loss": 0.42347112804952286,
  "region_losses": {
    "india_6x6_24_120_216h_mlp": 1.1133871612479553
  },
  "architecture": "mlp"
}