{
  "hyperparams": {
    "T_0": 10,
    "T_mult": 2,
    "batch_size": 16,
    "dropout_rate": 0.41472847241444966,
    "eta_min": 7.82121697959973e-08,
    "lead_time_embedding_dim": 8,
    "learning_rate": 0.0006642786026824173,
    "mlp_hidden_dim": 512,
    "mlp_layers": 6,
    "num_epochs": 100,
    "weight_decay": 0.00022893602257296322
  },
  "loss": 0.3537954905213236,
  "region_losses": {
    "india_6x6_24_120_216h_mlp": 0.9087678274144272
  },
  "architecture": "mlp"
}