{
  "hyperparams": {
    "batch_size": 256,
    "dropout_rate": 0.28302724325823647,
    "hidden_dim": 1024,
    "lead_time_embedding_dim": 16,
    "learning_rate": 2.1781541106427925e-05,
    "min_delta": 4.219546287969706e-05,
    "num_layers": 2,
    "patience": 30,
    "weight_decay": 5.185116402147244e-05
  },
  "loss": 0.06218835861513762,
  "epochs_trained": 493,
  "architecture": "mlp"
}