{
  "hyperparams": {
    "T_0": 15,
    "T_mult": 3,
    "batch_size": 64,
    "dropout_rate": 0.03653877445554554,
    "eta_min": 2.978170400111063e-07,
    "lead_time_embedding_dim": 32,
    "learning_rate": 5.995545424069368e-06,
    "mlp_hidden_dim": 512,
    "mlp_layers": 4,
    "num_epochs": 500,
    "weight_decay": 7.642652942498004e-05
  },
  "loss": 10000000000.0,
  "region_losses": {},
  "architecture": "mlp"
}