{
  "hyperparams": {
    "T_0": 5,
    "T_mult": 1,
    "batch_size": 32,
    "dropout_rate": 0.24910180460561496,
    "eta_min": 2.0034107657747367e-06,
    "lead_time_embedding_dim": 4,
    "learning_rate": 2.4914294142595256e-06,
    "mlp_hidden_dim": 512,
    "mlp_layers": 2,
    "num_epochs": 750,
    "weight_decay": 0.0002892825875868694
  },
  "loss": 10000000000.0,
  "region_losses": {},
  "architecture": "mlp"
}