{
  "hyperparams": {
    "T_0": 15,
    "T_mult": 2,
    "batch_size": 16,
    "dropout_rate": 0.22398200566204846,
    "eta_min": 1.4204077314645738e-06,
    "lead_time_embedding_dim": 4,
    "learning_rate": 0.0011467716909401293,
    "mlp_hidden_dim": 1024,
    "mlp_layers": 5,
    "num_epochs": 50,
    "weight_decay": 0.0003784640800370187
  },
  "loss": 10000000000.0,
  "region_losses": {},
  "architecture": "mlp"
}