{
  "hyperparams": {
    "batch_size": 64,
    "dropout_rate": 0.17322923883189517,
    "lead_time_embedding_dim": 4,
    "learning_rate": 7.285254798919535e-06,
    "min_delta": 2.940115766197163e-05,
    "mlp_hidden_dim": 1024,
    "mlp_layers": 2,
    "month_embedding_dim": 16,
    "patience": 30,
    "weight_decay": 4.053169117258606e-06
  },
  "loss": 0.05518888549783975,
  "region_losses": {
    "india_4x4_24_120_240h_mlp": 0.05050375647864282,
    "ethiopia_4x4_24_120_240h_mlp": 0.05987401451703668
  },
  "architecture": "mlp"
}