{
  "hyperparams": {
    "T_0": 5,
    "T_mult": 2,
    "batch_size": 16,
    "dropout_rate": 0.20733059034979284,
    "eta_min": 1.944584884134625e-08,
    "lead_time_embedding_dim": 32,
    "learning_rate": 0.0019361466772516466,
    "mlp_hidden_dim": 64,
    "mlp_layers": 4,
    "num_epochs": 750,
    "weight_decay": 0.0017198911686500265
  },
  "loss": 10000000000.0,
  "region_losses": {},
  "architecture": "mlp"
}