{
  "hyperparams": {
    "batch_size": 256,
    "dropout_rate": 0.3516719780228483,
    "hidden_dim": 512,
    "lead_time_embedding_dim": 4,
    "learning_rate": 0.00010019381793453847,
    "min_delta": 2.356800042696234e-05,
    "num_layers": 3,
    "patience": 100,
    "weight_decay": 0.0004524092646970411
  },
  "loss": 0.06682825611917051,
  "epochs_trained": 606,
  "architecture": "mlp"
}