{
  "hyperparams": {
    "T_0": 30,
    "T_mult": 3,
    "batch_size": 16,
    "dropout_rate": 0.4995901669317026,
    "eta_min": 6.23992857264997e-07,
    "lead_time_embedding_dim": 32,
    "learning_rate": 0.0023130652642327147,
    "mlp_hidden_dim": 128,
    "mlp_layers": 7,
    "num_epochs": 500,
    "weight_decay": 1.497123815254222e-06
  },
  "loss": 0.3839386785094743,
  "region_losses": {
    "india_6x6_24_120_216h_mlp": 0.9964939583877674
  },
  "architecture": "mlp"
}