{
  "hyperparams": {
    "batch_size": 128,
    "dropout_rate": 0.29124004639315576,
    "lead_time_embedding_dim": 4,
    "learning_rate": 0.00012055312174285412,
    "min_delta": 5.9717813865674064e-05,
    "mlp_hidden_dim": 1024,
    "mlp_layers": 2,
    "month_embedding_dim": 16,
    "patience": 70,
    "weight_decay": 1.39909457447537e-05
  },
  "loss": 0.05066718902526608,
  "region_losses": {
    "india_4x4_24_120_240h_mlp": 0.044902330359667626,
    "ethiopia_4x4_24_120_240h_mlp": 0.056432047690864545
  },
  "architecture": "mlp"
}