{
  "hyperparams": {
    "T_0": 5,
    "T_mult": 1,
    "batch_size": 16,
    "dropout_rate": 0.1332525301330403,
    "eta_min": 2.107824426884135e-08,
    "lead_time_embedding_dim": 16,
    "learning_rate": 0.0016088485404517437,
    "mlp_hidden_dim": 512,
    "mlp_layers": 2,
    "num_epochs": 750,
    "weight_decay": 0.0008988642794491614
  },
  "loss": 0.29838495983479985,
  "region_losses": {
    "india_6x6_24_120_216h_mlp": 0.7543415958309866
  },
  "architecture": "mlp"
}