{
  "hyperparams": {
    "batch_size": 128,
    "dropout_rate": 0.19728266940890063,
    "lead_time_embedding_dim": 32,
    "learning_rate": 0.0002478325431181102,
    "min_delta": 2.0576088424660536e-05,
    "mlp_hidden_dim": 64,
    "mlp_layers": 7,
    "month_embedding_dim": 16,
    "patience": 20,
    "weight_decay": 3.511711246498357e-05
  },
  "loss": 0.18176639881594847,
  "region_losses": {
    "india_4x4_24_120_240h_mlp": 0.20465630891164235,
    "ethiopia_4x4_24_120_240h_mlp": 0.15887648872025462
  },
  "architecture": "mlp"
}