{
  "hyperparams": {
    "T_0": 20,
    "T_mult": 2,
    "batch_size": 16,
    "dropout_rate": 0.3052308835320122,
    "eta_min": 2.815671757126844e-07,
    "lead_time_embedding_dim": 8,
    "learning_rate": 0.009097878387423689,
    "mlp_hidden_dim": 64,
    "mlp_layers": 4,
    "num_epochs": 250,
    "weight_decay": 2.5746037729363562e-05
  },
  "loss": 0.3832856969769685,
  "region_losses": {
    "india_6x6_24_120_216h_mlp": 0.9931081091809215
  },
  "architecture": "mlp"
}