{
  "hyperparams": {
    "batch_size": 128,
    "dropout_rate": 0.2068916924828617,
    "lead_time_embedding_dim": 4,
    "learning_rate": 2.4032803746369122e-05,
    "min_delta": 5.369907658900816e-05,
    "mlp_hidden_dim": 1024,
    "mlp_layers": 2,
    "month_embedding_dim": 16,
    "patience": 70,
    "weight_decay": 1.6691216024145224e-05
  },
  "loss": 0.05242552727970119,
  "region_losses": {
    "india_4x4_24_120_240h_mlp": 0.04763099757257992,
    "ethiopia_4x4_24_120_240h_mlp": 0.05722005698682247
  },
  "architecture": "mlp"
}