{
  "hyperparams": {
    "batch_size": 64,
    "dropout_rate": 0.46025517527762233,
    "hidden_dim": 1024,
    "lead_time_embedding_dim": 16,
    "learning_rate": 1.8868504346938703e-05,
    "min_delta": 1.048755580515109e-05,
    "num_layers": 6,
    "patience": 30,
    "weight_decay": 2.9562342162552773e-05
  },
  "loss": 0.061366651403276545,
  "epochs_trained": 457,
  "architecture": "mlp"
}