{
  "hyperparams": {
    "batch_size": 16,
    "dropout_rate": 0.11693793746696704,
    "lead_time_embedding_dim": 32,
    "learning_rate": 9.779219949373046e-05,
    "min_delta": 1.1249421115172866e-05,
    "mlp_hidden_dim": 64,
    "mlp_layers": 3,
    "month_embedding_dim": 8,
    "patience": 20,
    "weight_decay": 1.0083569993633686e-06
  },
  "loss": 0.06790235177076184,
  "region_losses": {
    "india_4x4_24_120_240h_mlp": 0.06233671102576527,
    "ethiopia_4x4_24_120_240h_mlp": 0.07346799251575842
  },
  "architecture": "mlp"
}