{
  "hyperparams": {
    "batch_size": 128,
    "dropout_rate": 0.12486506412501906,
    "lead_time_embedding_dim": 4,
    "learning_rate": 0.0004982769677861163,
    "min_delta": 9.543544651072997e-05,
    "mlp_hidden_dim": 256,
    "mlp_layers": 3,
    "month_embedding_dim": 16,
    "patience": 30,
    "weight_decay": 4.5963485967021155e-05
  },
  "loss": 0.057809192308538745,
  "region_losses": {
    "india_4x4_24_120_240h_mlp": 0.05261873094164935,
    "ethiopia_4x4_24_120_240h_mlp": 0.06299965367542815
  },
  "architecture": "mlp"
}