{
  "hyperparams": {
    "T_0": 20,
    "T_mult": 2,
    "batch_size": 128,
    "dropout_rate": 0.09398544486142418,
    "eta_min": 3.643265221462775e-07,
    "lead_time_embedding_dim": 4,
    "learning_rate": 0.000580288005810027,
    "mlp_hidden_dim": 1024,
    "mlp_layers": 6,
    "num_epochs": 500,
    "weight_decay": 0.005822660276468728
  },
  "loss": 0.41183795725959255,
  "region_losses": {
    "india_6x6_24_120_216h_mlp": 1.039313667767273
  },
  "architecture": "mlp"
}