{
  "hyperparams": {
    "batch_size": 64,
    "dropout_rate": 0.39378824786607547,
    "lead_time_embedding_dim": 4,
    "learning_rate": 0.0021314995051037646,
    "min_delta": 0.00013172470964750347,
    "mlp_hidden_dim": 64,
    "mlp_layers": 5,
    "month_embedding_dim": 8,
    "patience": 30,
    "weight_decay": 0.0008370714224558884
  },
  "loss": 10000000000.0,
  "region_losses": {},
  "architecture": "mlp"
}