{
  "hyperparams": {
    "batch_size": 16,
    "dropout_rate": 0.49140705548270247,
    "lead_time_embedding_dim": 8,
    "learning_rate": 1.2480469368742527e-06,
    "min_delta": 3.4448401411722224e-06,
    "mlp_hidden_dim": 256,
    "mlp_layers": 2,
    "month_embedding_dim": 4,
    "patience": 50,
    "weight_decay": 6.035765826322991e-05
  },
  "loss": 0.08765720999930729,
  "region_losses": {
    "india_4x4_24_120_240h_mlp": 0.08264091681947933,
    "ethiopia_4x4_24_120_240h_mlp": 0.09267350317913524
  },
  "architecture": "mlp"
}