{
  "hyperparams": {
    "T_0": 30,
    "T_mult": 1,
    "batch_size": 16,
    "dropout_rate": 0.14689236625902158,
    "eta_min": 1.1543498526628776e-07,
    "lead_time_embedding_dim": 8,
    "learning_rate": 0.0007064824093758964,
    "mlp_hidden_dim": 64,
    "mlp_layers": 7,
    "num_epochs": 750,
    "weight_decay": 3.286472389759513e-05
  },
  "loss": 0.34026355327416596,
  "region_losses": {
    "india_6x6_24_120_216h_mlp": 0.893831844479928
  },
  "architecture": "mlp"
}