{
  "hyperparams": {
    "T_0": 10,
    "T_mult": 3,
    "batch_size": 64,
    "dropout_rate": 0.49966367225614805,
    "eta_min": 9.785772137468467e-06,
    "lead_time_embedding_dim": 16,
    "learning_rate": 0.003915592546240204,
    "mlp_hidden_dim": 128,
    "mlp_layers": 7,
    "num_epochs": 250,
    "weight_decay": 0.00028220279624077287
  },
  "loss": 0.3227428903441955,
  "region_losses": {
    "india_6x6_24_120_216h_mlp": 0.7971402432670316
  },
  "architecture": "mlp"
}