{
  "hyperparams": {
    "T_0": 10,
    "T_mult": 2,
    "batch_size": 16,
    "dropout_rate": 0.17363256216954082,
    "eta_min": 2.410878469572091e-08,
    "lead_time_embedding_dim": 8,
    "learning_rate": 0.00021013441284831435,
    "mlp_hidden_dim": 1024,
    "mlp_layers": 2,
    "num_epochs": 750,
    "weight_decay": 5.719963070224752e-05
  },
  "loss": 0.29763566863752616,
  "region_losses": {
    "india_6x6_24_120_216h_mlp": 0.7827356249887776
  },
  "architecture": "mlp"
}