{
  "hyperparams": {
    "batch_size": 64,
    "dropout_rate": 0.1668921304379204,
    "lead_time_embedding_dim": 32,
    "learning_rate": 3.871309630032451e-06,
    "min_delta": 0.00015331547205419253,
    "mlp_hidden_dim": 512,
    "mlp_layers": 6,
    "month_embedding_dim": 32,
    "patience": 70,
    "weight_decay": 0.0004373827353212501
  },
  "loss": 0.09613064775379275,
  "region_losses": {
    "india_4x4_24_120_240h_mlp": 0.08934206605419764,
    "ethiopia_4x4_24_120_240h_mlp": 0.10291922945338786
  },
  "architecture": "mlp"
}