{
  "hyperparams": {
    "batch_size": 64,
    "dropout_rate": 0.4960877744971499,
    "hidden_dim": 1024,
    "lead_time_embedding_dim": 16,
    "learning_rate": 2.4118445288019546e-05,
    "min_delta": 2.0443872393265664e-05,
    "num_layers": 2,
    "patience": 30,
    "weight_decay": 8.178602446657025e-06
  },
  "loss": 0.057845418782610646,
  "epochs_trained": 625,
  "architecture": "mlp"
}