{
  "hyperparams": {
    "T_0": 20,
    "T_mult": 3,
    "batch_size": 16,
    "dropout_rate": 0.4109668341658441,
    "eta_min": 2.8177616465288366e-08,
    "lead_time_embedding_dim": 32,
    "learning_rate": 0.00040452033809134307,
    "mlp_hidden_dim": 128,
    "mlp_layers": 5,
    "num_epochs": 50,
    "weight_decay": 0.00016811597948970035
  },
  "loss": 10000000000.0,
  "region_losses": {},
  "architecture": "mlp"
}