{
  "hyperparams": {
    "T_0": 10,
    "T_mult": 1,
    "batch_size": 16,
    "dropout_rate": 0.2582855542833842,
    "eta_min": 5.832376429251079e-07,
    "lead_time_embedding_dim": 32,
    "learning_rate": 0.008777354412218873,
    "mlp_hidden_dim": 64,
    "mlp_layers": 5,
    "num_epochs": 50,
    "weight_decay": 1.6858457808230792e-05
  },
  "loss": 10000000000.0,
  "region_losses": {},
  "architecture": "mlp"
}