{
  "hyperparams": {
    "T_0": 10,
    "T_mult": 3,
    "batch_size": 64,
    "dropout_rate": 0.02131775901683225,
    "eta_min": 4.129559981862234e-07,
    "lead_time_embedding_dim": 16,
    "learning_rate": 3.436078870466446e-06,
    "mlp_hidden_dim": 64,
    "mlp_layers": 4,
    "num_epochs": 750,
    "weight_decay": 1.8836773728605617e-05
  },
  "loss": 10000000000.0,
  "region_losses": {},
  "architecture": "mlp"
}