{
  "hyperparams": {
    "T_0": 30,
    "T_mult": 1,
    "batch_size": 16,
    "dropout_rate": 0.10658473766665122,
    "eta_min": 1.0808081092881567e-08,
    "lead_time_embedding_dim": 32,
    "learning_rate": 8.358578648116872e-05,
    "mlp_hidden_dim": 256,
    "mlp_layers": 2,
    "num_epochs": 750,
    "weight_decay": 0.0012426037893763567
  },
  "loss": 0.3247665205181432,
  "region_losses": {
    "india_6x6_24_120_216h_mlp": 0.8402528037603485
  },
  "architecture": "mlp"
}