{
  "hyperparams": {
    "T_0": 10,
    "T_mult": 3,
    "batch_size": 32,
    "dropout_rate": 0.0701694984028014,
    "eta_min": 8.771128745867862e-06,
    "lead_time_embedding_dim": 32,
    "learning_rate": 6.955589153412363e-06,
    "mlp_hidden_dim": 256,
    "mlp_layers": 5,
    "num_epochs": 100,
    "weight_decay": 0.001852285508764355
  },
  "loss": 10000000000.0,
  "region_losses": {},
  "architecture": "mlp"
}