{
  "hyperparams": {
    "T_0": 10,
    "T_mult": 1,
    "batch_size": 64,
    "dropout_rate": 0.23402981308683302,
    "eta_min": 2.0249120380270978e-08,
    "lead_time_embedding_dim": 4,
    "learning_rate": 0.006769163699853209,
    "mlp_hidden_dim": 128,
    "mlp_layers": 6,
    "num_epochs": 100,
    "weight_decay": 0.00430074210756281
  },
  "loss": 10000000000.0,
  "region_losses": {},
  "architecture": "mlp"
}