{
  "hyperparams": {
    "T_0": 10,
    "T_mult": 3,
    "batch_size": 128,
    "dropout_rate": 0.050990600203798885,
    "eta_min": 2.482612418964733e-07,
    "lead_time_embedding_dim": 16,
    "learning_rate": 1.414210499593751e-06,
    "mlp_hidden_dim": 64,
    "mlp_layers": 5,
    "num_epochs": 750,
    "weight_decay": 0.00010016102315383796
  },
  "loss": 10000000000.0,
  "region_losses": {},
  "architecture": "mlp"
}