{
  "hyperparams": {
    "batch_size": 128,
    "dropout_rate": 0.3666602015343344,
    "lead_time_embedding_dim": 4,
    "learning_rate": 5.87695730648141e-05,
    "min_delta": 0.0001894658210943833,
    "mlp_hidden_dim": 1024,
    "mlp_layers": 2,
    "month_embedding_dim": 16,
    "patience": 70,
    "weight_decay": 1.38504453058351e-05
  },
  "loss": 0.05253036479406285,
  "region_losses": {
    "india_4x4_24_120_240h_mlp": 0.04814484222037295,
    "ethiopia_4x4_24_120_240h_mlp": 0.056915887367752764
  },
  "architecture": "mlp"
}