{
  "hyperparams": {
    "T_0": 30,
    "T_mult": 3,
    "batch_size": 16,
    "dropout_rate": 0.2645682342817002,
    "eta_min": 9.672003808745466e-08,
    "lead_time_embedding_dim": 8,
    "learning_rate": 8.633341733088849e-05,
    "mlp_hidden_dim": 512,
    "mlp_layers": 2,
    "num_epochs": 250,
    "weight_decay": 1.454068037090926e-06
  },
  "loss": 0.32672316788189726,
  "region_losses": {
    "india_6x6_24_120_216h_mlp": 0.870656860076775
  },
  "architecture": "mlp"
}