{
  "hyperparams": {
    "batch_size": 128,
    "dropout_rate": 0.2837782791271696,
    "lead_time_embedding_dim": 4,
    "learning_rate": 0.0010862526962006562,
    "min_delta": 0.0001063943641556683,
    "mlp_hidden_dim": 1024,
    "mlp_layers": 2,
    "month_embedding_dim": 16,
    "patience": 70,
    "weight_decay": 4.156232974911543e-06
  },
  "loss": 0.06045353372935965,
  "region_losses": {
    "india_4x4_24_120_240h_mlp": 0.05398282680033542,
    "ethiopia_4x4_24_120_240h_mlp": 0.06692424065838389
  },
  "architecture": "mlp"
}