{
  "hyperparams": {
    "batch_size": 128,
    "dropout_rate": 0.3896916017769123,
    "hidden_dim": 1024,
    "lead_time_embedding_dim": 16,
    "learning_rate": 2.9409533196542657e-06,
    "min_delta": 3.6637730091175655e-05,
    "num_layers": 6,
    "patience": 70,
    "weight_decay": 0.00513455282324721
  },
  "loss": 0.0903447037157805,
  "epochs_trained": 1000,
  "architecture": "mlp"
}