{
  "hyperparams": {
    "T_0": 30,
    "T_mult": 3,
    "batch_size": 16,
    "dropout_rate": 0.3145312805283329,
    "eta_min": 1.644686041214653e-08,
    "lead_time_embedding_dim": 8,
    "learning_rate": 0.0007667297290891401,
    "mlp_hidden_dim": 64,
    "mlp_layers": 6,
    "num_epochs": 50,
    "weight_decay": 8.384425508621785e-05
  },
  "loss": 0.3445303074300572,
  "region_losses": {
    "india_6x6_24_120_216h_mlp": 0.8979571337561342
  },
  "architecture": "mlp"
}