{
  "hyperparams": {
    "T_0": 20,
    "T_mult": 3,
    "batch_size": 64,
    "dropout_rate": 0.12586876035411249,
    "eta_min": 3.1235973333099344e-06,
    "lead_time_embedding_dim": 32,
    "learning_rate": 0.0006105928669388178,
    "mlp_hidden_dim": 1024,
    "mlp_layers": 3,
    "num_epochs": 50,
    "weight_decay": 0.0010172597490888933
  },
  "loss": 10000000000.0,
  "region_losses": {},
  "architecture": "mlp"
}