{
  "hyperparams": {
    "batch_size": 128,
    "dropout_rate": 0.21218174798841277,
    "lead_time_embedding_dim": 4,
    "learning_rate": 0.0007249167410090312,
    "min_delta": 6.113789908580854e-05,
    "mlp_hidden_dim": 1024,
    "mlp_layers": 2,
    "month_embedding_dim": 16,
    "patience": 30,
    "weight_decay": 4.902677101460103e-06
  },
  "loss": 0.0550143019344908,
  "region_losses": {
    "india_4x4_24_120_240h_mlp": 0.048074795796585655,
    "ethiopia_4x4_24_120_240h_mlp": 0.06195380807239594
  },
  "architecture": "mlp"
}