{
  "hyperparams": {
    "T_0": 30,
    "T_mult": 2,
    "batch_size": 64,
    "dropout_rate": 0.17469330290450968,
    "eta_min": 7.987464414754576e-06,
    "lead_time_embedding_dim": 8,
    "learning_rate": 6.229328901270881e-06,
    "mlp_hidden_dim": 512,
    "mlp_layers": 3,
    "num_epochs": 50,
    "weight_decay": 0.0004602109839111672
  },
  "loss": 0.3765024447626049,
  "region_losses": {
    "india_6x6_24_120_216h_mlp": 0.9854574278538222
  },
  "architecture": "mlp"
}