{
  "hyperparams": {
    "T_0": 10,
    "T_mult": 2,
    "batch_size": 16,
    "dropout_rate": 0.406396370949169,
    "eta_min": 6.882785309642473e-07,
    "lead_time_embedding_dim": 8,
    "learning_rate": 3.974414847108388e-06,
    "mlp_hidden_dim": 1024,
    "mlp_layers": 5,
    "num_epochs": 250,
    "weight_decay": 7.50039381872725e-06
  },
  "loss": 10000000000.0,
  "region_losses": {},
  "architecture": "mlp"
}