{
  "hyperparams": {
    "batch_size": 32,
    "dropout_rate": 0.45769268753398906,
    "lead_time_embedding_dim": 4,
    "learning_rate": 1.735315913160386e-05,
    "min_delta": 0.00013466616701172682,
    "mlp_hidden_dim": 512,
    "mlp_layers": 4,
    "month_embedding_dim": 16,
    "patience": 70,
    "weight_decay": 1.3489030198292164e-06
  },
  "loss": 0.10026308776471615,
  "region_losses": {
    "india_4x4_24_120_240h_mlp": 0.11941955474808187,
    "ethiopia_4x4_24_120_240h_mlp": 0.08110662078135045
  },
  "architecture": "mlp"
}