{
  "hyperparams": {
    "batch_size": 32,
    "dropout_rate": 0.2837770477484493,
    "hidden_dim": 1024,
    "lead_time_embedding_dim": 4,
    "learning_rate": 1.3163412848131244e-06,
    "min_delta": 1.1901323664663866e-05,
    "num_layers": 2,
    "patience": 70,
    "weight_decay": 0.0001083712979766945
  },
  "loss": 0.7132571339607239,
  "epochs_trained": 1000,
  "architecture": "mlp"
}