{
  "hyperparams": {
    "T_0": 5,
    "T_mult": 3,
    "batch_size": 32,
    "dropout_rate": 0.4627289358620692,
    "eta_min": 5.680342645676967e-07,
    "lead_time_embedding_dim": 4,
    "learning_rate": 1.1955763916863369e-06,
    "mlp_hidden_dim": 64,
    "mlp_layers": 5,
    "num_epochs": 100,
    "weight_decay": 0.0096200326382598
  },
  "loss": 0.3925072606428093,
  "region_losses": {
    "india_6x6_24_120_216h_mlp": 0.9478255868246711
  },
  "architecture": "mlp"
}