{
  "hyperparams": {
    "T_0": 10,
    "T_mult": 2,
    "batch_size": 128,
    "dropout_rate": 0.22904507715438946,
    "eta_min": 1.9018494108504273e-08,
    "lead_time_embedding_dim": 8,
    "learning_rate": 9.652579612935527e-06,
    "mlp_hidden_dim": 1024,
    "mlp_layers": 5,
    "num_epochs": 50,
    "weight_decay": 0.0006855408003684617
  },
  "loss": 0.386219965358434,
  "region_losses": {
    "india_6x6_24_120_216h_mlp": 1.0093794502588507
  },
  "architecture": "mlp"
}