{
  "hyperparams": {
    "batch_size": 64,
    "dropout_rate": 0.26880921739052127,
    "hidden_dim": 256,
    "lead_time_embedding_dim": 8,
    "learning_rate": 0.0009146238563940391,
    "min_delta": 1.8828384147978906e-05,
    "num_layers": 2,
    "patience": 50,
    "weight_decay": 5.018925566174887e-05
  },
  "loss": 0.5405609607696533,
  "epochs_trained": 127,
  "architecture": "mlp"
}