{
  "hyperparams": {
    "T_0": 5,
    "T_mult": 1,
    "batch_size": 16,
    "dropout_rate": 0.0270280376634095,
    "eta_min": 3.919934687944259e-08,
    "lead_time_embedding_dim": 32,
    "learning_rate": 4.8046139382069285e-06,
    "mlp_hidden_dim": 512,
    "mlp_layers": 5,
    "num_epochs": 50,
    "weight_decay": 1.7991031388401864e-06
  },
  "loss": 10000000000.0,
  "region_losses": {},
  "architecture": "mlp"
}