{
  "hyperparams": {
    "T_0": 20,
    "T_mult": 1,
    "batch_size": 16,
    "dropout_rate": 0.2461100268809353,
    "eta_min": 3.0732988077547024e-06,
    "lead_time_embedding_dim": 32,
    "learning_rate": 0.009244685257968384,
    "mlp_hidden_dim": 512,
    "mlp_layers": 2,
    "num_epochs": 750,
    "weight_decay": 0.0007246451048573689
  },
  "loss": 0.38925475373278146,
  "region_losses": {
    "india_6x6_24_120_216h_mlp": 1.0229116627725505
  },
  "architecture": "mlp"
}