{
  "hyperparams": {
    "T_0": 10,
    "T_mult": 3,
    "batch_size": 32,
    "dropout_rate": 0.09853389120966943,
    "eta_min": 4.469994588355314e-06,
    "lead_time_embedding_dim": 16,
    "learning_rate": 0.0004988127868901628,
    "mlp_hidden_dim": 1024,
    "mlp_layers": 5,
    "num_epochs": 50,
    "weight_decay": 1.1694669785985777e-06
  },
  "loss": 0.3285569418858793,
  "region_losses": {
    "india_6x6_24_120_216h_mlp": 0.8646020176696431
  },
  "architecture": "mlp"
}