{
  "hyperparams": {
    "T_0": 20,
    "T_mult": 3,
    "batch_size": 128,
    "dropout_rate": 0.4300573174860078,
    "eta_min": 2.963357671760182e-07,
    "lead_time_embedding_dim": 16,
    "learning_rate": 6.107341393637885e-06,
    "mlp_hidden_dim": 128,
    "mlp_layers": 6,
    "num_epochs": 50,
    "weight_decay": 1.725293709690001e-05
  },
  "loss": 10000000000.0,
  "region_losses": {},
  "architecture": "mlp"
}