{
  "hyperparams": {
    "batch_size": 128,
    "dropout_rate": 0.3123784850774277,
    "lead_time_embedding_dim": 4,
    "learning_rate": 8.117948268939924e-05,
    "min_delta": 6.938699847153258e-05,
    "mlp_hidden_dim": 1024,
    "mlp_layers": 2,
    "month_embedding_dim": 16,
    "patience": 70,
    "weight_decay": 7.739903656253985e-06
  },
  "loss": 0.052022042788569436,
  "region_losses": {
    "india_4x4_24_120_240h_mlp": 0.04734196305266405,
    "ethiopia_4x4_24_120_240h_mlp": 0.05670212252447483
  },
  "architecture": "mlp"
}