{
  "hyperparams": {
    "batch_size": 128,
    "dropout_rate": 0.23840371662645607,
    "lead_time_embedding_dim": 4,
    "learning_rate": 4.7789052152874703e-05,
    "min_delta": 0.0003082326993813408,
    "mlp_hidden_dim": 1024,
    "mlp_layers": 2,
    "month_embedding_dim": 16,
    "patience": 70,
    "weight_decay": 3.6209931563493815e-06
  },
  "loss": 0.051494975023866046,
  "region_losses": {
    "india_4x4_24_120_240h_mlp": 0.04561691401694302,
    "ethiopia_4x4_24_120_240h_mlp": 0.05737303603078907
  },
  "architecture": "mlp"
}