{
  "hyperparams": {
    "batch_size": 128,
    "dropout_rate": 0.06015586643979917,
    "lead_time_embedding_dim": 4,
    "learning_rate": 8.484905553117459e-05,
    "min_delta": 0.0006773095722399341,
    "mlp_hidden_dim": 256,
    "mlp_layers": 2,
    "month_embedding_dim": 8,
    "patience": 70,
    "weight_decay": 1.9931978320197723e-06
  },
  "loss": 0.052537380458251084,
  "region_losses": {
    "india_4x4_24_120_240h_mlp": 0.04658237886002597,
    "ethiopia_4x4_24_120_240h_mlp": 0.058492382056476194
  },
  "architecture": "mlp"
}