{
  "hyperparams": {
    "batch_size": 64,
    "dropout_rate": 0.2711914291092625,
    "lead_time_embedding_dim": 4,
    "learning_rate": 0.00036244691721573933,
    "min_delta": 3.5295021617121924e-05,
    "mlp_hidden_dim": 128,
    "mlp_layers": 4,
    "month_embedding_dim": 16,
    "patience": 30,
    "weight_decay": 2.9953039869722128e-06
  },
  "loss": 0.09296819856545488,
  "region_losses": {
    "india_4x4_24_120_240h_mlp": 0.11182215700695256,
    "ethiopia_4x4_24_120_240h_mlp": 0.0741142401239572
  },
  "architecture": "mlp"
}