{
  "hyperparams": {
    "batch_size": 128,
    "dropout_rate": 0.19261497296015578,
    "lead_time_embedding_dim": 4,
    "learning_rate": 0.0003114223390240962,
    "min_delta": 0.00011896184737272341,
    "mlp_hidden_dim": 128,
    "mlp_layers": 3,
    "month_embedding_dim": 16,
    "patience": 70,
    "weight_decay": 7.349379066860052e-05
  },
  "loss": 0.06610159582144429,
  "region_losses": {
    "india_4x4_24_120_240h_mlp": 0.06106424325673762,
    "ethiopia_4x4_24_120_240h_mlp": 0.07113894838615097
  },
  "architecture": "mlp"
}