{
  "hyperparams": {
    "batch_size": 128,
    "dropout_rate": 0.13493446664868206,
    "lead_time_embedding_dim": 4,
    "learning_rate": 1.2565045807265501e-05,
    "min_delta": 0.00012561388598143143,
    "mlp_hidden_dim": 512,
    "mlp_layers": 2,
    "month_embedding_dim": 16,
    "patience": 20,
    "weight_decay": 0.0011234296747356062
  },
  "loss": 0.06869783160040804,
  "region_losses": {
    "india_4x4_24_120_240h_mlp": 0.06287780291968416,
    "ethiopia_4x4_24_120_240h_mlp": 0.07451786028113193
  },
  "architecture": "mlp"
}