{
  "hyperparams": {
    "T_0": 15,
    "T_mult": 3,
    "batch_size": 128,
    "dropout_rate": 0.26259495920423376,
    "eta_min": 7.1190236129303e-07,
    "lead_time_embedding_dim": 16,
    "learning_rate": 8.804215019643294e-06,
    "mlp_hidden_dim": 512,
    "mlp_layers": 7,
    "num_epochs": 500,
    "weight_decay": 0.0016694713749751953
  },
  "loss": 10000000000.0,
  "region_losses": {},
  "architecture": "mlp"
}