{
  "hyperparams": {
    "batch_size": 128,
    "dropout_rate": 0.4033222627702563,
    "lead_time_embedding_dim": 32,
    "learning_rate": 4.6680242558111346e-05,
    "min_delta": 5.150979134664787e-06,
    "mlp_hidden_dim": 1024,
    "mlp_layers": 2,
    "month_embedding_dim": 16,
    "patience": 70,
    "weight_decay": 0.00016706470542255544
  },
  "loss": 0.058643334747935635,
  "region_losses": {
    "india_4x4_24_120_240h_mlp": 0.05242752057854846,
    "ethiopia_4x4_24_120_240h_mlp": 0.0648591489173228
  },
  "architecture": "mlp"
}