{
  "hyperparams": {
    "T_0": 10,
    "T_mult": 2,
    "batch_size": 16,
    "dropout_rate": 0.15731889016957887,
    "eta_min": 4.284527904563908e-08,
    "lead_time_embedding_dim": 8,
    "learning_rate": 1.243016533904024e-06,
    "mlp_hidden_dim": 1024,
    "mlp_layers": 2,
    "num_epochs": 750,
    "weight_decay": 8.5442712582979e-05
  },
  "loss": 0.32092834674982423,
  "region_losses": {
    "india_6x6_24_120_216h_mlp": 0.8413949913320472
  },
  "architecture": "mlp"
}