{
  "hyperparams": {
    "T_0": 5,
    "T_mult": 1,
    "batch_size": 16,
    "dropout_rate": 0.018032662736011177,
    "eta_min": 5.6229514303398836e-08,
    "lead_time_embedding_dim": 32,
    "learning_rate": 0.00045452414499477247,
    "mlp_hidden_dim": 512,
    "mlp_layers": 2,
    "num_epochs": 100,
    "weight_decay": 0.00019129840170587935
  },
  "loss": 10000000000.0,
  "region_losses": {},
  "architecture": "mlp"
}