{
  "hyperparams": {
    "T_0": 5,
    "T_mult": 3,
    "batch_size": 32,
    "dropout_rate": 0.3476577230547203,
    "eta_min": 1.8626638302372377e-07,
    "lead_time_embedding_dim": 16,
    "learning_rate": 0.0011127255881650555,
    "mlp_hidden_dim": 64,
    "mlp_layers": 5,
    "num_epochs": 250,
    "weight_decay": 0.0027537846083932113
  },
  "loss": 0.32798228509030486,
  "region_losses": {
    "india_6x6_24_120_216h_mlp": 0.8088400437525918
  },
  "architecture": "mlp"
}