{
  "hyperparams": {
    "T_0": 15,
    "T_mult": 2,
    "batch_size": 128,
    "dropout_rate": 0.21253098002181242,
    "eta_min": 3.836544384987011e-08,
    "lead_time_embedding_dim": 4,
    "learning_rate": 1.611534328451424e-05,
    "mlp_hidden_dim": 1024,
    "mlp_layers": 4,
    "num_epochs": 100,
    "weight_decay": 0.006954366738370497
  },
  "loss": 0.37618041369273975,
  "region_losses": {
    "india_6x6_24_120_216h_mlp": 0.9464417366946869
  },
  "architecture": "mlp"
}