{
  "hyperparams": {
    "batch_size": 128,
    "dropout_rate": 0.3543600862679853,
    "lead_time_embedding_dim": 32,
    "learning_rate": 2.260623760989391e-06,
    "min_delta": 0.0002682858025438671,
    "mlp_hidden_dim": 256,
    "mlp_layers": 6,
    "month_embedding_dim": 8,
    "patience": 50,
    "weight_decay": 5.933967081580897e-06
  },
  "loss": 0.2174583762618812,
  "region_losses": {
    "india_4x4_24_120_240h_mlp": 0.1819947454468537,
    "ethiopia_4x4_24_120_240h_mlp": 0.2529220070769087
  },
  "architecture": "mlp"
}