{
  "hyperparams": {
    "T_0": 30,
    "T_mult": 2,
    "batch_size": 32,
    "dropout_rate": 0.37047680516083265,
    "eta_min": 4.503849009904988e-07,
    "lead_time_embedding_dim": 8,
    "learning_rate": 7.713990235272172e-06,
    "mlp_hidden_dim": 128,
    "mlp_layers": 2,
    "num_epochs": 750,
    "weight_decay": 9.524753286888494e-06
  },
  "loss": 0.3717245311493073,
  "region_losses": {
    "india_6x6_24_120_216h_mlp": 0.9867286777380881
  },
  "architecture": "mlp"
}