{
  "hyperparams": {
    "T_0": 30,
    "T_mult": 3,
    "batch_size": 16,
    "dropout_rate": 0.18137992481180673,
    "eta_min": 2.2699693358799043e-08,
    "lead_time_embedding_dim": 8,
    "learning_rate": 8.708504333092137e-05,
    "mlp_hidden_dim": 512,
    "mlp_layers": 2,
    "num_epochs": 750,
    "weight_decay": 3.016927108423709e-06
  },
  "loss": 0.27020627025928406,
  "region_losses": {
    "india_6x6_24_120_216h_mlp": 0.702799561670271
  },
  "architecture": "mlp"
}