{
  "hyperparams": {
    "batch_size": 64,
    "dropout_rate": 0.046412445479661946,
    "lead_time_embedding_dim": 16,
    "learning_rate": 0.005010587143805901,
    "min_delta": 2.1100735437410846e-06,
    "mlp_hidden_dim": 1024,
    "mlp_layers": 2,
    "month_embedding_dim": 32,
    "patience": 20,
    "weight_decay": 0.000272348176518969
  },
  "loss": 0.07033673336644888,
  "region_losses": {
    "india_4x4_24_120_240h_mlp": 0.06473082577031895,
    "ethiopia_4x4_24_120_240h_mlp": 0.0759426409625788
  },
  "architecture": "mlp"
}