{
  "hyperparams": {
    "T_0": 20,
    "T_mult": 3,
    "batch_size": 128,
    "dropout_rate": 0.016850072032263963,
    "eta_min": 1.9369019096143145e-06,
    "lead_time_embedding_dim": 4,
    "learning_rate": 0.008174919653705245,
    "mlp_hidden_dim": 256,
    "mlp_layers": 2,
    "num_epochs": 50,
    "weight_decay": 1.4229558802834822e-05
  },
  "loss": 0.3895341915761333,
  "region_losses": {
    "india_6x6_24_120_216h_mlp": 0.9964681820488438
  },
  "architecture": "mlp"
}