{
  "hyperparams": {
    "T_0": 10,
    "T_mult": 3,
    "batch_size": 64,
    "dropout_rate": 0.18110305841903415,
    "eta_min": 2.924927261773636e-06,
    "lead_time_embedding_dim": 16,
    "learning_rate": 0.00020061916558765857,
    "mlp_hidden_dim": 64,
    "mlp_layers": 7,
    "num_epochs": 500,
    "weight_decay": 0.0005285030310579967
  },
  "loss": 0.3550092262280135,
  "region_losses": {
    "india_6x6_24_120_216h_mlp": 0.9161473809951154
  },
  "architecture": "mlp"
}