{
  "hyperparams": {
    "batch_size": 64,
    "dropout_rate": 0.4982255055095781,
    "hidden_dim": 256,
    "lead_time_embedding_dim": 16,
    "learning_rate": 0.0004311061195431457,
    "min_delta": 1.4681971802575027e-05,
    "num_layers": 2,
    "patience": 100,
    "weight_decay": 4.2999301422541894e-05
  },
  "loss": 0.06521277915626696,
  "epochs_trained": 282,
  "architecture": "mlp"
}