{
  "hyperparams": {
    "T_0": 15,
    "T_mult": 2,
    "batch_size": 128,
    "dropout_rate": 0.42477506398557247,
    "eta_min": 2.7624093463341077e-06,
    "lead_time_embedding_dim": 4,
    "learning_rate": 1.69257887905167e-05,
    "mlp_hidden_dim": 1024,
    "mlp_layers": 2,
    "num_epochs": 750,
    "weight_decay": 0.0002253730156605799
  },
  "loss": 10000000000.0,
  "region_losses": {},
  "architecture": "mlp"
}