{
  "hyperparams": {
    "T_0": 5,
    "T_mult": 3,
    "batch_size": 64,
    "dropout_rate": 0.49762660803618813,
    "eta_min": 9.529580455168973e-06,
    "lead_time_embedding_dim": 16,
    "learning_rate": 0.0035543612515790066,
    "mlp_hidden_dim": 128,
    "mlp_layers": 7,
    "num_epochs": 250,
    "weight_decay": 0.00020214391263139006
  },
  "loss": 0.38871275710917735,
  "region_losses": {
    "india_6x6_24_120_216h_mlp": 1.0056933900634544
  },
  "architecture": "mlp"
}