{
  "hyperparams": {
    "batch_size": 64,
    "dropout_rate": 0.47121520444364967,
    "hidden_dim": 1024,
    "lead_time_embedding_dim": 16,
    "learning_rate": 3.662224681179603e-05,
    "min_delta": 3.97041221540852e-05,
    "num_layers": 2,
    "patience": 30,
    "weight_decay": 2.325221359554641e-06
  },
  "loss": 0.05733929012712407,
  "epochs_trained": 262,
  "architecture": "mlp"
}