{
  "hyperparams": {
    "batch_size": 128,
    "dropout_rate": 0.28569429411162744,
    "lead_time_embedding_dim": 16,
    "learning_rate": 0.004186295800183016,
    "min_delta": 0.000448377663302729,
    "mlp_hidden_dim": 256,
    "mlp_layers": 2,
    "month_embedding_dim": 4,
    "patience": 50,
    "weight_decay": 6.814687384452809e-05
  },
  "loss": 0.07608532341114753,
  "region_losses": {
    "india_4x4_24_120_240h_mlp": 0.07608532341114753
  },
  "architecture": "mlp"
}