{
  "hyperparams": {
    "T_0": 10,
    "T_mult": 2,
    "batch_size": 64,
    "dropout_rate": 0.09906817385443034,
    "eta_min": 1.7827243857953785e-07,
    "lead_time_embedding_dim": 4,
    "learning_rate": 3.350768464558426e-05,
    "mlp_hidden_dim": 64,
    "mlp_layers": 3,
    "num_epochs": 500,
    "weight_decay": 1.4977212474250546e-06
  },
  "loss": 10000000000.0,
  "region_losses": {},
  "architecture": "mlp"
}