{
  "hyperparams": {
    "T_0": 15,
    "T_mult": 1,
    "batch_size": 64,
    "dropout_rate": 0.23068236343465975,
    "eta_min": 1.7223841694070567e-07,
    "lead_time_embedding_dim": 16,
    "learning_rate": 1.8185193304490016e-05,
    "mlp_hidden_dim": 512,
    "mlp_layers": 5,
    "num_epochs": 750,
    "weight_decay": 8.614557160825996e-06
  },
  "loss": 10000000000.0,
  "region_losses": {},
  "architecture": "mlp"
}