{
  "hyperparams": {
    "T_0": 5,
    "T_mult": 3,
    "batch_size": 32,
    "dropout_rate": 0.4686739191489415,
    "eta_min": 6.834128358866137e-07,
    "lead_time_embedding_dim": 16,
    "learning_rate": 0.00870774929841761,
    "mlp_hidden_dim": 64,
    "mlp_layers": 5,
    "num_epochs": 250,
    "weight_decay": 0.0010141329117459312
  },
  "loss": 0.32083450664665353,
  "region_losses": {
    "india_6x6_24_120_216h_mlp": 0.794571517021835
  },
  "architecture": "mlp"
}