{
  "hyperparams": {
    "T_0": 5,
    "T_mult": 1,
    "batch_size": 32,
    "dropout_rate": 0.4457050952739154,
    "eta_min": 1.9905835881966442e-07,
    "lead_time_embedding_dim": 4,
    "learning_rate": 0.000492164292006018,
    "mlp_hidden_dim": 512,
    "mlp_layers": 3,
    "num_epochs": 500,
    "weight_decay": 2.8441536596663675e-06
  },
  "loss": 0.3385347052968146,
  "region_losses": {
    "india_6x6_24_120_216h_mlp": 0.889030132830576
  },
  "architecture": "mlp"
}