{
  "hyperparams": {
    "T_0": 30,
    "T_mult": 3,
    "batch_size": 64,
    "dropout_rate": 0.43291344143388916,
    "eta_min": 5.5562608688832025e-06,
    "lead_time_embedding_dim": 32,
    "learning_rate": 1.6468014894100566e-05,
    "mlp_hidden_dim": 512,
    "mlp_layers": 7,
    "num_epochs": 250,
    "weight_decay": 0.00031912998728605643
  },
  "loss": 0.36344998541923196,
  "region_losses": {
    "india_6x6_24_120_216h_mlp": 0.9369824544569482
  },
  "architecture": "mlp"
}