{
  "hyperparams": {
    "batch_size": 128,
    "dropout_rate": 0.20169089774059687,
    "hidden_dim": 128,
    "lead_time_embedding_dim": 8,
    "learning_rate": 0.0003187960825136788,
    "min_delta": 4.341248035382551e-05,
    "num_layers": 6,
    "patience": 30,
    "weight_decay": 2.8073940925650605e-06
  },
  "loss": 0.06403126754940862,
  "epochs_trained": 300,
  "architecture": "mlp"
}