{
  "hyperparams": {
    "batch_size": 32,
    "dropout_rate": 0.19783717126957504,
    "lead_time_embedding_dim": 16,
    "learning_rate": 7.447852952639021e-05,
    "min_delta": 0.00024136794181484522,
    "mlp_hidden_dim": 512,
    "mlp_layers": 7,
    "month_embedding_dim": 16,
    "patience": 20,
    "weight_decay": 3.0027190661497125e-05
  },
  "loss": 0.062076479568863516,
  "region_losses": {
    "india_4x4_24_120_240h_mlp": 0.059089829448753906,
    "ethiopia_4x4_24_120_240h_mlp": 0.06506312968897313
  },
  "architecture": "mlp"
}