{
  "hyperparams": {
    "T_0": 10,
    "T_mult": 2,
    "batch_size": 16,
    "dropout_rate": 0.04070825832897773,
    "eta_min": 1.1474974242011607e-08,
    "lead_time_embedding_dim": 8,
    "learning_rate": 0.00030739346538473166,
    "mlp_hidden_dim": 512,
    "mlp_layers": 2,
    "num_epochs": 750,
    "weight_decay": 0.0003291044097492916
  },
  "loss": 0.2973804250558651,
  "region_losses": {
    "india_6x6_24_120_216h_mlp": 0.7627427927229653
  },
  "architecture": "mlp"
}