{
  "hyperparams": {
    "T_0": 15,
    "T_mult": 3,
    "batch_size": 128,
    "dropout_rate": 0.23759634037264166,
    "eta_min": 3.1785102091785465e-08,
    "lead_time_embedding_dim": 16,
    "learning_rate": 4.901672359398971e-05,
    "mlp_hidden_dim": 1024,
    "mlp_layers": 7,
    "num_epochs": 250,
    "weight_decay": 2.1302679396772815e-05
  },
  "loss": 10000000000.0,
  "region_losses": {},
  "architecture": "mlp"
}