{
  "hyperparams": {
    "T_0": 20,
    "T_mult": 1,
    "batch_size": 64,
    "dropout_rate": 0.07319607989536814,
    "eta_min": 3.896405617759975e-08,
    "lead_time_embedding_dim": 16,
    "learning_rate": 0.007527307646884247,
    "mlp_hidden_dim": 128,
    "mlp_layers": 5,
    "num_epochs": 750,
    "weight_decay": 0.0050746873349792315
  },
  "loss": 10000000000.0,
  "region_losses": {},
  "architecture": "mlp"
}