{
  "hyperparams": {
    "batch_size": 16,
    "dropout_rate": 0.08151756030954418,
    "lead_time_embedding_dim": 16,
    "learning_rate": 0.0004831311506969086,
    "min_delta": 0.00027749348186352566,
    "mlp_hidden_dim": 1024,
    "mlp_layers": 2,
    "month_embedding_dim": 4,
    "patience": 70,
    "weight_decay": 2.629772540728532e-05
  },
  "loss": 0.05900682436301234,
  "region_losses": {
    "india_4x4_24_120_240h_mlp": 0.05300001693501136,
    "ethiopia_4x4_24_120_240h_mlp": 0.06501363179101333
  },
  "architecture": "mlp"
}