{
  "hyperparams": {
    "T_0": 20,
    "T_mult": 1,
    "batch_size": 32,
    "dropout_rate": 0.19838113031841278,
    "eta_min": 1.950921521517773e-06,
    "lead_time_embedding_dim": 16,
    "learning_rate": 3.4736438284395255e-05,
    "mlp_hidden_dim": 512,
    "mlp_layers": 5,
    "num_epochs": 750,
    "weight_decay": 2.4033420962148168e-05
  },
  "loss": 0.3131097313983782,
  "region_losses": {
    "india_6x6_24_120_216h_mlp": 0.8238998948806134
  },
  "architecture": "mlp"
}