{
  "hyperparams": {
    "batch_size": 64,
    "dropout_rate": 0.3611530114698688,
    "hidden_dim": 1024,
    "lead_time_embedding_dim": 16,
    "learning_rate": 4.6251590372331095e-05,
    "min_delta": 1.1596589020970015e-05,
    "num_layers": 2,
    "patience": 30,
    "weight_decay": 1.049803811231094e-05
  },
  "loss": 0.05713622870447979,
  "epochs_trained": 288,
  "architecture": "mlp"
}