{
  "hyperparams": {
    "T_0": 10,
    "T_mult": 2,
    "batch_size": 128,
    "dropout_rate": 0.3779945421091658,
    "eta_min": 1.0431451873065544e-07,
    "lead_time_embedding_dim": 32,
    "learning_rate": 0.0007560148290697375,
    "mlp_hidden_dim": 1024,
    "mlp_layers": 2,
    "num_epochs": 250,
    "weight_decay": 0.0015218327992776986
  },
  "loss": 0.33894164685731126,
  "region_losses": {
    "india_6x6_24_120_216h_mlp": 0.8782299225901865
  },
  "architecture": "mlp"
}