{
  "hyperparams": {
    "batch_size": 64,
    "dropout_rate": 0.47797983720085374,
    "hidden_dim": 512,
    "lead_time_embedding_dim": 16,
    "learning_rate": 6.551258677990293e-06,
    "min_delta": 1.2592919225568628e-05,
    "num_layers": 2,
    "patience": 30,
    "weight_decay": 8.281005762543554e-05
  },
  "loss": 0.05851242852395132,
  "epochs_trained": 787,
  "architecture": "mlp"
}