{
  "hyperparams": {
    "T_0": 15,
    "T_mult": 2,
    "batch_size": 64,
    "dropout_rate": 0.32768155222835416,
    "eta_min": 6.348913333756855e-07,
    "lead_time_embedding_dim": 8,
    "learning_rate": 0.008427837484133647,
    "mlp_hidden_dim": 1024,
    "mlp_layers": 2,
    "num_epochs": 100,
    "weight_decay": 0.0013024195938634592
  },
  "loss": 0.32154996710234607,
  "region_losses": {
    "india_6x6_24_120_216h_mlp": 0.8091272584751212
  },
  "architecture": "mlp"
}