{
  "hyperparams": {
    "batch_size": 128,
    "dropout_rate": 0.26966137201813756,
    "lead_time_embedding_dim": 4,
    "learning_rate": 5.7957613016513215e-06,
    "min_delta": 3.8426443711575545e-06,
    "mlp_hidden_dim": 1024,
    "mlp_layers": 3,
    "month_embedding_dim": 32,
    "patience": 70,
    "weight_decay": 1.1735019618969705e-05
  },
  "loss": 0.06143966656967801,
  "region_losses": {
    "india_4x4_24_120_240h_mlp": 0.05369941469138549,
    "ethiopia_4x4_24_120_240h_mlp": 0.06917991844797053
  },
  "architecture": "mlp"
}