{
  "hyperparams": {
    "T_0": 5,
    "T_mult": 3,
    "batch_size": 64,
    "dropout_rate": 0.3959122673716851,
    "eta_min": 5.35759458974267e-06,
    "lead_time_embedding_dim": 16,
    "learning_rate": 0.0002599071917249913,
    "mlp_hidden_dim": 128,
    "mlp_layers": 5,
    "num_epochs": 250,
    "weight_decay": 0.0035944559525609566
  },
  "loss": 0.4736112983917518,
  "region_losses": {
    "india_6x6_24_120_216h_mlp": 1.2503690451167109
  },
  "architecture": "mlp"
}