{
  "hyperparams": {
    "T_0": 10,
    "T_mult": 2,
    "batch_size": 16,
    "dropout_rate": 0.4835066566539183,
    "eta_min": 5.0687828344044615e-06,
    "lead_time_embedding_dim": 32,
    "learning_rate": 0.00013524298355439382,
    "mlp_hidden_dim": 64,
    "mlp_layers": 4,
    "num_epochs": 750,
    "weight_decay": 5.2294644624758645e-06
  },
  "loss": 10000000000.0,
  "region_losses": {},
  "architecture": "mlp"
}