{
  "hyperparams": {
    "T_0": 15,
    "T_mult": 2,
    "batch_size": 128,
    "dropout_rate": 0.19261390339152668,
    "eta_min": 1.0909863536628378e-07,
    "lead_time_embedding_dim": 4,
    "learning_rate": 1.0288398004560286e-05,
    "mlp_hidden_dim": 128,
    "mlp_layers": 6,
    "num_epochs": 50,
    "weight_decay": 0.004145633024244489
  },
  "loss": 0.3411166006990465,
  "region_losses": {
    "india_6x6_24_120_216h_mlp": 0.7979238033294678
  },
  "architecture": "mlp"
}