{
  "hyperparams": {
    "batch_size": 128,
    "dropout_rate": 0.12025464592841682,
    "lead_time_embedding_dim": 8,
    "learning_rate": 3.361068754750666e-06,
    "min_delta": 6.466721142654514e-06,
    "mlp_hidden_dim": 128,
    "mlp_layers": 5,
    "month_embedding_dim": 16,
    "patience": 50,
    "weight_decay": 2.0389437167040375e-06
  },
  "loss": 0.13796550029057458,
  "region_losses": {
    "india_4x4_24_120_240h_mlp": 0.14310935463185012,
    "ethiopia_4x4_24_120_240h_mlp": 0.13282164594929907
  },
  "architecture": "mlp"
}