{
  "hyperparams": {
    "T_0": 20,
    "T_mult": 1,
    "batch_size": 128,
    "dropout_rate": 0.09813434843551005,
    "eta_min": 3.263017199859422e-07,
    "lead_time_embedding_dim": 16,
    "learning_rate": 9.297725755723035e-05,
    "mlp_hidden_dim": 512,
    "mlp_layers": 2,
    "num_epochs": 50,
    "weight_decay": 3.0573872340480565e-05
  },
  "loss": 0.4494196092923722,
  "region_losses": {
    "india_6x6_24_120_216h_mlp": 1.2252948186010773
  },
  "architecture": "mlp"
}