{
  "hyperparams": {
    "T_0": 5,
    "T_mult": 3,
    "batch_size": 16,
    "dropout_rate": 0.12094281312234904,
    "eta_min": 3.5065549151654684e-07,
    "lead_time_embedding_dim": 32,
    "learning_rate": 0.001191894500771644,
    "mlp_hidden_dim": 512,
    "mlp_layers": 2,
    "num_epochs": 750,
    "weight_decay": 0.0003588926957384459
  },
  "loss": 0.33886320976542444,
  "region_losses": {
    "india_6x6_24_120_216h_mlp": 0.8878210041193928
  },
  "architecture": "mlp"
}