{
  "hyperparams": {
    "batch_size": 32,
    "dropout_rate": 0.07300838904523159,
    "lead_time_embedding_dim": 16,
    "learning_rate": 1.7687302611311195e-06,
    "min_delta": 2.7519325312163888e-06,
    "mlp_hidden_dim": 512,
    "mlp_layers": 2,
    "month_embedding_dim": 16,
    "patience": 30,
    "weight_decay": 1.0690336740044234e-05
  },
  "loss": 0.06279404738052421,
  "region_losses": {
    "india_4x4_24_120_240h_mlp": 0.05676364276444754,
    "ethiopia_4x4_24_120_240h_mlp": 0.06882445199660088
  },
  "architecture": "mlp"
}