{
  "hyperparams": {
    "batch_size": 32,
    "dropout_rate": 0.42146910285288414,
    "lead_time_embedding_dim": 32,
    "learning_rate": 1.9854613515520535e-05,
    "min_delta": 1.3404109805380069e-05,
    "mlp_hidden_dim": 64,
    "mlp_layers": 4,
    "month_embedding_dim": 4,
    "patience": 50,
    "weight_decay": 0.0008241499493227794
  },
  "loss": 0.16016305870302172,
  "region_losses": {
    "india_4x4_24_120_240h_mlp": 0.16491316144217164,
    "ethiopia_4x4_24_120_240h_mlp": 0.1554129559638718
  },
  "architecture": "mlp"
}