{
  "hyperparams": {
    "T_0": 10,
    "T_mult": 2,
    "batch_size": 16,
    "dropout_rate": 0.0004533776721898364,
    "eta_min": 1.6253432609793857e-08,
    "lead_time_embedding_dim": 8,
    "learning_rate": 0.00018969227772568946,
    "mlp_hidden_dim": 1024,
    "mlp_layers": 2,
    "num_epochs": 750,
    "weight_decay": 0.0009639878219990431
  },
  "loss": 0.31259003344955383,
  "region_losses": {
    "india_6x6_24_120_216h_mlp": 0.8012657741368827
  },
  "architecture": "mlp"
}