{
  "hyperparams": {
    "T_0": 15,
    "T_mult": 2,
    "batch_size": 16,
    "dropout_rate": 0.20710775912027743,
    "eta_min": 1.3626595274519249e-08,
    "lead_time_embedding_dim": 16,
    "learning_rate": 0.0009008676238462061,
    "mlp_hidden_dim": 512,
    "mlp_layers": 6,
    "num_epochs": 50,
    "weight_decay": 1.199102052059033e-05
  },
  "loss": 0.3119024556482601,
  "region_losses": {
    "india_6x6_24_120_216h_mlp": 0.8043596296420109
  },
  "architecture": "mlp"
}