{
  "hyperparams": {
    "batch_size": 64,
    "dropout_rate": 0.44821509523276626,
    "hidden_dim": 1024,
    "lead_time_embedding_dim": 16,
    "learning_rate": 2.4847924367749497e-05,
    "min_delta": 1.1359139461529931e-05,
    "num_layers": 2,
    "patience": 30,
    "weight_decay": 8.68428438899178e-06
  },
  "loss": 0.05381663937283599,
  "epochs_trained": 273,
  "architecture": "mlp"
}