{
  "hyperparams": {
    "batch_size": 16,
    "dropout_rate": 0.087833412877645,
    "lead_time_embedding_dim": 4,
    "learning_rate": 2.193158158144217e-05,
    "min_delta": 0.00010777194829230228,
    "mlp_hidden_dim": 1024,
    "mlp_layers": 2,
    "month_embedding_dim": 16,
    "patience": 20,
    "weight_decay": 1.289677954923274e-06
  },
  "loss": 0.05070959069241333,
  "region_losses": {
    "india_4x4_24_120_240h_mlp": 0.046307929369446055,
    "ethiopia_4x4_24_120_240h_mlp": 0.0551112520153806
  },
  "architecture": "mlp"
}