{
  "hyperparams": {
    "T_0": 30,
    "T_mult": 3,
    "batch_size": 32,
    "dropout_rate": 0.055549354304748486,
    "eta_min": 1.4141077282452289e-08,
    "lead_time_embedding_dim": 8,
    "learning_rate": 2.5033661190762662e-05,
    "mlp_hidden_dim": 512,
    "mlp_layers": 3,
    "num_epochs": 750,
    "weight_decay": 2.1397945389843392e-06
  },
  "loss": 0.31924200718411017,
  "region_losses": {
    "india_6x6_24_120_216h_mlp": 0.8495742284645469
  },
  "architecture": "mlp"
}