{
  "hyperparams": {
    "T_0": 15,
    "T_mult": 3,
    "batch_size": 128,
    "dropout_rate": 0.46037580417730206,
    "eta_min": 1.4666529341349739e-06,
    "lead_time_embedding_dim": 8,
    "learning_rate": 1.2196787088172836e-05,
    "mlp_hidden_dim": 128,
    "mlp_layers": 6,
    "num_epochs": 250,
    "weight_decay": 8.451710583600026e-05
  },
  "loss": 10000000000.0,
  "region_losses": {},
  "architecture": "mlp"
}