{
  "hyperparams": {
    "batch_size": 32,
    "dropout_rate": 0.008037659619654395,
    "lead_time_embedding_dim": 4,
    "learning_rate": 4.018781411141017e-06,
    "min_delta": 7.85478893576539e-06,
    "mlp_hidden_dim": 1024,
    "mlp_layers": 2,
    "month_embedding_dim": 4,
    "patience": 20,
    "weight_decay": 1.9905899983528847e-05
  },
  "loss": 0.0546701559278042,
  "region_losses": {
    "india_4x4_24_120_240h_mlp": 0.04922530796680555,
    "ethiopia_4x4_24_120_240h_mlp": 0.06011500388880285
  },
  "architecture": "mlp"
}