{
  "hyperparams": {
    "T_0": 10,
    "T_mult": 2,
    "batch_size": 64,
    "dropout_rate": 0.11503209750135837,
    "eta_min": 6.010932050969699e-08,
    "lead_time_embedding_dim": 8,
    "learning_rate": 0.00030470032185236353,
    "mlp_hidden_dim": 128,
    "mlp_layers": 2,
    "num_epochs": 250,
    "weight_decay": 0.0002602286407836953
  },
  "loss": 0.34736099038388996,
  "region_losses": {
    "india_6x6_24_120_216h_mlp": 0.9144508720310202
  },
  "architecture": "mlp"
}