{
  "hyperparams": {
    "T_0": 15,
    "T_mult": 3,
    "batch_size": 16,
    "dropout_rate": 0.19171298786229735,
    "eta_min": 2.5191865603991317e-08,
    "lead_time_embedding_dim": 8,
    "learning_rate": 0.00014845724374970388,
    "mlp_hidden_dim": 512,
    "mlp_layers": 2,
    "num_epochs": 100,
    "weight_decay": 7.0860996166200435e-06
  },
  "loss": 0.3398659997291025,
  "region_losses": {
    "india_6x6_24_120_216h_mlp": 0.9045655371634781
  },
  "architecture": "mlp"
}