{
  "hyperparams": {
    "T_0": 20,
    "T_mult": 1,
    "batch_size": 64,
    "dropout_rate": 0.3845455688963847,
    "eta_min": 1.3283986145913184e-07,
    "lead_time_embedding_dim": 8,
    "learning_rate": 0.002082428257070931,
    "mlp_hidden_dim": 512,
    "mlp_layers": 5,
    "num_epochs": 500,
    "weight_decay": 0.002204828923423696
  },
  "loss": 0.3975644462026066,
  "region_losses": {
    "india_6x6_24_120_216h_mlp": 1.0204029063046989
  },
  "architecture": "mlp"
}