{
  "hyperparams": {
    "batch_size": 64,
    "dropout_rate": 0.22896652518909044,
    "hidden_dim": 128,
    "lead_time_embedding_dim": 16,
    "learning_rate": 0.0016941033417601002,
    "min_delta": 9.259147390781565e-05,
    "num_layers": 2,
    "patience": 30,
    "weight_decay": 3.945531230392114e-05
  },
  "loss": 0.06437866960905782,
  "epochs_trained": 125,
  "architecture": "mlp"
}