{
  "hyperparams": {
    "T_0": 30,
    "T_mult": 2,
    "batch_size": 128,
    "dropout_rate": 0.03350783807667446,
    "eta_min": 4.8699952325114615e-08,
    "lead_time_embedding_dim": 32,
    "learning_rate": 0.0008718012570243536,
    "mlp_hidden_dim": 64,
    "mlp_layers": 7,
    "num_epochs": 750,
    "weight_decay": 0.0004444420605227919
  },
  "loss": 0.32713440848927294,
  "region_losses": {
    "india_6x6_24_120_216h_mlp": 0.8334264504130181
  },
  "architecture": "mlp"
}