{
  "hyperparams": {
    "T_0": 5,
    "T_mult": 1,
    "batch_size": 32,
    "dropout_rate": 0.21314119679042887,
    "eta_min": 1.335058591700196e-07,
    "lead_time_embedding_dim": 8,
    "learning_rate": 6.643032013357052e-06,
    "mlp_hidden_dim": 64,
    "mlp_layers": 2,
    "num_epochs": 100,
    "weight_decay": 0.00046749146881536045
  },
  "loss": 10000000000.0,
  "region_losses": {},
  "architecture": "mlp"
}