{
  "hyperparams": {
    "batch_size": 128,
    "dropout_rate": 0.24957283323047524,
    "lead_time_embedding_dim": 8,
    "learning_rate": 6.88903268441351e-05,
    "min_delta": 0.00016301086501486372,
    "mlp_hidden_dim": 1024,
    "mlp_layers": 5,
    "month_embedding_dim": 32,
    "patience": 70,
    "weight_decay": 0.006356810626323945
  },
  "loss": 0.15633915771721152,
  "region_losses": {
    "india_4x4_24_120_240h_mlp": 0.10908577203887554,
    "ethiopia_4x4_24_120_240h_mlp": 0.20359254339554747
  },
  "architecture": "mlp"
}