{
  "hyperparams": {
    "batch_size": 256,
    "dropout_rate": 0.26869267593227836,
    "hidden_dim": 512,
    "lead_time_embedding_dim": 8,
    "learning_rate": 0.00013377846611980926,
    "min_delta": 3.569469769612664e-05,
    "num_layers": 3,
    "patience": 15,
    "weight_decay": 1.660063756296159e-06
  },
  "loss": 0.06207137122629973,
  "epochs_trained": 204,
  "architecture": "mlp"
}