{
  "hyperparams": {
    "batch_size": 128,
    "dropout_rate": 0.07552505169883045,
    "hidden_dim": 1024,
    "lead_time_embedding_dim": 8,
    "learning_rate": 0.008152395852037976,
    "min_delta": 0.0002674457288002868,
    "num_layers": 3,
    "patience": 100,
    "weight_decay": 0.003078431380495998
  },
  "loss": 0.6832727193832397,
  "epochs_trained": 194,
  "architecture": "mlp"
}