{
  "hyperparams": {
    "batch_size": 64,
    "dropout_rate": 0.42030529224979896,
    "lead_time_embedding_dim": 4,
    "learning_rate": 0.000666055336430287,
    "min_delta": 0.0001621186881816885,
    "mlp_hidden_dim": 1024,
    "mlp_layers": 4,
    "month_embedding_dim": 32,
    "patience": 70,
    "weight_decay": 1.5392120576756088e-06
  },
  "loss": 0.09843751367252151,
  "region_losses": {
    "india_4x4_24_120_240h_mlp": 0.11611837049382367,
    "ethiopia_4x4_24_120_240h_mlp": 0.08075665685121935
  },
  "architecture": "mlp"
}