{
  "hyperparams": {
    "batch_size": 32,
    "dropout_rate": 0.2384065244085098,
    "lead_time_embedding_dim": 8,
    "learning_rate": 4.1991979001606886e-05,
    "min_delta": 0.00028952777740873643,
    "mlp_hidden_dim": 1024,
    "mlp_layers": 7,
    "month_embedding_dim": 32,
    "patience": 20,
    "weight_decay": 0.00019883832150354125
  },
  "loss": 0.07515037870853027,
  "region_losses": {
    "india_4x4_24_120_240h_mlp": 0.06843566438124346,
    "ethiopia_4x4_24_120_240h_mlp": 0.08186509303581707
  },
  "architecture": "mlp"
}