{
  "hyperparams": {
    "T_0": 30,
    "T_mult": 2,
    "batch_size": 128,
    "dropout_rate": 0.3907872152861871,
    "eta_min": 8.630913703985567e-06,
    "lead_time_embedding_dim": 16,
    "learning_rate": 1.714384373759127e-05,
    "mlp_hidden_dim": 512,
    "mlp_layers": 7,
    "num_epochs": 100,
    "weight_decay": 1.8060238415731003e-06
  },
  "loss": 10000000000.0,
  "region_losses": {},
  "architecture": "mlp"
}