{
  "hyperparams": {
    "batch_size": 16,
    "dropout_rate": 0.46387484815465024,
    "lead_time_embedding_dim": 16,
    "learning_rate": 2.5489739486504338e-05,
    "min_delta": 0.0007443202415098636,
    "mlp_hidden_dim": 64,
    "mlp_layers": 6,
    "month_embedding_dim": 32,
    "patience": 50,
    "weight_decay": 0.0015286778781792244
  },
  "loss": 0.18305099604887773,
  "region_losses": {
    "india_4x4_24_120_240h_mlp": 0.15855820135506044,
    "ethiopia_4x4_24_120_240h_mlp": 0.20754379074269502
  },
  "architecture": "mlp"
}