{
  "hyperparams": {
    "T_0": 5,
    "T_mult": 1,
    "batch_size": 128,
    "dropout_rate": 0.38718881001789063,
    "eta_min": 8.876257357761953e-08,
    "lead_time_embedding_dim": 8,
    "learning_rate": 0.0036172337634807175,
    "mlp_hidden_dim": 512,
    "mlp_layers": 2,
    "num_epochs": 500,
    "weight_decay": 5.836081571518708e-05
  },
  "loss": 0.3595783735522102,
  "region_losses": {
    "india_6x6_24_120_216h_mlp": 0.9278920040292254
  },
  "architecture": "mlp"
}