{
  "hyperparams": {
    "batch_size": 128,
    "dropout_rate": 0.32482785979236384,
    "lead_time_embedding_dim": 32,
    "learning_rate": 0.00020537396460348553,
    "min_delta": 0.0009722920740835628,
    "mlp_hidden_dim": 64,
    "mlp_layers": 4,
    "month_embedding_dim": 8,
    "patience": 30,
    "weight_decay": 0.00046746462249523755
  },
  "loss": 0.1581570954371772,
  "region_losses": {
    "india_4x4_24_120_240h_mlp": 0.17606741255004812,
    "ethiopia_4x4_24_120_240h_mlp": 0.14024677832430632
  },
  "architecture": "mlp"
}