{
  "hyperparams": {
    "T_0": 10,
    "T_mult": 1,
    "batch_size": 128,
    "dropout_rate": 0.12009674301121576,
    "eta_min": 1.4368860663920535e-07,
    "lead_time_embedding_dim": 4,
    "learning_rate": 4.504683205922764e-06,
    "mlp_hidden_dim": 128,
    "mlp_layers": 2,
    "num_epochs": 100,
    "weight_decay": 3.745431024958385e-06
  },
  "loss": 10000000000.0,
  "region_losses": {},
  "architecture": "mlp"
}