{
  "hyperparams": {
    "batch_size": 128,
    "dropout_rate": 0.2597678801762096,
    "lead_time_embedding_dim": 4,
    "learning_rate": 0.00014605312184312166,
    "min_delta": 2.3639595466717623e-05,
    "mlp_hidden_dim": 1024,
    "mlp_layers": 2,
    "month_embedding_dim": 16,
    "patience": 70,
    "weight_decay": 2.3444159046811197e-05
  },
  "loss": 0.05308909457025002,
  "region_losses": {
    "india_4x4_24_120_240h_mlp": 0.049002755880527014,
    "ethiopia_4x4_24_120_240h_mlp": 0.05717543325997303
  },
  "architecture": "mlp"
}