{
  "hyperparams": {
    "batch_size": 128,
    "dropout_rate": 0.2066245534239058,
    "lead_time_embedding_dim": 4,
    "learning_rate": 5.947132446516381e-05,
    "min_delta": 8.180070718501875e-05,
    "mlp_hidden_dim": 1024,
    "mlp_layers": 2,
    "month_embedding_dim": 16,
    "patience": 70,
    "weight_decay": 3.868989861499402e-06
  },
  "loss": 0.04985620145296003,
  "region_losses": {
    "india_4x4_24_120_240h_mlp": 0.044546886041786124,
    "ethiopia_4x4_24_120_240h_mlp": 0.055165516864133936
  },
  "architecture": "mlp"
}