{
  "hyperparams": {
    "T_0": 10,
    "T_mult": 3,
    "batch_size": 16,
    "dropout_rate": 0.49907023367857156,
    "eta_min": 1.112157183008379e-06,
    "lead_time_embedding_dim": 8,
    "learning_rate": 0.005743834890891838,
    "mlp_hidden_dim": 1024,
    "mlp_layers": 3,
    "num_epochs": 500,
    "weight_decay": 0.0009420047986795084
  },
  "loss": 10000000000.0,
  "region_losses": {},
  "architecture": "mlp"
}