{
  "hyperparams": {
    "T_0": 10,
    "T_mult": 3,
    "batch_size": 32,
    "dropout_rate": 0.3090936433868152,
    "eta_min": 9.734915453109916e-06,
    "lead_time_embedding_dim": 4,
    "learning_rate": 0.00016587831874216997,
    "mlp_hidden_dim": 512,
    "mlp_layers": 6,
    "num_epochs": 250,
    "weight_decay": 0.007150836318608091
  },
  "loss": 10000000000.0,
  "region_losses": {},
  "architecture": "mlp"
}