{
  "hyperparams": {
    "T_0": 30,
    "T_mult": 3,
    "batch_size": 128,
    "dropout_rate": 0.41943389945619314,
    "eta_min": 8.132118545189073e-08,
    "lead_time_embedding_dim": 16,
    "learning_rate": 1.92956789144357e-05,
    "mlp_hidden_dim": 64,
    "mlp_layers": 3,
    "num_epochs": 500,
    "weight_decay": 0.00018984899635578347
  },
  "loss": 0.3744803650810746,
  "region_losses": {
    "india_6x6_24_120_216h_mlp": 0.9867910745646128
  },
  "architecture": "mlp"
}