{
  "hyperparams": {
    "T_0": 15,
    "T_mult": 2,
    "batch_size": 64,
    "dropout_rate": 0.2522564719269202,
    "eta_min": 4.706375950386309e-08,
    "lead_time_embedding_dim": 16,
    "learning_rate": 0.0005246394223177945,
    "mlp_hidden_dim": 512,
    "mlp_layers": 6,
    "num_epochs": 750,
    "weight_decay": 0.0017845385561720182
  },
  "loss": 0.3428689770471762,
  "region_losses": {
    "india_6x6_24_120_216h_mlp": 0.8693612038944881
  },
  "architecture": "mlp"
}