{
  "hyperparams": {
    "T_0": 10,
    "T_mult": 1,
    "batch_size": 16,
    "dropout_rate": 0.4326239943201888,
    "eta_min": 3.0219812075892988e-06,
    "lead_time_embedding_dim": 32,
    "learning_rate": 3.6608928395143293e-06,
    "mlp_hidden_dim": 256,
    "mlp_layers": 6,
    "num_epochs": 750,
    "weight_decay": 0.00039007607660852546
  },
  "loss": 0.39444722521170766,
  "region_losses": {
    "india_6x6_24_120_216h_mlp": 1.0347876911013236
  },
  "architecture": "mlp"
}