{
  "hyperparams": {
    "T_0": 5,
    "T_mult": 3,
    "batch_size": 64,
    "dropout_rate": 0.32814701024295767,
    "eta_min": 2.6231905231876635e-08,
    "lead_time_embedding_dim": 16,
    "learning_rate": 5.755770348126365e-05,
    "mlp_hidden_dim": 128,
    "mlp_layers": 3,
    "num_epochs": 750,
    "weight_decay": 3.7947658891613885e-05
  },
  "loss": 10000000000.0,
  "region_losses": {},
  "architecture": "mlp"
}