{
  "hyperparams": {
    "T_0": 10,
    "T_mult": 1,
    "batch_size": 128,
    "dropout_rate": 0.3170194012186501,
    "eta_min": 1.0464285943814749e-06,
    "lead_time_embedding_dim": 4,
    "learning_rate": 0.00019692286362293956,
    "mlp_hidden_dim": 256,
    "mlp_layers": 3,
    "num_epochs": 500,
    "weight_decay": 0.00158659594857339
  },
  "loss": 10000000000.0,
  "region_losses": {},
  "architecture": "mlp"
}