{
  "hyperparams": {
    "batch_size": 64,
    "dropout_rate": 0.3437152056144026,
    "hidden_dim": 1024,
    "lead_time_embedding_dim": 16,
    "learning_rate": 9.97089477354936e-05,
    "min_delta": 2.361893330584466e-05,
    "num_layers": 2,
    "patience": 30,
    "weight_decay": 7.417094589773972e-05
  },
  "loss": 0.053844654519170594,
  "epochs_trained": 282,
  "architecture": "mlp"
}