{
  "hyperparams": {
    "batch_size": 64,
    "dropout_rate": 0.2957920752123917,
    "hidden_dim": 128,
    "lead_time_embedding_dim": 8,
    "learning_rate": 0.001326111231408099,
    "min_delta": 0.00022478769919792406,
    "num_layers": 5,
    "patience": 30,
    "weight_decay": 0.0010605992923813203
  },
  "loss": 0.08680380229546222,
  "epochs_trained": 51,
  "architecture": "mlp"
}