{
  "hyperparams": {
    "T_0": 5,
    "T_mult": 3,
    "batch_size": 32,
    "dropout_rate": 0.4151450048272809,
    "eta_min": 6.331315031691075e-08,
    "lead_time_embedding_dim": 16,
    "learning_rate": 0.009026343994857425,
    "mlp_hidden_dim": 64,
    "mlp_layers": 5,
    "num_epochs": 100,
    "weight_decay": 0.00827720730516138
  },
  "loss": 0.35270059583893154,
  "region_losses": {
    "india_6x6_24_120_216h_mlp": 0.8497405685755012
  },
  "architecture": "mlp"
}