{
  "hyperparams": {
    "T_0": 10,
    "T_mult": 3,
    "batch_size": 128,
    "dropout_rate": 0.0041308080432473915,
    "eta_min": 2.962331134681571e-06,
    "lead_time_embedding_dim": 16,
    "learning_rate": 3.8600046918086356e-05,
    "mlp_hidden_dim": 64,
    "mlp_layers": 7,
    "num_epochs": 300,
    "weight_decay": 0.0021157387978149
  },
  "loss": 10000000000.0,
  "region_losses": {},
  "architecture": "mlp"
}