{
  "hyperparams": {
    "batch_size": 64,
    "dropout_rate": 0.27456949795531704,
    "lead_time_embedding_dim": 8,
    "learning_rate": 1.1224147791284072e-06,
    "min_delta": 1.436729373467984e-06,
    "mlp_hidden_dim": 128,
    "mlp_layers": 3,
    "month_embedding_dim": 16,
    "patience": 70,
    "weight_decay": 0.003229278886728375
  },
  "loss": 0.18036284213398873,
  "region_losses": {
    "india_4x4_24_120_240h_mlp": 0.1528325892860762,
    "ethiopia_4x4_24_120_240h_mlp": 0.20789309498190126
  },
  "architecture": "mlp"
}