{
  "hyperparams": {
    "T_0": 30,
    "T_mult": 1,
    "batch_size": 64,
    "dropout_rate": 0.06863462765151404,
    "eta_min": 1.955145778892268e-06,
    "lead_time_embedding_dim": 8,
    "learning_rate": 2.0514270040054503e-06,
    "mlp_hidden_dim": 256,
    "mlp_layers": 5,
    "num_epochs": 100,
    "weight_decay": 3.085943956975879e-05
  },
  "loss": 10000000000.0,
  "region_losses": {},
  "architecture": "mlp"
}