{
  "hyperparams": {
    "T_0": 10,
    "T_mult": 2,
    "batch_size": 32,
    "dropout_rate": 0.21071393601935196,
    "eta_min": 6.870263719935063e-06,
    "lead_time_embedding_dim": 8,
    "learning_rate": 1.3737271325823185e-05,
    "mlp_hidden_dim": 256,
    "mlp_layers": 6,
    "num_epochs": 100,
    "weight_decay": 0.007949854155000985
  },
  "loss": 10000000000.0,
  "region_losses": {},
  "architecture": "mlp"
}