{
  "hyperparams": {
    "batch_size": 32,
    "dropout_rate": 0.21497679979471382,
    "lead_time_embedding_dim": 4,
    "learning_rate": 3.088995924352822e-05,
    "min_delta": 0.0005542669600558346,
    "mlp_hidden_dim": 1024,
    "mlp_layers": 2,
    "month_embedding_dim": 4,
    "patience": 20,
    "weight_decay": 5.673984499896002e-05
  },
  "loss": 0.0594519369736408,
  "region_losses": {
    "india_4x4_24_120_240h_mlp": 0.05338698512586214,
    "ethiopia_4x4_24_120_240h_mlp": 0.06551688882141946
  },
  "architecture": "mlp"
}