{
  "hyperparams": {
    "batch_size": 64,
    "dropout_rate": 0.25158019048874614,
    "hidden_dim": 128,
    "lead_time_embedding_dim": 16,
    "learning_rate": 5.731567232266449e-05,
    "min_delta": 1.8338346065701272e-05,
    "num_layers": 6,
    "patience": 30,
    "weight_decay": 9.29498258676003e-06
  },
  "loss": 0.062146965337563434,
  "epochs_trained": 482,
  "architecture": "mlp"
}