{
  "hyperparams": {
    "T_0": 10,
    "T_mult": 2,
    "batch_size": 128,
    "dropout_rate": 0.0008734170655490259,
    "eta_min": 4.641285692318007e-08,
    "lead_time_embedding_dim": 32,
    "learning_rate": 9.785005410313341e-05,
    "mlp_hidden_dim": 256,
    "mlp_layers": 4,
    "num_epochs": 500,
    "weight_decay": 2.572565540109494e-05
  },
  "loss": 10000000000.0,
  "region_losses": {},
  "architecture": "mlp"
}