{
  "hyperparams": {
    "batch_size": 64,
    "dropout_rate": 0.33487639247230055,
    "hidden_dim": 1024,
    "lead_time_embedding_dim": 4,
    "learning_rate": 0.0009266328220223206,
    "min_delta": 2.1477500819636177e-05,
    "num_layers": 3,
    "patience": 50,
    "weight_decay": 2.8201551858265713e-06
  },
  "loss": 0.6331079006195068,
  "epochs_trained": 74,
  "architecture": "mlp"
}