{
  "hyperparams": {
    "T_0": 10,
    "T_mult": 3,
    "batch_size": 64,
    "dropout_rate": 0.2754212001294511,
    "eta_min": 1.3175145832044329e-08,
    "lead_time_embedding_dim": 16,
    "learning_rate": 0.00020301548646172457,
    "mlp_hidden_dim": 512,
    "mlp_layers": 6,
    "num_epochs": 750,
    "weight_decay": 6.178731311184197e-06
  },
  "loss": 10000000000.0,
  "region_losses": {},
  "architecture": "mlp"
}