{
  "hyperparams": {
    "T_0": 30,
    "T_mult": 3,
    "batch_size": 16,
    "dropout_rate": 0.08125216201659544,
    "eta_min": 1.9276859802392064e-08,
    "lead_time_embedding_dim": 32,
    "learning_rate": 6.191886156636334e-05,
    "mlp_hidden_dim": 512,
    "mlp_layers": 2,
    "num_epochs": 750,
    "weight_decay": 4.310396683677657e-06
  },
  "loss": 0.42339730094647227,
  "region_losses": {
    "india_6x6_24_120_216h_mlp": 1.155973293879419
  },
  "architecture": "mlp"
}