{
  "hyperparams": {
    "T_0": 5,
    "T_mult": 2,
    "batch_size": 16,
    "dropout_rate": 0.18774133514185576,
    "eta_min": 8.464809148457954e-06,
    "lead_time_embedding_dim": 32,
    "learning_rate": 4.580976942640139e-06,
    "mlp_hidden_dim": 1024,
    "mlp_layers": 7,
    "num_epochs": 750,
    "weight_decay": 7.517519229654529e-06
  },
  "loss": 10000000000.0,
  "region_losses": {},
  "architecture": "mlp"
}