{
  "hyperparams": {
    "T_0": 15,
    "T_mult": 2,
    "batch_size": 64,
    "dropout_rate": 0.24918912877964539,
    "eta_min": 3.5416356636001817e-06,
    "lead_time_embedding_dim": 8,
    "learning_rate": 0.0005553928851416187,
    "mlp_hidden_dim": 1024,
    "mlp_layers": 5,
    "num_epochs": 100,
    "weight_decay": 0.00247033573093201
  },
  "loss": 0.31897938332597586,
  "region_losses": {
    "india_6x6_24_120_216h_mlp": 0.791850411863073
  },
  "architecture": "mlp"
}