{
  "hyperparams": {
    "batch_size": 256,
    "dropout_rate": 0.39058533690866887,
    "hidden_dim": 512,
    "lead_time_embedding_dim": 8,
    "learning_rate": 8.118506356443566e-05,
    "min_delta": 2.7152278003107504e-05,
    "num_layers": 5,
    "patience": 70,
    "weight_decay": 1.370654998739577e-05
  },
  "loss": 0.05828538514008784,
  "epochs_trained": 1000,
  "architecture": "mlp"
}