{
  "hyperparams": {
    "T_0": 30,
    "T_mult": 1,
    "batch_size": 32,
    "dropout_rate": 0.14253442497399887,
    "eta_min": 9.501388228627248e-06,
    "lead_time_embedding_dim": 8,
    "learning_rate": 0.0005557208108940121,
    "mlp_hidden_dim": 64,
    "mlp_layers": 6,
    "num_epochs": 750,
    "weight_decay": 2.3861262788393572e-05
  },
  "loss": 10000000000.0,
  "region_losses": {},
  "architecture": "mlp"
}