{
  "hyperparams": {
    "T_0": 5,
    "T_mult": 3,
    "batch_size": 64,
    "dropout_rate": 0.14436824500450848,
    "eta_min": 2.1491253503355182e-07,
    "lead_time_embedding_dim": 16,
    "learning_rate": 0.004739138175924028,
    "mlp_hidden_dim": 128,
    "mlp_layers": 4,
    "num_epochs": 100,
    "weight_decay": 4.2102149081460716e-05
  },
  "loss": 0.35960852806771754,
  "region_losses": {
    "india_6x6_24_120_216h_mlp": 0.9452943951973903
  },
  "architecture": "mlp"
}