{
  "hyperparams": {
    "T_0": 15,
    "T_mult": 2,
    "batch_size": 16,
    "dropout_rate": 0.4643389992541429,
    "eta_min": 4.2532028001850756e-08,
    "lead_time_embedding_dim": 8,
    "learning_rate": 0.002570002535886504,
    "mlp_hidden_dim": 512,
    "mlp_layers": 3,
    "num_epochs": 50,
    "weight_decay": 0.0037124124512718393
  },
  "loss": 0.4191090935967184,
  "region_losses": {
    "india_6x6_24_120_216h_mlp": 1.084407135158705
  },
  "architecture": "mlp"
}