{
  "hyperparams": {
    "batch_size": 64,
    "dropout_rate": 0.2938335176248742,
    "lead_time_embedding_dim": 4,
    "learning_rate": 2.418155951506074e-05,
    "min_delta": 0.0006445828123394671,
    "mlp_hidden_dim": 1024,
    "mlp_layers": 4,
    "month_embedding_dim": 8,
    "patience": 50,
    "weight_decay": 1.1135740756252163e-06
  },
  "loss": 0.058152545944267074,
  "region_losses": {
    "india_4x4_24_120_240h_mlp": 0.05176614358858567,
    "ethiopia_4x4_24_120_240h_mlp": 0.06453894829994848
  },
  "architecture": "mlp"
}