{
  "hyperparams": {
    "batch_size": 128,
    "dropout_rate": 0.44565714660374894,
    "lead_time_embedding_dim": 16,
    "learning_rate": 6.693635691023818e-05,
    "min_delta": 1.5200197447516479e-05,
    "mlp_hidden_dim": 128,
    "mlp_layers": 4,
    "month_embedding_dim": 32,
    "patience": 50,
    "weight_decay": 0.0001842539802335226
  },
  "loss": 0.1418559602314648,
  "region_losses": {
    "india_4x4_24_120_240h_mlp": 0.17666029354952179,
    "ethiopia_4x4_24_120_240h_mlp": 0.10705162691340783
  },
  "architecture": "mlp"
}