{
  "hyperparams": {
    "T_0": 10,
    "T_mult": 3,
    "batch_size": 64,
    "dropout_rate": 0.2750157157193701,
    "eta_min": 1.183065867676044e-06,
    "lead_time_embedding_dim": 16,
    "learning_rate": 0.001620053798500909,
    "mlp_hidden_dim": 128,
    "mlp_layers": 7,
    "num_epochs": 250,
    "weight_decay": 3.7758951822998232e-06
  },
  "loss": 0.32863310710060595,
  "region_losses": {
    "india_6x6_24_120_216h_mlp": 0.8513229382528809
  },
  "architecture": "mlp"
}