{
  "hyperparams": {
    "T_0": 10,
    "T_mult": 3,
    "batch_size": 64,
    "dropout_rate": 0.4979137700608481,
    "eta_min": 9.956218314539168e-06,
    "lead_time_embedding_dim": 16,
    "learning_rate": 0.0018883913644156488,
    "mlp_hidden_dim": 128,
    "mlp_layers": 7,
    "num_epochs": 500,
    "weight_decay": 0.0006548922217573387
  },
  "loss": 0.3608371693714408,
  "region_losses": {
    "india_6x6_24_120_216h_mlp": 0.9114184642963779
  },
  "architecture": "mlp"
}