{
  "hyperparams": {
    "batch_size": 128,
    "dropout_rate": 0.20247807586929054,
    "lead_time_embedding_dim": 4,
    "learning_rate": 1.2589130586637707e-05,
    "min_delta": 0.0008651820592420427,
    "mlp_hidden_dim": 1024,
    "mlp_layers": 2,
    "month_embedding_dim": 16,
    "patience": 70,
    "weight_decay": 4.1232807230776324e-05
  },
  "loss": 0.05445127762717156,
  "region_losses": {
    "india_4x4_24_120_240h_mlp": 0.04899477961032915,
    "ethiopia_4x4_24_120_240h_mlp": 0.059907775644013964
  },
  "architecture": "mlp"
}