{
  "hyperparams": {
    "T_0": 15,
    "T_mult": 3,
    "batch_size": 16,
    "dropout_rate": 0.32812157847758183,
    "eta_min": 1.119509531032765e-07,
    "lead_time_embedding_dim": 16,
    "learning_rate": 4.831398282772926e-06,
    "mlp_hidden_dim": 512,
    "mlp_layers": 4,
    "num_epochs": 500,
    "weight_decay": 0.00023857599290359933
  },
  "loss": 0.3421389458214931,
  "region_losses": {
    "india_6x6_24_120_216h_mlp": 0.8960700274668363
  },
  "architecture": "mlp"
}