{
  "hyperparams": {
    "T_0": 15,
    "T_mult": 3,
    "batch_size": 64,
    "dropout_rate": 0.1559179309468896,
    "eta_min": 6.294382568840018e-08,
    "lead_time_embedding_dim": 8,
    "learning_rate": 4.40224985301707e-06,
    "mlp_hidden_dim": 256,
    "mlp_layers": 3,
    "num_epochs": 750,
    "weight_decay": 0.00012047664425562186
  },
  "loss": 0.35129905300349845,
  "region_losses": {
    "india_6x6_24_120_216h_mlp": 0.9245186051214002
  },
  "architecture": "mlp"
}