{
  "hyperparams": {
    "T_0": 10,
    "T_mult": 3,
    "batch_size": 16,
    "dropout_rate": 0.3801222305420525,
    "eta_min": 2.3103417953689638e-08,
    "lead_time_embedding_dim": 4,
    "learning_rate": 5.1782045694383065e-05,
    "mlp_hidden_dim": 1024,
    "mlp_layers": 2,
    "num_epochs": 750,
    "weight_decay": 0.006909262891415001
  },
  "loss": 10000000000.0,
  "region_losses": {},
  "architecture": "mlp"
}