{
  "hyperparams": {
    "batch_size": 64,
    "dropout_rate": 0.4389889394291312,
    "hidden_dim": 1024,
    "lead_time_embedding_dim": 32,
    "learning_rate": 0.000714601333875612,
    "min_delta": 5.459195262026785e-05,
    "num_layers": 2,
    "patience": 70,
    "weight_decay": 0.0002323481228989459
  },
  "loss": 0.06880486828170597,
  "epochs_trained": 100,
  "architecture": "mlp"
}