{
  "hyperparams": {
    "batch_size": 128,
    "dropout_rate": 0.21937657360467527,
    "hidden_dim": 1024,
    "lead_time_embedding_dim": 8,
    "learning_rate": 0.00010695867758397138,
    "min_delta": 1.5407260322074562e-05,
    "num_layers": 4,
    "patience": 30,
    "weight_decay": 9.617794346248446e-06
  },
  "loss": 0.05727902511532194,
  "epochs_trained": 266,
  "architecture": "mlp"
}