{
  "hyperparams": {
    "T_0": 10,
    "T_mult": 1,
    "batch_size": 16,
    "dropout_rate": 0.15632749832520748,
    "eta_min": 3.2445000049573405e-07,
    "lead_time_embedding_dim": 8,
    "learning_rate": 0.0015395738115221284,
    "mlp_hidden_dim": 64,
    "mlp_layers": 3,
    "num_epochs": 750,
    "weight_decay": 9.087964141322302e-06
  },
  "loss": 10000000000.0,
  "region_losses": {},
  "architecture": "mlp"
}