{
  "hyperparams": {
    "batch_size": 256,
    "dropout_rate": 0.2148192846112697,
    "hidden_dim": 256,
    "lead_time_embedding_dim": 32,
    "learning_rate": 0.0002811502295426656,
    "min_delta": 0.00011065600929923271,
    "num_layers": 2,
    "patience": 30,
    "weight_decay": 1.137195192234532e-05
  },
  "loss": 0.05812597341809718,
  "epochs_trained": 300,
  "architecture": "mlp"
}