{
  "hyperparams": {
    "T_0": 30,
    "T_mult": 1,
    "batch_size": 128,
    "dropout_rate": 0.3502093051652334,
    "eta_min": 5.022084646428123e-06,
    "lead_time_embedding_dim": 4,
    "learning_rate": 0.0004589724631949305,
    "mlp_hidden_dim": 256,
    "mlp_layers": 3,
    "num_epochs": 250,
    "weight_decay": 0.005597925606203917
  },
  "loss": 0.37132562539012975,
  "region_losses": {
    "india_6x6_24_120_216h_mlp": 0.9386740876745081
  },
  "architecture": "mlp"
}