{
  "hyperparams": {
    "T_0": 15,
    "T_mult": 3,
    "batch_size": 64,
    "dropout_rate": 0.10123138013922367,
    "eta_min": 1.4214546631214542e-06,
    "lead_time_embedding_dim": 4,
    "learning_rate": 0.00039041774907555945,
    "mlp_hidden_dim": 64,
    "mlp_layers": 4,
    "num_epochs": 750,
    "weight_decay": 1.656273189109363e-05
  },
  "loss": 0.3431603208727676,
  "region_losses": {
    "india_6x6_24_120_216h_mlp": 0.9113681021960538
  },
  "architecture": "mlp"
}