{
  "hyperparams": {
    "T_0": 15,
    "T_mult": 3,
    "batch_size": 128,
    "dropout_rate": 0.24085996202417054,
    "eta_min": 1.4821749507864286e-07,
    "lead_time_embedding_dim": 16,
    "learning_rate": 9.008143870818762e-05,
    "mlp_hidden_dim": 512,
    "mlp_layers": 6,
    "num_epochs": 500,
    "weight_decay": 5.294614982475005e-06
  },
  "loss": 0.3959746857394875,
  "region_losses": {
    "india_6x6_24_120_216h_mlp": 1.0710291947637285
  },
  "architecture": "mlp"
}