{
  "hyperparams": {
    "T_0": 10,
    "T_mult": 2,
    "batch_size": 128,
    "dropout_rate": 0.14209958490241104,
    "eta_min": 9.751987268375674e-07,
    "lead_time_embedding_dim": 8,
    "learning_rate": 1.0170311060938228e-06,
    "mlp_hidden_dim": 128,
    "mlp_layers": 3,
    "num_epochs": 100,
    "weight_decay": 1.3704511606846691e-06
  },
  "loss": 10000000000.0,
  "region_losses": {},
  "architecture": "mlp"
}