{
  "hyperparams": {
    "batch_size": 128,
    "dropout_rate": 0.26028477271473,
    "hidden_dim": 64,
    "lead_time_embedding_dim": 32,
    "learning_rate": 0.0024996114214344894,
    "min_delta": 3.9213475983203493e-05,
    "num_layers": 5,
    "patience": 30,
    "weight_decay": 2.1315409958223562e-05
  },
  "loss": 0.06846090267823779,
  "epochs_trained": 246,
  "architecture": "mlp"
}