{
  "hyperparams": {
    "T_0": 30,
    "T_mult": 3,
    "batch_size": 64,
    "dropout_rate": 0.49099606206991697,
    "eta_min": 3.61974951114277e-08,
    "lead_time_embedding_dim": 4,
    "learning_rate": 1.2546326356688395e-05,
    "mlp_hidden_dim": 512,
    "mlp_layers": 6,
    "num_epochs": 750,
    "weight_decay": 0.0005701440933966514
  },
  "loss": 0.37321064918284935,
  "region_losses": {
    "india_6x6_24_120_216h_mlp": 0.9693538331523646
  },
  "architecture": "mlp"
}