{
  "hyperparams": {
    "T_0": 20,
    "T_mult": 1,
    "batch_size": 32,
    "dropout_rate": 0.35380267521135383,
    "eta_min": 2.608555042655611e-07,
    "lead_time_embedding_dim": 8,
    "learning_rate": 1.813943392005717e-05,
    "mlp_hidden_dim": 128,
    "mlp_layers": 6,
    "num_epochs": 750,
    "weight_decay": 0.00013096501796685243
  },
  "loss": 0.374468217724713,
  "region_losses": {
    "india_6x6_24_120_216h_mlp": 0.9862284397674819
  },
  "architecture": "mlp"
}