{
  "hyperparams": {
    "T_0": 20,
    "T_mult": 3,
    "batch_size": 128,
    "dropout_rate": 0.05482608017548331,
    "eta_min": 5.021287341899686e-06,
    "lead_time_embedding_dim": 32,
    "learning_rate": 2.1929665044338152e-05,
    "mlp_hidden_dim": 256,
    "mlp_layers": 4,
    "num_epochs": 50,
    "weight_decay": 3.1166642951218935e-06
  },
  "loss": 10000000000.0,
  "region_losses": {},
  "architecture": "mlp"
}