{
  "hyperparams": {
    "batch_size": 128,
    "dropout_rate": 0.27973535716325587,
    "lead_time_embedding_dim": 4,
    "learning_rate": 0.00012674784687835585,
    "min_delta": 6.477335272748823e-05,
    "mlp_hidden_dim": 1024,
    "mlp_layers": 2,
    "month_embedding_dim": 16,
    "patience": 70,
    "weight_decay": 1.813709797125983e-05
  },
  "loss": 0.05134577797549268,
  "region_losses": {
    "india_4x4_24_120_240h_mlp": 0.045503569607468326,
    "ethiopia_4x4_24_120_240h_mlp": 0.05718798634351704
  },
  "architecture": "mlp"
}