{
  "hyperparams": {
    "T_0": 10,
    "T_mult": 2,
    "batch_size": 16,
    "dropout_rate": 0.2065841105124694,
    "eta_min": 3.112697512046274e-08,
    "lead_time_embedding_dim": 8,
    "learning_rate": 0.005096746873176431,
    "mlp_hidden_dim": 512,
    "mlp_layers": 2,
    "num_epochs": 750,
    "weight_decay": 7.341603925899448e-05
  },
  "loss": 0.3359218314066299,
  "region_losses": {
    "india_6x6_24_120_216h_mlp": 0.883201588585648
  },
  "architecture": "mlp"
}