{
  "hyperparams": {
    "batch_size": 128,
    "dropout_rate": 0.04395228039165034,
    "lead_time_embedding_dim": 4,
    "learning_rate": 6.225087412185424e-05,
    "min_delta": 4.9311145762330824e-05,
    "mlp_hidden_dim": 256,
    "mlp_layers": 6,
    "month_embedding_dim": 4,
    "patience": 70,
    "weight_decay": 8.368797582409751e-06
  },
  "loss": 0.05993469184214256,
  "region_losses": {
    "india_4x4_24_120_240h_mlp": 0.05346464715354542,
    "ethiopia_4x4_24_120_240h_mlp": 0.06640473653073971
  },
  "architecture": "mlp"
}