{
  "hyperparams": {
    "batch_size": 64,
    "dropout_rate": 0.17835006168059347,
    "hidden_dim": 1024,
    "lead_time_embedding_dim": 8,
    "learning_rate": 0.00013935013858687695,
    "min_delta": 0.00012499499993769007,
    "num_layers": 4,
    "patience": 30,
    "weight_decay": 0.0007093121025511234
  },
  "loss": 0.07358525777633078,
  "epochs_trained": 94,
  "architecture": "mlp"
}