{
  "hyperparams": {
    "T_0": 10,
    "T_mult": 1,
    "batch_size": 64,
    "dropout_rate": 0.17983902700337037,
    "eta_min": 8.567190568795596e-08,
    "lead_time_embedding_dim": 32,
    "learning_rate": 2.9757695329783357e-06,
    "mlp_hidden_dim": 512,
    "mlp_layers": 3,
    "num_epochs": 750,
    "weight_decay": 0.0001879641127427553
  },
  "loss": 10000000000.0,
  "region_losses": {},
  "architecture": "mlp"
}