{
  "hyperparams": {
    "T_0": 30,
    "T_mult": 2,
    "batch_size": 64,
    "dropout_rate": 0.2870121694810096,
    "eta_min": 9.826240368401578e-08,
    "lead_time_embedding_dim": 4,
    "learning_rate": 4.8330478141038235e-06,
    "mlp_hidden_dim": 128,
    "mlp_layers": 6,
    "num_epochs": 500,
    "weight_decay": 6.423289451445345e-05
  },
  "loss": 10000000000.0,
  "region_losses": {},
  "architecture": "mlp"
}