{
  "hyperparams": {
    "T_0": 30,
    "T_mult": 3,
    "batch_size": 16,
    "dropout_rate": 0.23418050950842068,
    "eta_min": 1.2415848916383086e-06,
    "lead_time_embedding_dim": 16,
    "learning_rate": 0.00036364000565404427,
    "mlp_hidden_dim": 512,
    "mlp_layers": 7,
    "num_epochs": 50,
    "weight_decay": 7.435393069285969e-06
  },
  "loss": 0.36960605127524776,
  "region_losses": {
    "india_6x6_24_120_216h_mlp": 0.9817480654173845
  },
  "architecture": "mlp"
}