{
  "hyperparams": {
    "T_0": 20,
    "T_mult": 1,
    "batch_size": 128,
    "dropout_rate": 0.21734323457941462,
    "eta_min": 1.9728829612419067e-08,
    "lead_time_embedding_dim": 32,
    "learning_rate": 0.0019101706268279213,
    "mlp_hidden_dim": 256,
    "mlp_layers": 2,
    "num_epochs": 500,
    "weight_decay": 1.4166548296695935e-05
  },
  "loss": 10000000000.0,
  "region_losses": {},
  "architecture": "mlp"
}