{
  "hyperparams": {
    "T_0": 10,
    "T_mult": 2,
    "batch_size": 128,
    "dropout_rate": 0.12720914239888526,
    "eta_min": 5.932576750310167e-08,
    "lead_time_embedding_dim": 8,
    "learning_rate": 2.994690395796559e-06,
    "mlp_hidden_dim": 1024,
    "mlp_layers": 4,
    "num_epochs": 750,
    "weight_decay": 5.0444536856105564e-05
  },
  "loss": 0.3113449491937142,
  "region_losses": {
    "india_6x6_24_120_216h_mlp": 0.8083623408116671
  },
  "architecture": "mlp"
}