{
  "hyperparams": {
    "T_0": 20,
    "T_mult": 3,
    "batch_size": 16,
    "dropout_rate": 0.40172646980238974,
    "eta_min": 2.403661821545875e-08,
    "lead_time_embedding_dim": 16,
    "learning_rate": 0.0006674031858575969,
    "mlp_hidden_dim": 64,
    "mlp_layers": 4,
    "num_epochs": 50,
    "weight_decay": 3.254895086396716e-05
  },
  "loss": 10000000000.0,
  "region_losses": {},
  "architecture": "mlp"
}