{
  "hyperparams": {
    "T_0": 30,
    "T_mult": 3,
    "batch_size": 16,
    "dropout_rate": 0.3608341721970273,
    "eta_min": 9.842574602207688e-06,
    "lead_time_embedding_dim": 32,
    "learning_rate": 0.001181926851426799,
    "mlp_hidden_dim": 64,
    "mlp_layers": 4,
    "num_epochs": 250,
    "weight_decay": 1.8405322939649771e-06
  },
  "loss": 0.40322081143362914,
  "region_losses": {
    "india_6x6_24_120_216h_mlp": 1.0751904025493464
  },
  "architecture": "mlp"
}