{
  "hyperparams": {
    "T_0": 20,
    "T_mult": 1,
    "batch_size": 64,
    "dropout_rate": 0.15727522475652378,
    "eta_min": 5.808613341147613e-06,
    "lead_time_embedding_dim": 8,
    "learning_rate": 7.4916980044770334e-06,
    "mlp_hidden_dim": 128,
    "mlp_layers": 3,
    "num_epochs": 250,
    "weight_decay": 5.552929559646394e-06
  },
  "loss": 10000000000.0,
  "region_losses": {},
  "architecture": "mlp"
}