{
  "hyperparams": {
    "T_0": 20,
    "T_mult": 1,
    "batch_size": 32,
    "dropout_rate": 0.07760848056329106,
    "eta_min": 4.006997681096683e-08,
    "lead_time_embedding_dim": 32,
    "learning_rate": 1.7137796222742788e-06,
    "mlp_hidden_dim": 512,
    "mlp_layers": 5,
    "num_epochs": 500,
    "weight_decay": 2.942811141246675e-06
  },
  "loss": 10000000000.0,
  "region_losses": {},
  "architecture": "mlp"
}