{
  "hyperparams": {
    "T_0": 30,
    "T_mult": 3,
    "batch_size": 16,
    "dropout_rate": 0.4543410120490445,
    "eta_min": 8.061172550407544e-06,
    "lead_time_embedding_dim": 8,
    "learning_rate": 2.4115251466392817e-06,
    "mlp_hidden_dim": 512,
    "mlp_layers": 3,
    "num_epochs": 750,
    "weight_decay": 2.1336567261038665e-06
  },
  "loss": 0.3577649715595356,
  "region_losses": {
    "india_6x6_24_120_216h_mlp": 0.950775206233341
  },
  "architecture": "mlp"
}