{
  "hyperparams": {
    "batch_size": 64,
    "dropout_rate": 0.12470232169354376,
    "lead_time_embedding_dim": 4,
    "learning_rate": 0.00019238791616323745,
    "min_delta": 1.3029964221588833e-06,
    "mlp_hidden_dim": 1024,
    "mlp_layers": 5,
    "month_embedding_dim": 16,
    "patience": 50,
    "weight_decay": 0.0005406004097699484
  },
  "loss": 0.07625004729509594,
  "region_losses": {
    "india_4x4_24_120_240h_mlp": 0.06624447585804102,
    "ethiopia_4x4_24_120_240h_mlp": 0.08625561873215085
  },
  "architecture": "mlp"
}