{
  "hyperparams": {
    "batch_size": 64,
    "dropout_rate": 0.13949449685352855,
    "lead_time_embedding_dim": 32,
    "learning_rate": 0.001285286084792951,
    "min_delta": 0.00034699983302151723,
    "mlp_hidden_dim": 256,
    "mlp_layers": 6,
    "month_embedding_dim": 4,
    "patience": 70,
    "weight_decay": 1.2156251279985896e-06
  },
  "loss": 0.06534779251439177,
  "region_losses": {
    "india_4x4_24_120_240h_mlp": 0.05910844662446595,
    "ethiopia_4x4_24_120_240h_mlp": 0.07158713840431759
  },
  "architecture": "mlp"
}