{
  "hyperparams": {
    "T_0": 5,
    "T_mult": 2,
    "batch_size": 16,
    "dropout_rate": 0.0907121869707837,
    "eta_min": 6.691971621101855e-08,
    "lead_time_embedding_dim": 8,
    "learning_rate": 0.0005800602191483316,
    "mlp_hidden_dim": 512,
    "mlp_layers": 3,
    "num_epochs": 100,
    "weight_decay": 4.329630050985011e-05
  },
  "loss": 10000000000.0,
  "region_losses": {},
  "architecture": "mlp"
}