{
  "hyperparams": {
    "T_0": 5,
    "T_mult": 3,
    "batch_size": 16,
    "dropout_rate": 0.0395301062246666,
    "eta_min": 5.839774060596318e-07,
    "lead_time_embedding_dim": 8,
    "learning_rate": 0.00011146086072185606,
    "mlp_hidden_dim": 64,
    "mlp_layers": 3,
    "num_epochs": 750,
    "weight_decay": 4.034250099255429e-05
  },
  "loss": 0.310819599729931,
  "region_losses": {
    "india_6x6_24_120_216h_mlp": 0.81462856557121
  },
  "architecture": "mlp"
}