{
  "hyperparams": {
    "T_0": 5,
    "T_mult": 1,
    "batch_size": 64,
    "dropout_rate": 0.48506309973533934,
    "eta_min": 4.339730837131606e-07,
    "lead_time_embedding_dim": 16,
    "learning_rate": 4.265995481059764e-05,
    "mlp_hidden_dim": 64,
    "mlp_layers": 4,
    "num_epochs": 50,
    "weight_decay": 0.0010643426600264662
  },
  "loss": 0.4267711767801566,
  "region_losses": {
    "india_6x6_24_120_216h_mlp": 1.104869549557314
  },
  "architecture": "mlp"
}