{
  "architecture": "mlp",
  "best_hyperparams": {
    "batch_size": 128,
    "dropout_rate": 0.10977252897458344,
    "lead_time_embedding_dim": 4,
    "learning_rate": 4.673747105982307e-05,
    "min_delta": 0.000286450816778278,
    "mlp_hidden_dim": 1024,
    "mlp_layers": 2,
    "month_embedding_dim": 16,
    "patience": 70,
    "weight_decay": 2.8276153644203165e-06
  },
  "best_loss": 0.04874442809618183,
  "best_region_losses": {
    "india_4x4_24_120_240h_mlp": 0.04437316792799371,
    "ethiopia_4x4_24_120_240h_mlp": 0.053115688264369965
  },
  "n_evaluations": 100
}