{
  "architecture": "mlp",
  "best_hyperparams": {
    "T_0": 5,
    "T_mult": 3,
    "batch_size": 64,
    "dropout_rate": 0.354511078130387,
    "eta_min": 6.074182526100606e-06,
    "lead_time_embedding_dim": 16,
    "learning_rate": 0.005422812506137096,
    "mlp_hidden_dim": 128,
    "mlp_layers": 4,
    "num_epochs": 500,
    "weight_decay": 0.0016682916195136595
  },
  "best_loss": 0.3105924419013926,
  "best_region_losses": {
    "india_6x6_24_120_216h_mlp": 0.7679975155479394
  },
  "n_evaluations": 35
}